Player Name	Player Level	Outcome	Ship Name	Ship Level	Ship Strength	Ship XP	Officer One	Officer Two	Officer Three	Hull Health	Hull Health Remaining	Shield Health	Shield Health Remaining	Location	Timestamp
HiggsBozo	59	VICTORY	SS REVENANT	30	178630288	0	Dajash Tolra	Toli	Byr Ch'Kelrer	167923600	17450848	101048709	0	Mehruunahd	2026-04-05 2:04:41 AM
Borg Type 03.1	52	DEFEAT	Borg Type 03.1	52	22871967531008	0	Borg Drone	--	--	36595041106340	0	9148760276585	0	Mehruunahd	2026-04-05 2:04:41 AM

Reward Name	Count
Borg Type 03 Solo Armada Credits	86728
Mega Chest	1

Fleet Type	Attack	Defense	Health	Ship Ability	Captain Maneuver	Officer One Ability	Officer Two Ability	Officer Three Ability	Officer Attack Bonus	Damage Per Round	Armour Pierce	Shield Pierce	Accuracy	Critical Chance	Critical Damage	Officer Defense Bonus	Armour	Shield Deflection	Dodge	Officer Health Bonus	Shield Health	Hull Health	Impulse Speed	Warp Range	Warp Speed	Cargo Capacity	Protected Cargo	Mining Bonus	Debuff applied	Buff applied
Player Fleet 1	4865797	39278336	134486160	Laid to Rest---Phantom's Tithe---Collective's Bane	Safe Cracker	No Locked Doors	The Looking Glass	Excessive Measures	5	4277574	517000	56852	85292	0.22	2.95	5	753528	502370	6599769	5	101048709	167923600	241	441	269.01	7169250	0	1	NO	NO
Enemy Fleet 1	55041436	12429795	22871900422144	Defense Protocol β---Q Juniors Twist---Defense Protocol α	--	--	--	--	0	51903104	523056	523056	523056	0.1	1.5	0	828653	828653	828653	0	9148760588288	36595042353152	80	2	2	0	0	1	NO	NO

Round	Battle Event	Type	Attacker Name	Attacker Alliance	Attacker Ship	Attacker - Is Armada?	Target Name	Target Alliance	Target Ship	Target - Is Armada?	Hyperthermic Decay %	Hyperthermic Stablizer %	Critical Hit?	Hull Damage	Shield Damage	Mitigated Damage	Mitigated Isolytic Damage	Mitigated Apex Barrier	Total Damage	Total Isolytic Damage	Ability Type	Ability Value	Ability Name	Ability Owner Name	Target Defeated	Target Destroyed	Charging Weapons %
1	1	Officer Ability	HiggsBozo	INFINITE	SS REVENANT	YES	--	--	SS REVENANT	NO	--	--	--	--	--	--	--	--	--	--	Officer	3	War's Almost Over	Tom Paris	--	--	--
1	2	Officer Ability	HiggsBozo	INFINITE	SS REVENANT	YES	--	--	SS REVENANT	NO	--	--	--	--	--	--	--	--	--	--	Officer	1	Knock it Down	B'Elanna Torres	--	--	--
1	3	Officer Ability	HiggsBozo	INFINITE	SS REVENANT	YES	--	--	SS REVENANT	NO	--	--	--	--	--	--	--	--	--	--	Officer	1	Now We're Cooking	Neelix	--	--	--
1	4	Officer Ability	HiggsBozo	INFINITE	SS REVENANT	YES	--	--	SS REVENANT	NO	--	--	--	--	--	--	--	--	--	--	Officer	1	The Looking Glass	Toli	--	--	--
1	5	Attack	Borg Type 03.1	--	Borg Type 03.1	NO	HiggsBozo	INFINITE	SS REVENANT	YES	--	--	NO	282091	1285080	3874395	0	0	5441566	0	--	--	--	--	--	--	--
1	6	Attack	Borg Type 03.1	--	Borg Type 03.1	NO	HiggsBozo	INFINITE	SS REVENANT	YES	--	--	NO	284779	1297325	3911313	0	0	5493417	0	--	--	--	--	--	--	--
1	7	Attack	HiggsBozo	INFINITE	SS REVENANT	YES	Borg Type 03.1	--	Borg Type 03.1	NO	--	--	NO	966243520	3425772544	5288380416	0	11978206208	9119411392	12539191296	--	--	--	--	--	--	--
1	8	Attack	HiggsBozo	INFINITE	SS REVENANT	YES	Borg Type 03.1	--	Borg Type 03.1	NO	--	--	YES	6923959808	24548585472	37895761920	0	85834072064	65348369920	89854009344	--	--	--	--	--	--	--
1	9	Attack	HiggsBozo	INFINITE	SS REVENANT	YES	Borg Type 03.1	--	Borg Type 03.1	NO	--	--	NO	901757376	3197139712	4935438848	0	11178791936	8510790336	11702337536	--	--	--	--	--	--	--
1	10	Attack	HiggsBozo	INFINITE	SS REVENANT	YES	Borg Type 03.1	--	Borg Type 03.1	NO	--	--	NO	953121152	3379247872	5216560128	0	11815532544	8995562624	12368899072	--	--	--	--	--	--	--
1	11	Attack	HiggsBozo	INFINITE	SS REVENANT	YES	Borg Type 03.1	--	Borg Type 03.1	NO	--	--	YES	6648642048	23572457472	36388909056	0	82421047296	62749913600	86281142272	--	--	--	--	--	--	--
1	12	Attack	HiggsBozo	INFINITE	SS REVENANT	YES	Borg Type 03.1	--	Borg Type 03.1	NO	--	--	NO	949982080	3368118272	5199378944	0	11776618496	8965936512	12328161280	--	--	--	--	--	--	--
1	13	Attack	HiggsBozo	INFINITE	SS REVENANT	YES	Borg Type 03.1	--	Borg Type 03.1	NO	--	--	NO	880791936	3122807808	4820692480	0	10918890496	8312918912	11430263808	--	--	--	--	--	--	--
1	14	Attack	HiggsBozo	INFINITE	SS REVENANT	YES	Borg Type 03.1	--	Borg Type 03.1	NO	--	--	YES	7054950400	25013006336	38612688896	0	87457923072	66584662016	91553906688	--	--	--	--	--	--	--
1	15	Attack	HiggsBozo	INFINITE	SS REVENANT	YES	Borg Type 03.1	--	Borg Type 03.1	NO	--	--	NO	859108736	3045931008	4702017024	0	10650090496	8108272512	11148874752	--	--	--	--	--	--	--
1	16	Attack	HiggsBozo	INFINITE	SS REVENANT	YES	Borg Type 03.1	--	Borg Type 03.1	NO	--	--	NO	829528640	2941056000	4540121600	0	10283396096	7829095488	10765006848	--	--	--	--	--	--	--
1	17	Attack	HiggsBozo	INFINITE	SS REVENANT	YES	Borg Type 03.1	--	Borg Type 03.1	NO	--	--	YES	6060963840	21488873472	33172467712	0	75135795200	57203406848	78654693376	--	--	--	--	--	--	--
1	18	Attack	HiggsBozo	INFINITE	SS REVENANT	YES	Borg Type 03.1	--	Borg Type 03.1	NO	--	--	YES	6213618688	22030102528	34007967744	0	77028204544	58644161536	80635731968	--	--	--	--	--	--	--
1	19	Attack	HiggsBozo	INFINITE	SS REVENANT	YES	Borg Type 03.1	--	Borg Type 03.1	NO	--	--	YES	5956413440	21118193664	32600250368	0	73839714304	56216662016	77297909760	--	--	--	--	--	--	--
1	20	Attack	HiggsBozo	INFINITE	SS REVENANT	YES	Borg Type 03.1	--	Borg Type 03.1	NO	--	--	YES	6062144000	21493057536	33178927104	0	75150426112	57214550528	78670004224	--	--	--	--	--	--	--
1	21	Officer Ability	HiggsBozo	INFINITE	SS REVENANT	YES	--	--	SS REVENANT	NO	--	--	--	--	--	--	--	--	--	--	Officer	0.05	Excessive Measures	Byr Ch'Kelrer	--	--	--
1	22	Charging Weapons	Borg Type 03.1	--	Borg Type 03.1	NO	Borg Type 03.1	--	Borg Type 03.1	NO	--	--	--	--	--	--	--	--	--	--	--	--	--	--	--	--	100
1	23	Attack	HiggsBozo	INFINITE	SS REVENANT	YES	Borg Type 03.1	--	Borg Type 03.1	NO	--	--	NO	1714921728	6080176640	9340412928	0	21259325440	16166246144	22228590592	--	--	--	--	--	--	--
1	24	Attack	HiggsBozo	INFINITE	SS REVENANT	YES	Borg Type 03.1	--	Borg Type 03.1	NO	--	--	NO	1991233024	7059826176	10845357056	0	24684666880	18770982912	25810100224	--	--	--	--	--	--	--
1	25	Attack	HiggsBozo	INFINITE	SS REVENANT	YES	Borg Type 03.1	--	Borg Type 03.1	NO	--	--	NO	2029990784	7197240320	11056453632	0	25165135872	19136345984	26312474624	--	--	--	--	--	--	--
1	26	Attack	HiggsBozo	INFINITE	SS REVENANT	YES	Borg Type 03.1	--	Borg Type 03.1	NO	--	--	NO	1943320320	6889953792	10584397824	0	24090707968	18319317248	25189062656	--	--	--	--	--	--	--
1	27	Attack	HiggsBozo	INFINITE	SS REVENANT	YES	Borg Type 03.1	--	Borg Type 03.1	NO	--	--	YES	13263505408	47025156096	72240390144	0	164423352320	125032585216	171919818752	--	--	--	--	--	--	--
1	28	Attack	HiggsBozo	INFINITE	SS REVENANT	YES	Borg Type 03.1	--	Borg Type 03.1	NO	--	--	NO	1772081152	6282833408	9651735552	0	21967912960	16705079808	22969483264	--	--	--	--	--	--	--
1	29	Attack	HiggsBozo	INFINITE	SS REVENANT	YES	Borg Type 03.1	--	Borg Type 03.1	NO	--	--	NO	1717371520	6088862720	9353755648	0	21289695232	16189342336	22260342784	--	--	--	--	--	--	--
1	30	Attack	HiggsBozo	INFINITE	SS REVENANT	YES	Borg Type 03.1	--	Borg Type 03.1	NO	--	--	NO	1916997120	6796626432	10441027584	0	23764389888	18071175168	24847865856	--	--	--	--	--	--	--
1	31	Attack	HiggsBozo	INFINITE	SS REVENANT	YES	Borg Type 03.1	--	Borg Type 03.1	NO	--	--	YES	12288844800	43569541120	66931851264	0	152340807680	115844649984	159286394880	--	--	--	--	--	--	--
1	32	Attack	HiggsBozo	INFINITE	SS REVENANT	YES	Borg Type 03.1	--	Borg Type 03.1	NO	--	--	YES	13445851136	47671652352	73233547264	0	166683836416	126751528960	174283358208	--	--	--	--	--	--	--
1	33	Attack	HiggsBozo	INFINITE	SS REVENANT	YES	Borg Type 03.1	--	Borg Type 03.1	NO	--	--	YES	13576204288	48133816320	73943523328	0	168299790336	127980343296	175972990976	--	--	--	--	--	--	--
1	34	Attack	HiggsBozo	INFINITE	SS REVENANT	YES	Borg Type 03.1	--	Borg Type 03.1	NO	--	--	NO	1734342528	6149032448	9446189056	0	21500080128	16349323648	22480320512	--	--	--	--	--	--	--
1	35	Attack	Borg Type 03.1	--	Borg Type 03.1	NO	HiggsBozo	INFINITE	SS REVENANT	YES	--	--	NO	164746	750509	2262714	0	0	3177969	0	--	--	--	--	--	--	--
1	36	Attack	Borg Type 03.1	--	Borg Type 03.1	NO	HiggsBozo	INFINITE	SS REVENANT	YES	--	--	NO	166961	760601	2293138	0	0	3220700	0	--	--	--	--	--	--	--
1	37	Attack	Borg Type 03.1	--	Borg Type 03.1	NO	HiggsBozo	INFINITE	SS REVENANT	YES	--	--	NO	163499	744830	2245591	0	0	3153920	0	--	--	--	--	--	--	--
1	38	Attack	Borg Type 03.1	--	Borg Type 03.1	NO	HiggsBozo	INFINITE	SS REVENANT	YES	--	--	NO	163598	745280	2246948	0	0	3155826	0	--	--	--	--	--	--	--
1	39	Attack	HiggsBozo	INFINITE	SS REVENANT	YES	Borg Type 03.1	--	Borg Type 03.1	NO	--	--	NO	3977252864	14101169152	21662320640	0	49304707072	37492820992	51552628736	--	--	--	--	--	--	--
1	40	Attack	HiggsBozo	INFINITE	SS REVENANT	YES	Borg Type 03.1	--	Borg Type 03.1	NO	--	--	YES	30128777216	106820214784	164097998848	0	373496643584	284018378752	390525255680	--	--	--	--	--	--	--
1	41	Attack	HiggsBozo	INFINITE	SS REVENANT	YES	Borg Type 03.1	--	Borg Type 03.1	NO	--	--	NO	3930819072	13936539648	21409417216	0	48729083904	37055101440	50950758400	--	--	--	--	--	--	--
1	42	Attack	HiggsBozo	INFINITE	SS REVENANT	YES	Borg Type 03.1	--	Borg Type 03.1	NO	--	--	YES	24138055680	85580382208	131469221888	0	299231608832	227544965120	312874303488	--	--	--	--	--	--	--
1	43	Attack	HiggsBozo	INFINITE	SS REVENANT	YES	Borg Type 03.1	--	Borg Type 03.1	NO	--	--	YES	29125130240	103261822976	158631575552	0	361054732288	274557163520	377516097536	--	--	--	--	--	--	--
1	44	Attack	HiggsBozo	INFINITE	SS REVENANT	YES	Borg Type 03.1	--	Borg Type 03.1	NO	--	--	NO	3680034304	13047394304	20043505664	0	45620187136	34690997760	47700123648	--	--	--	--	--	--	--
1	45	Attack	HiggsBozo	INFINITE	SS REVENANT	YES	Borg Type 03.1	--	Borg Type 03.1	NO	--	--	NO	4055221760	14377604096	22086981632	0	50271264768	38227821056	52563251200	--	--	--	--	--	--	--
1	46	Attack	HiggsBozo	INFINITE	SS REVENANT	YES	Borg Type 03.1	--	Borg Type 03.1	NO	--	--	NO	3414715904	12106719232	18598432768	0	42331119616	32189890048	44261097472	--	--	--	--	--	--	--
1	47	Attack	HiggsBozo	INFINITE	SS REVENANT	YES	Borg Type 03.1	--	Borg Type 03.1	NO	--	--	NO	3901448960	13832410112	21249449984	0	48364990464	36778231552	50570067968	--	--	--	--	--	--	--
1	48	Attack	HiggsBozo	INFINITE	SS REVENANT	YES	Borg Type 03.1	--	Borg Type 03.1	NO	--	--	NO	3325018624	11788702720	18109892608	0	41219174400	31344332288	43098456064	--	--	--	--	--	--	--
1	49	Attack	HiggsBozo	INFINITE	SS REVENANT	YES	Borg Type 03.1	--	Borg Type 03.1	NO	--	--	YES	27968704512	99161767936	152333041664	0	346718896128	263655739392	362526670848	--	--	--	--	--	--	--
1	50	Attack	HiggsBozo	INFINITE	SS REVENANT	YES	Borg Type 03.1	--	Borg Type 03.1	NO	--	--	YES	28796823552	102097829888	156843442176	0	356984848384	271462295552	373260648448	--	--	--	--	--	--	--
1	51	Officer Ability	HiggsBozo	INFINITE	SS REVENANT	YES	--	--	SS REVENANT	NO	--	--	--	--	--	--	--	--	--	--	Officer	0.05	Excessive Measures	Byr Ch'Kelrer	--	--	--
1	52	Attack	Borg Type 03.1	--	Borg Type 03.1	NO	HiggsBozo	INFINITE	SS REVENANT	YES	--	--	NO	173639	791022	2384855	0	0	3349516	0	--	--	--	--	--	--	--
1	53	Attack	Borg Type 03.1	--	Borg Type 03.1	NO	HiggsBozo	INFINITE	SS REVENANT	YES	--	--	NO	170179	775261	2337338	0	0	3282778	0	--	--	--	--	--	--	--
1	54	Attack	Borg Type 03.1	--	Borg Type 03.1	NO	HiggsBozo	INFINITE	SS REVENANT	YES	--	--	NO	168839	769155	2318929	0	0	3256923	0	--	--	--	--	--	--	--
1	55	Attack	Borg Type 03.1	--	Borg Type 03.1	NO	HiggsBozo	INFINITE	SS REVENANT	YES	--	--	NO	170746	777843	2345122	0	0	3293711	0	--	--	--	--	--	--	--
1	56	Attack	HiggsBozo	INFINITE	SS REVENANT	YES	Borg Type 03.1	--	Borg Type 03.1	NO	--	--	NO	2805370112	9946312704	14702632960	0	34777260032	26202766592	36028809216	--	--	--	--	--	--	--
1	57	Attack	HiggsBozo	INFINITE	SS REVENANT	YES	Borg Type 03.1	--	Borg Type 03.1	NO	--	--	NO	2685321472	9520685056	14073470976	0	33289056256	25081487616	34487046144	--	--	--	--	--	--	--
1	58	Attack	HiggsBozo	INFINITE	SS REVENANT	YES	Borg Type 03.1	--	Borg Type 03.1	NO	--	--	YES	20471492608	72580743168	107288813568	0	253778427904	191208198144	262911279104	--	--	--	--	--	--	--
1	59	Attack	HiggsBozo	INFINITE	SS REVENANT	YES	Borg Type 03.1	--	Borg Type 03.1	NO	--	--	NO	2482570752	8801842176	13010877440	0	30775621632	23187752448	31883159552	--	--	--	--	--	--	--
1	60	Attack	HiggsBozo	INFINITE	SS REVENANT	YES	Borg Type 03.1	--	Borg Type 03.1	NO	--	--	NO	2680033536	9501936640	14045757440	0	33223501824	25032094976	34419134464	--	--	--	--	--	--	--
1	61	Attack	HiggsBozo	INFINITE	SS REVENANT	YES	Borg Type 03.1	--	Borg Type 03.1	NO	--	--	NO	2783278336	9867986944	14586851328	0	34503393280	25996426496	35745083392	--	--	--	--	--	--	--
1	62	Attack	HiggsBozo	INFINITE	SS REVENANT	YES	Borg Type 03.1	--	Borg Type 03.1	NO	--	--	YES	18022694912	63898648576	94454939648	0	223421480960	168335900672	231461863424	--	--	--	--	--	--	--
1	63	Attack	HiggsBozo	INFINITE	SS REVENANT	YES	Borg Type 03.1	--	Borg Type 03.1	NO	--	--	YES	19140112384	67860398080	100311195648	0	237273743360	178772824064	245812625408	--	--	--	--	--	--	--
1	64	Attack	HiggsBozo	INFINITE	SS REVENANT	YES	Borg Type 03.1	--	Borg Type 03.1	NO	--	--	NO	2653233664	9406918656	13905301504	0	32891271168	24781777408	34074947584	--	--	--	--	--	--	--
1	65	Attack	HiggsBozo	INFINITE	SS REVENANT	YES	Borg Type 03.1	--	Borg Type 03.1	NO	--	--	NO	2671115776	9470319616	13999020032	0	33112952832	24948804096	34304604160	--	--	--	--	--	--	--
1	66	Attack	HiggsBozo	INFINITE	SS REVENANT	YES	Borg Type 03.1	--	Borg Type 03.1	NO	--	--	NO	2585948160	9168361472	13552665600	0	32057155584	24153318400	33210812416	--	--	--	--	--	--	--
1	67	Attack	HiggsBozo	INFINITE	SS REVENANT	YES	Borg Type 03.1	--	Borg Type 03.1	NO	--	--	NO	2683610368	9514618880	14064502784	0	33267843072	25065504000	34465071104	--	--	--	--	--	--	--
1	68	Attack	HiggsBozo	INFINITE	SS REVENANT	YES	Borg Type 03.1	--	Borg Type 03.1	NO	--	--	NO	2668934656	9462586368	13987589120	0	33085913088	24928431616	34276591616	--	--	--	--	--	--	--
1	69	Attack	HiggsBozo	INFINITE	SS REVENANT	YES	Borg Type 03.1	--	Borg Type 03.1	NO	--	--	YES	18119567360	64242102272	94962638848	0	224622379008	169240705024	232705982464	--	--	--	--	--	--	--
2	71	battle_action_type_{0}	HiggsBozo	INFINITE	SS REVENANT	YES	--	--	SS REVENANT	NO	--	--	--	--	--	--	--	--	--	--	--	--	229089.2	--	--	--	--
2	72	Officer Ability	HiggsBozo	INFINITE	SS REVENANT	YES	--	--	SS REVENANT	NO	--	--	--	--	--	--	--	--	--	--	Officer	1	Knock it Down	B'Elanna Torres	--	--	--
2	73	Officer Ability	HiggsBozo	INFINITE	SS REVENANT	YES	--	--	SS REVENANT	NO	--	--	--	--	--	--	--	--	--	--	Officer	1	Now We're Cooking	Neelix	--	--	--
2	74	Officer Ability	HiggsBozo	INFINITE	SS REVENANT	YES	--	--	SS REVENANT	NO	--	--	--	--	--	--	--	--	--	--	Officer	0.05	Excessive Measures	Byr Ch'Kelrer	--	--	--
2	75	Officer Ability	HiggsBozo	INFINITE	SS REVENANT	YES	--	--	SS REVENANT	NO	--	--	--	--	--	--	--	--	--	--	Officer	0.3	No Locked Doors	Dajash Tolra	--	--	--
2	76	Officer Ability	HiggsBozo	INFINITE	SS REVENANT	YES	--	--	SS REVENANT	NO	--	--	--	--	--	--	--	--	--	--	Officer	1	The Looking Glass	Toli	--	--	--
2	77	Attack	Borg Type 03.1	--	Borg Type 03.1	NO	HiggsBozo	INFINITE	SS REVENANT	YES	--	--	NO	298599	1360282	4101122	0	0	5760003	0	--	--	--	--	--	--	--
2	78	Attack	Borg Type 03.1	--	Borg Type 03.1	NO	HiggsBozo	INFINITE	SS REVENANT	YES	--	--	NO	290415	1323002	3988725	0	0	5602142	0	--	--	--	--	--	--	--
2	79	Attack	HiggsBozo	INFINITE	SS REVENANT	YES	Borg Type 03.1	--	Borg Type 03.1	NO	--	--	NO	929099008	3294078464	4956105728	0	11517737984	8714535680	11982485504	--	--	--	--	--	--	--
2	80	Attack	HiggsBozo	INFINITE	SS REVENANT	YES	Borg Type 03.1	--	Borg Type 03.1	NO	--	--	YES	6853138944	24297492480	36556791808	0	84956127232	64279382528	88384167936	--	--	--	--	--	--	--
2	81	Attack	HiggsBozo	INFINITE	SS REVENANT	YES	Borg Type 03.1	--	Borg Type 03.1	NO	--	--	NO	905752384	3211303936	4831567360	0	11228316672	8495553856	11681386496	--	--	--	--	--	--	--
2	82	Attack	HiggsBozo	INFINITE	SS REVENANT	YES	Borg Type 03.1	--	Borg Type 03.1	NO	--	--	NO	854431552	3029348352	4557806080	0	10592109568	8014187840	11019507712	--	--	--	--	--	--	--
2	83	Attack	HiggsBozo	INFINITE	SS REVENANT	YES	Borg Type 03.1	--	Borg Type 03.1	NO	--	--	NO	848034048	3006666240	4523679744	0	10512801792	7954181888	10936999936	--	--	--	--	--	--	--
2	84	Attack	HiggsBozo	INFINITE	SS REVENANT	YES	Borg Type 03.1	--	Borg Type 03.1	NO	--	--	NO	884689664	3136626944	4719212032	0	10967208960	8297994752	11409742848	--	--	--	--	--	--	--
2	85	Attack	HiggsBozo	INFINITE	SS REVENANT	YES	Borg Type 03.1	--	Borg Type 03.1	NO	--	--	YES	6892963840	24438689792	36769230848	0	85449826304	64652929024	88897781760	--	--	--	--	--	--	--
2	86	Attack	HiggsBozo	INFINITE	SS REVENANT	YES	Borg Type 03.1	--	Borg Type 03.1	NO	--	--	NO	950318336	3369310464	5069296128	0	11780787200	8913563648	12256148480	--	--	--	--	--	--	--
2	87	Attack	HiggsBozo	INFINITE	SS REVENANT	YES	Borg Type 03.1	--	Borg Type 03.1	NO	--	--	YES	7259880960	25739579392	38726483968	0	89998385152	68094455296	93629874176	--	--	--	--	--	--	--
2	88	Attack	HiggsBozo	INFINITE	SS REVENANT	YES	Borg Type 03.1	--	Borg Type 03.1	NO	--	--	YES	6156800512	21828655104	32842305536	0	76323848192	57748044288	79403565056	--	--	--	--	--	--	--
2	89	Attack	HiggsBozo	INFINITE	SS REVENANT	YES	Borg Type 03.1	--	Borg Type 03.1	NO	--	--	NO	830096576	2943069696	4427995648	0	10290437120	7785936064	10705662976	--	--	--	--	--	--	--
2	90	Attack	HiggsBozo	INFINITE	SS REVENANT	YES	Borg Type 03.1	--	Borg Type 03.1	NO	--	--	YES	6457631744	22895241216	34447036416	0	80053157888	60569713664	83283353600	--	--	--	--	--	--	--
2	91	Attack	HiggsBozo	INFINITE	SS REVENANT	YES	Borg Type 03.1	--	Borg Type 03.1	NO	--	--	YES	6458183168	22897195008	34449973248	0	80059990016	60574877184	83290464256	--	--	--	--	--	--	--
2	92	Attack	HiggsBozo	INFINITE	SS REVENANT	YES	Borg Type 03.1	--	Borg Type 03.1	NO	--	--	YES	6634802176	23523389440	35392114688	0	82249482240	62231489536	85568299008	--	--	--	--	--	--	--
2	93	Attack	HiggsBozo	INFINITE	SS REVENANT	YES	Borg Type 03.1	--	Borg Type 03.1	NO	--	--	NO	864318336	3064401408	4610545152	0	10714673152	8106920832	11147017216	--	--	--	--	--	--	--
2	94	Attack	HiggsBozo	INFINITE	SS REVENANT	YES	Borg Type 03.1	--	Borg Type 03.1	NO	--	--	NO	893420096	3167580416	4765783040	0	11075437568	8379882304	11522338816	--	--	--	--	--	--	--
2	95	Attack	HiggsBozo	INFINITE	SS REVENANT	YES	Borg Type 03.1	--	Borg Type 03.1	NO	--	--	NO	901239744	3195304704	4807495680	0	11172375552	8453227200	11623188480	--	--	--	--	--	--	--
2	96	Attack	HiggsBozo	INFINITE	SS REVENANT	YES	Borg Type 03.1	--	Borg Type 03.1	NO	--	--	NO	823684608	2920336384	4393792000	0	10210950144	7725795328	10622967808	--	--	--	--	--	--	--
2	97	Officer Ability	HiggsBozo	INFINITE	SS REVENANT	YES	--	--	SS REVENANT	NO	--	--	--	--	--	--	--	--	--	--	Officer	0.05	Excessive Measures	Byr Ch'Kelrer	--	--	--
2	98	Charging Weapons	Borg Type 03.1	--	Borg Type 03.1	NO	Borg Type 03.1	--	Borg Type 03.1	NO	--	--	--	--	--	--	--	--	--	--	--	--	--	--	--	--	100
2	99	Attack	HiggsBozo	INFINITE	SS REVENANT	YES	Borg Type 03.1	--	Borg Type 03.1	NO	--	--	NO	1687393664	5982577664	8963643392	0	20918069248	15811236224	21740447744	--	--	--	--	--	--	--
2	100	Attack	HiggsBozo	INFINITE	SS REVENANT	YES	Borg Type 03.1	--	Borg Type 03.1	NO	--	--	NO	1795206400	6364823040	9536358400	0	22254589952	16821465856	23129511936	--	--	--	--	--	--	--
2	101	Attack	HiggsBozo	INFINITE	SS REVENANT	YES	Borg Type 03.1	--	Borg Type 03.1	NO	--	--	NO	1826108416	6474384384	9700512768	0	22637670400	17111020544	23527655424	--	--	--	--	--	--	--
2	102	Attack	HiggsBozo	INFINITE	SS REVENANT	YES	Borg Type 03.1	--	Borg Type 03.1	NO	--	--	YES	14371475456	50953412608	76343050240	0	178158501888	134663761920	185162678272	--	--	--	--	--	--	--
2	103	Attack	HiggsBozo	INFINITE	SS REVENANT	YES	Borg Type 03.1	--	Borg Type 03.1	NO	--	--	NO	1762263808	6248026112	9361362944	0	21846210560	16512785152	22705078272	--	--	--	--	--	--	--
2	104	Attack	HiggsBozo	INFINITE	SS REVENANT	YES	Borg Type 03.1	--	Borg Type 03.1	NO	--	--	YES	12894740480	45717716992	68498452480	0	159851905024	120826449920	166136365056	--	--	--	--	--	--	--
2	105	Attack	HiggsBozo	INFINITE	SS REVENANT	YES	Borg Type 03.1	--	Borg Type 03.1	NO	--	--	NO	2038779904	7228401152	10830249984	0	25274089472	19103798784	26267721728	--	--	--	--	--	--	--
2	106	Attack	HiggsBozo	INFINITE	SS REVENANT	YES	Borg Type 03.1	--	Borg Type 03.1	NO	--	--	YES	13807819776	48954998784	73348841472	0	171171053568	129382194176	177900519424	--	--	--	--	--	--	--
2	107	Attack	HiggsBozo	INFINITE	SS REVENANT	YES	Borg Type 03.1	--	Borg Type 03.1	NO	--	--	NO	1789166720	6343409152	9504274432	0	22179717120	16764871296	23051696128	--	--	--	--	--	--	--
2	108	Attack	HiggsBozo	INFINITE	SS REVENANT	YES	Borg Type 03.1	--	Borg Type 03.1	NO	--	--	NO	1788804096	6342123520	9502348288	0	22175221760	16761473024	23047024640	--	--	--	--	--	--	--
2	109	Attack	HiggsBozo	INFINITE	SS REVENANT	YES	Borg Type 03.1	--	Borg Type 03.1	NO	--	--	NO	1818681984	6448054272	9661063168	0	22545608704	17041435264	23431972864	--	--	--	--	--	--	--
2	110	Attack	HiggsBozo	INFINITE	SS REVENANT	YES	Borg Type 03.1	--	Borg Type 03.1	NO	--	--	NO	1977795072	7012182528	10506291200	0	24518080512	18532357120	25481992192	--	--	--	--	--	--	--
2	111	Attack	HiggsBozo	INFINITE	SS REVENANT	YES	Borg Type 03.1	--	Borg Type 03.1	NO	--	--	NO	1721455872	6103343104	9144585216	0	21340325888	16130402560	22179307520	--	--	--	--	--	--	--
2	112	Attack	HiggsBozo	INFINITE	SS REVENANT	YES	Borg Type 03.1	--	Borg Type 03.1	NO	--	--	NO	1982854656	7030120960	10533168128	0	24580802560	18579766272	25547180032	--	--	--	--	--	--	--
2	113	Attack	Borg Type 03.1	--	Borg Type 03.1	NO	HiggsBozo	INFINITE	SS REVENANT	YES	--	--	NO	166994	760749	2293586	0	0	3221329	0	--	--	--	--	--	--	--
2	114	Attack	Borg Type 03.1	--	Borg Type 03.1	NO	HiggsBozo	INFINITE	SS REVENANT	YES	--	--	NO	171267	780218	2352281	0	0	3303766	0	--	--	--	--	--	--	--
2	115	Attack	Borg Type 03.1	--	Borg Type 03.1	NO	HiggsBozo	INFINITE	SS REVENANT	YES	--	--	NO	171024	779109	2348940	0	0	3299073	0	--	--	--	--	--	--	--
2	116	Attack	Borg Type 03.1	--	Borg Type 03.1	NO	HiggsBozo	INFINITE	SS REVENANT	YES	--	--	NO	165437	753655	2272199	0	0	3191291	0	--	--	--	--	--	--	--
2	117	Charging Weapons	HiggsBozo	INFINITE	SS REVENANT	YES	Borg Type 03.1	--	Borg Type 03.1	NO	--	--	--	--	--	--	--	--	--	--	--	--	--	--	--	--	100
2	118	Officer Ability	HiggsBozo	INFINITE	SS REVENANT	YES	--	--	SS REVENANT	NO	--	--	--	--	--	--	--	--	--	--	Officer	0.05	Excessive Measures	Byr Ch'Kelrer	--	--	--
2	119	Attack	Borg Type 03.1	--	Borg Type 03.1	NO	HiggsBozo	INFINITE	SS REVENANT	YES	--	--	YES	81139	369633	1114409	0	0	1565181	0	--	--	--	--	--	--	--
2	120	Attack	Borg Type 03.1	--	Borg Type 03.1	NO	HiggsBozo	INFINITE	SS REVENANT	YES	--	--	NO	173837	791924	2387576	0	0	3353337	0	--	--	--	--	--	--	--
2	121	Attack	Borg Type 03.1	--	Borg Type 03.1	NO	HiggsBozo	INFINITE	SS REVENANT	YES	--	--	NO	168298	766690	2311497	0	0	3246485	0	--	--	--	--	--	--	--
2	122	Attack	Borg Type 03.1	--	Borg Type 03.1	NO	HiggsBozo	INFINITE	SS REVENANT	YES	--	--	NO	167241	761876	2296983	0	0	3226100	0	--	--	--	--	--	--	--
2	123	Charging Weapons	HiggsBozo	INFINITE	SS REVENANT	YES	Borg Type 03.1	--	Borg Type 03.1	NO	--	--	--	--	--	--	--	--	--	--	--	--	--	--	--	--	100
3	125	battle_action_type_{0}	HiggsBozo	INFINITE	SS REVENANT	YES	--	--	SS REVENANT	NO	--	--	--	--	--	--	--	--	--	--	--	--	222510.1	--	--	--	--
3	126	Officer Ability	HiggsBozo	INFINITE	SS REVENANT	YES	--	--	SS REVENANT	NO	--	--	--	--	--	--	--	--	--	--	Officer	1	Knock it Down	B'Elanna Torres	--	--	--
3	127	Officer Ability	HiggsBozo	INFINITE	SS REVENANT	YES	--	--	SS REVENANT	NO	--	--	--	--	--	--	--	--	--	--	Officer	1	Now We're Cooking	Neelix	--	--	--
3	128	Officer Ability	HiggsBozo	INFINITE	SS REVENANT	YES	--	--	SS REVENANT	NO	--	--	--	--	--	--	--	--	--	--	Officer	0.05	Excessive Measures	Byr Ch'Kelrer	--	--	--
3	129	Officer Ability	HiggsBozo	INFINITE	SS REVENANT	YES	--	--	SS REVENANT	NO	--	--	--	--	--	--	--	--	--	--	Officer	1	The Looking Glass	Toli	--	--	--
3	130	Attack	Borg Type 03.1	--	Borg Type 03.1	NO	HiggsBozo	INFINITE	SS REVENANT	YES	--	--	NO	314212	1256846	3884003	0	0	5455061	0	--	--	--	--	--	--	--
3	131	Attack	Borg Type 03.1	--	Borg Type 03.1	NO	HiggsBozo	INFINITE	SS REVENANT	YES	--	--	NO	319803	1279214	3953126	0	0	5552143	0	--	--	--	--	--	--	--
3	132	Attack	HiggsBozo	INFINITE	SS REVENANT	YES	Borg Type 03.1	--	Borg Type 03.1	NO	--	--	NO	803599296	3214397184	4567962624	0	10958154752	8229100224	11315013632	--	--	--	--	--	--	--
3	133	Attack	HiggsBozo	INFINITE	SS REVENANT	YES	Borg Type 03.1	--	Borg Type 03.1	NO	--	--	NO	840894336	3363577344	4779961856	0	11466722304	8611012480	11840143360	--	--	--	--	--	--	--
3	134	Attack	HiggsBozo	INFINITE	SS REVENANT	YES	Borg Type 03.1	--	Borg Type 03.1	NO	--	--	NO	876025344	3504101376	4979659776	0	11945781248	8970765824	12334801920	--	--	--	--	--	--	--
3	135	Attack	HiggsBozo	INFINITE	SS REVENANT	YES	Borg Type 03.1	--	Borg Type 03.1	NO	--	--	NO	816125312	3264501248	4639165440	0	11128964096	8357371776	11491384320	--	--	--	--	--	--	--
3	136	Attack	HiggsBozo	INFINITE	SS REVENANT	YES	Borg Type 03.1	--	Borg Type 03.1	NO	--	--	NO	784170368	3136681472	4457521152	0	10693215232	8030142336	11041445888	--	--	--	--	--	--	--
3	137	Attack	HiggsBozo	INFINITE	SS REVENANT	YES	Borg Type 03.1	--	Borg Type 03.1	NO	--	--	NO	752781248	3011124992	4279093504	0	10265182208	7708708800	10599473152	--	--	--	--	--	--	--
3	138	Attack	HiggsBozo	INFINITE	SS REVENANT	YES	Borg Type 03.1	--	Borg Type 03.1	NO	--	--	NO	798621184	3194484736	4539665408	0	10890270720	8178123264	11244918784	--	--	--	--	--	--	--
3	139	Attack	HiggsBozo	INFINITE	SS REVENANT	YES	Borg Type 03.1	--	Borg Type 03.1	NO	--	--	NO	758235840	3032943360	4310099456	0	10339563520	7764564928	10676277248	--	--	--	--	--	--	--
3	140	Attack	HiggsBozo	INFINITE	SS REVENANT	YES	Borg Type 03.1	--	Borg Type 03.1	NO	--	--	NO	749203136	2996812544	4258754304	0	10216390656	7672068288	10549092352	--	--	--	--	--	--	--
3	141	Attack	HiggsBozo	INFINITE	SS REVENANT	YES	Borg Type 03.1	--	Borg Type 03.1	NO	--	--	NO	865472000	3461887744	4919670272	0	11801871360	8862695168	12186206208	--	--	--	--	--	--	--
3	142	Attack	HiggsBozo	INFINITE	SS REVENANT	YES	Borg Type 03.1	--	Borg Type 03.1	NO	--	--	YES	6179021312	24716085248	35123896320	0	84259241984	63275051520	87003193344	--	--	--	--	--	--	--
3	143	Attack	HiggsBozo	INFINITE	SS REVENANT	YES	Borg Type 03.1	--	Borg Type 03.1	NO	--	--	YES	5713711104	22854844416	32478898176	0	77914120192	58510137344	80451436544	--	--	--	--	--	--	--
3	144	Attack	HiggsBozo	INFINITE	SS REVENANT	YES	Borg Type 03.1	--	Borg Type 03.1	NO	--	--	NO	899641920	3598567680	5113905664	0	12267825152	9212606784	12667333632	--	--	--	--	--	--	--
3	145	Attack	HiggsBozo	INFINITE	SS REVENANT	YES	Borg Type 03.1	--	Borg Type 03.1	NO	--	--	NO	864101568	3456406272	4911880704	0	11783184384	8848661952	12166910976	--	--	--	--	--	--	--
3	146	Attack	HiggsBozo	INFINITE	SS REVENANT	YES	Borg Type 03.1	--	Borg Type 03.1	NO	--	--	NO	776245888	3104983552	4412475392	0	10585154560	7948993664	10929865728	--	--	--	--	--	--	--
3	147	Attack	HiggsBozo	INFINITE	SS REVENANT	YES	Borg Type 03.1	--	Borg Type 03.1	NO	--	--	YES	6690117120	26760468480	38029160448	0	91228725248	68508835328	94199635968	--	--	--	--	--	--	--
3	148	Attack	HiggsBozo	INFINITE	SS REVENANT	YES	Borg Type 03.1	--	Borg Type 03.1	NO	--	--	NO	892009280	3568037120	5070518272	0	12163743744	9134445632	12559862784	--	--	--	--	--	--	--
3	149	Attack	HiggsBozo	INFINITE	SS REVENANT	YES	Borg Type 03.1	--	Borg Type 03.1	NO	--	--	NO	787078144	3148312576	4474050048	0	10732866560	8059918848	11082388480	--	--	--	--	--	--	--
3	150	Officer Ability	HiggsBozo	INFINITE	SS REVENANT	YES	--	--	SS REVENANT	NO	--	--	--	--	--	--	--	--	--	--	Officer	0.05	Excessive Measures	Byr Ch'Kelrer	--	--	--
3	151	Charging Weapons	Borg Type 03.1	--	Borg Type 03.1	NO	Borg Type 03.1	--	Borg Type 03.1	NO	--	--	--	--	--	--	--	--	--	--	--	--	--	--	--	--	100
3	152	Attack	HiggsBozo	INFINITE	SS REVENANT	YES	Borg Type 03.1	--	Borg Type 03.1	NO	--	--	YES	13321265152	53285060608	75347402752	0	181653323776	136255602688	187351449600	--	--	--	--	--	--	--
3	153	Attack	HiggsBozo	INFINITE	SS REVENANT	YES	Borg Type 03.1	--	Borg Type 03.1	NO	--	--	NO	1826146304	7304585216	10329003008	0	24901955584	18678606848	25683083264	--	--	--	--	--	--	--
3	154	Attack	HiggsBozo	INFINITE	SS REVENANT	YES	Borg Type 03.1	--	Borg Type 03.1	NO	--	--	YES	13232363520	52929454080	74844561408	0	180441038848	135346280448	186101137408	--	--	--	--	--	--	--
3	155	Attack	HiggsBozo	INFINITE	SS REVENANT	YES	Borg Type 03.1	--	Borg Type 03.1	NO	--	--	NO	1748504192	6994016768	9889845248	0	23843201024	17884448896	24591118336	--	--	--	--	--	--	--
3	156	Attack	HiggsBozo	INFINITE	SS REVENANT	YES	Borg Type 03.1	--	Borg Type 03.1	NO	--	--	NO	1795298560	7181194240	10154522624	0	24481304576	18363083008	25249236992	--	--	--	--	--	--	--
3	157	Attack	HiggsBozo	INFINITE	SS REVENANT	YES	Borg Type 03.1	--	Borg Type 03.1	NO	--	--	YES	13647669248	54590676992	77193601024	0	186104283136	139594196992	191942033408	--	--	--	--	--	--	--
3	158	Attack	HiggsBozo	INFINITE	SS REVENANT	YES	Borg Type 03.1	--	Borg Type 03.1	NO	--	--	NO	1859672576	7438690304	10518633472	0	25359130624	19021526528	26154600448	--	--	--	--	--	--	--
3	159	Attack	HiggsBozo	INFINITE	SS REVENANT	YES	Borg Type 03.1	--	Borg Type 03.1	NO	--	--	NO	1829902976	7319611904	10350251008	0	24953182208	18717030528	25735917568	--	--	--	--	--	--	--
3	160	Attack	HiggsBozo	INFINITE	SS REVENANT	YES	Borg Type 03.1	--	Borg Type 03.1	NO	--	--	NO	1857639552	7430558208	10507133952	0	25331406848	19000732288	26126006272	--	--	--	--	--	--	--
3	161	Attack	HiggsBozo	INFINITE	SS REVENANT	YES	Borg Type 03.1	--	Borg Type 03.1	NO	--	--	NO	1879464192	7517856768	10630578176	0	25629016064	19223964928	26432950272	--	--	--	--	--	--	--
3	162	Attack	HiggsBozo	INFINITE	SS REVENANT	YES	Borg Type 03.1	--	Borg Type 03.1	NO	--	--	NO	1878498816	7513995264	10625117184	0	25615851520	19214088704	26419374080	--	--	--	--	--	--	--
3	163	Attack	HiggsBozo	INFINITE	SS REVENANT	YES	Borg Type 03.1	--	Borg Type 03.1	NO	--	--	NO	1805508864	7222035456	10212273152	0	24620535808	18467516672	25392836608	--	--	--	--	--	--	--
3	164	Attack	HiggsBozo	INFINITE	SS REVENANT	YES	Borg Type 03.1	--	Borg Type 03.1	NO	--	--	YES	13793225728	55172902912	78016897024	0	188089139200	141083016192	193989148672	--	--	--	--	--	--	--
3	165	Attack	HiggsBozo	INFINITE	SS REVENANT	YES	Borg Type 03.1	--	Borg Type 03.1	NO	--	--	NO	1820650240	7282600960	10297916416	0	24827009024	18622391040	25605785600	--	--	--	--	--	--	--
3	166	Attack	Borg Type 03.1	--	Borg Type 03.1	NO	HiggsBozo	INFINITE	SS REVENANT	YES	--	--	NO	190539	762157	2355276	0	0	3307972	0	--	--	--	--	--	--	--
3	167	Attack	Borg Type 03.1	--	Borg Type 03.1	NO	HiggsBozo	INFINITE	SS REVENANT	YES	--	--	NO	191951	767802	2372722	0	0	3332475	0	--	--	--	--	--	--	--
3	168	Attack	Borg Type 03.1	--	Borg Type 03.1	NO	HiggsBozo	INFINITE	SS REVENANT	YES	--	--	NO	194011	776043	2398189	0	0	3368243	0	--	--	--	--	--	--	--
3	169	Attack	Borg Type 03.1	--	Borg Type 03.1	NO	HiggsBozo	INFINITE	SS REVENANT	YES	--	--	YES	93711	374843	1158370	0	0	1626924	0	--	--	--	--	--	--	--
3	170	Attack	HiggsBozo	INFINITE	SS REVENANT	YES	Borg Type 03.1	--	Borg Type 03.1	NO	--	--	YES	26846406656	107385626624	151847960576	0	366086782976	274596546560	377570230272	--	--	--	--	--	--	--
3	171	Attack	HiggsBozo	INFINITE	SS REVENANT	YES	Borg Type 03.1	--	Borg Type 03.1	NO	--	--	YES	26526490624	106105962496	150038462464	0	361724280832	271324274688	373070921728	--	--	--	--	--	--	--
3	172	Attack	HiggsBozo	INFINITE	SS REVENANT	YES	Borg Type 03.1	--	Borg Type 03.1	NO	--	--	YES	25186772992	100747091968	142460796928	0	343455432704	257621100544	354228994048	--	--	--	--	--	--	--
3	173	Attack	HiggsBozo	INFINITE	SS REVENANT	YES	Borg Type 03.1	--	Borg Type 03.1	NO	--	--	YES	27594688512	110378754048	156080390144	0	376290607104	282250274816	388094164992	--	--	--	--	--	--	--
3	174	Attack	HiggsBozo	INFINITE	SS REVENANT	YES	Borg Type 03.1	--	Borg Type 03.1	NO	--	--	YES	25545543680	102182174720	144490053632	0	348347760640	261290758144	359274774528	--	--	--	--	--	--	--
3	175	Attack	HiggsBozo	INFINITE	SS REVENANT	YES	Borg Type 03.1	--	Borg Type 03.1	NO	--	--	YES	26154584064	104618336256	147934887936	0	356652843008	267520288768	367840362496	--	--	--	--	--	--	--
3	176	Attack	HiggsBozo	INFINITE	SS REVENANT	YES	Borg Type 03.1	--	Borg Type 03.1	NO	--	--	NO	3637439488	14549757952	20573992960	0	49601368064	37205287936	51157270528	--	--	--	--	--	--	--
3	177	Attack	HiggsBozo	INFINITE	SS REVENANT	YES	Borg Type 03.1	--	Borg Type 03.1	NO	--	--	NO	3442268928	13769075712	19470075904	0	46939955200	35208998656	48412377088	--	--	--	--	--	--	--
3	178	Attack	HiggsBozo	INFINITE	SS REVENANT	YES	Borg Type 03.1	--	Borg Type 03.1	NO	--	--	NO	3779013632	15116054528	21374760960	0	51531919360	38653367296	53148381184	--	--	--	--	--	--	--
3	179	Attack	HiggsBozo	INFINITE	SS REVENANT	YES	Borg Type 03.1	--	Borg Type 03.1	NO	--	--	YES	25873076224	103492304896	146342625280	0	352814104576	264640909312	363881201664	--	--	--	--	--	--	--
3	180	Attack	HiggsBozo	INFINITE	SS REVENANT	YES	Borg Type 03.1	--	Borg Type 03.1	NO	--	--	NO	3754895360	15019581440	21238343680	0	51203035136	38406676480	52809179136	--	--	--	--	--	--	--
3	181	Attack	HiggsBozo	INFINITE	SS REVENANT	YES	Borg Type 03.1	--	Borg Type 03.1	NO	--	--	YES	28926384128	115705536512	163612672000	0	394450042880	295871428608	406823206912	--	--	--	--	--	--	--
3	182	Attack	HiggsBozo	INFINITE	SS REVENANT	YES	Borg Type 03.1	--	Borg Type 03.1	NO	--	--	NO	3122689792	12490759168	17662480384	0	42582065152	31940207360	43917787136	--	--	--	--	--	--	--
3	183	Attack	HiggsBozo	INFINITE	SS REVENANT	YES	Borg Type 03.1	--	Borg Type 03.1	NO	--	--	YES	26540519424	106162077696	150117810176	0	361915613184	271467802624	373268217856	--	--	--	--	--	--	--
3	184	Officer Ability	HiggsBozo	INFINITE	SS REVENANT	YES	--	--	SS REVENANT	NO	--	--	--	--	--	--	--	--	--	--	Officer	0.05	Excessive Measures	Byr Ch'Kelrer	--	--	--
3	185	Attack	Borg Type 03.1	--	Borg Type 03.1	NO	HiggsBozo	INFINITE	SS REVENANT	YES	--	--	NO	183460	733840	2267770	0	0	3185070	0	--	--	--	--	--	--	--
3	186	Attack	Borg Type 03.1	--	Borg Type 03.1	NO	HiggsBozo	INFINITE	SS REVENANT	YES	--	--	NO	181949	727797	2249095	0	0	3158841	0	--	--	--	--	--	--	--
3	187	Attack	Borg Type 03.1	--	Borg Type 03.1	NO	HiggsBozo	INFINITE	SS REVENANT	YES	--	--	NO	179513	718053	2218981	0	0	3116547	0	--	--	--	--	--	--	--
3	188	Attack	Borg Type 03.1	--	Borg Type 03.1	NO	HiggsBozo	INFINITE	SS REVENANT	YES	--	--	NO	193082	772329	2386711	0	0	3352122	0	--	--	--	--	--	--	--
3	189	Attack	HiggsBozo	INFINITE	SS REVENANT	YES	Borg Type 03.1	--	Borg Type 03.1	NO	--	--	YES	20055220224	80220880896	106047340544	0	273479843840	202022428672	277780856832	--	--	--	--	--	--	--
3	190	Attack	HiggsBozo	INFINITE	SS REVENANT	YES	Borg Type 03.1	--	Borg Type 03.1	NO	--	--	NO	2504441856	10017767424	13242905600	0	34151426048	25228016640	34688524288	--	--	--	--	--	--	--
3	191	Attack	HiggsBozo	INFINITE	SS REVENANT	YES	Borg Type 03.1	--	Borg Type 03.1	NO	--	--	NO	2355502080	9422008320	12455346176	0	32120430592	23727698944	32625588224	--	--	--	--	--	--	--
3	192	Attack	HiggsBozo	INFINITE	SS REVENANT	YES	Borg Type 03.1	--	Borg Type 03.1	NO	--	--	NO	2315964672	9263858688	12246282240	0	31581286400	23329428736	32077963264	--	--	--	--	--	--	--
3	193	Attack	HiggsBozo	INFINITE	SS REVENANT	YES	Borg Type 03.1	--	Borg Type 03.1	NO	--	--	NO	2393473024	9573892096	12656129024	0	32638216192	24110193664	33151516672	--	--	--	--	--	--	--
3	194	Attack	HiggsBozo	INFINITE	SS REVENANT	YES	Borg Type 03.1	--	Borg Type 03.1	NO	--	--	YES	20186652672	80746610688	106742317056	0	275272073216	203346370560	279601283072	--	--	--	--	--	--	--
3	195	Attack	HiggsBozo	INFINITE	SS REVENANT	YES	Borg Type 03.1	--	Borg Type 03.1	NO	--	--	NO	2354363904	9417455616	12449329152	0	32104912896	23716236800	32609824768	--	--	--	--	--	--	--
3	196	Attack	HiggsBozo	INFINITE	SS REVENANT	YES	Borg Type 03.1	--	Borg Type 03.1	NO	--	--	NO	2568499200	10273996800	13581626368	0	35024932864	25873284096	35575771136	--	--	--	--	--	--	--
3	197	Attack	HiggsBozo	INFINITE	SS REVENANT	YES	Borg Type 03.1	--	Borg Type 03.1	NO	--	--	YES	20332556288	81330225152	107513823232	0	277261680640	204816134144	281622151168	--	--	--	--	--	--	--
3	198	Attack	HiggsBozo	INFINITE	SS REVENANT	YES	Borg Type 03.1	--	Borg Type 03.1	NO	--	--	YES	20519022592	82076090368	108499812352	0	279804379136	206694445056	284204859392	--	--	--	--	--	--	--
3	199	Attack	HiggsBozo	INFINITE	SS REVENANT	YES	Borg Type 03.1	--	Borg Type 03.1	NO	--	--	NO	2298752768	9195011072	12155270144	0	31346577408	23156045568	31839565824	--	--	--	--	--	--	--
3	200	Attack	HiggsBozo	INFINITE	SS REVENANT	YES	Borg Type 03.1	--	Borg Type 03.1	NO	--	--	YES	20636284928	82545139712	109119873024	0	281403424768	207875684352	285829038080	--	--	--	--	--	--	--
3	201	Attack	HiggsBozo	INFINITE	SS REVENANT	YES	Borg Type 03.1	--	Borg Type 03.1	NO	--	--	NO	2431632896	9726531584	12857909248	0	33158578176	24494589440	33680062464	--	--	--	--	--	--	--
3	202	Attack	HiggsBozo	INFINITE	SS REVENANT	YES	Borg Type 03.1	--	Borg Type 03.1	NO	--	--	NO	2691820032	10767280128	14233716736	0	36706574336	27115530752	37283860480	--	--	--	--	--	--	--
3	203	Attack	HiggsBozo	INFINITE	SS REVENANT	YES	Borg Type 03.1	--	Borg Type 03.1	NO	--	--	YES	18108633088	72434532352	95754240000	0	246935519232	182413873152	250819051520	--	--	--	--	--	--	--
3	204	Attack	HiggsBozo	INFINITE	SS REVENANT	YES	Borg Type 03.1	--	Borg Type 03.1	NO	--	--	NO	2373725184	9494900736	12551706624	0	32368928768	23911267328	32877993984	--	--	--	--	--	--	--
3	205	Attack	HiggsBozo	INFINITE	SS REVENANT	YES	Borg Type 03.1	--	Borg Type 03.1	NO	--	--	YES	19305224192	77220896768	102081527808	0	263252623360	194467493888	267392778240	--	--	--	--	--	--	--
3	206	Attack	HiggsBozo	INFINITE	SS REVENANT	YES	Borg Type 03.1	--	Borg Type 03.1	NO	--	--	NO	2719495936	10877983744	14380060672	0	37083975680	27394323200	37667192832	--	--	--	--	--	--	--
4	208	battle_action_type_{0}	HiggsBozo	INFINITE	SS REVENANT	YES	--	--	SS REVENANT	NO	--	--	--	--	--	--	--	--	--	--	--	--	245067.7	--	--	--	--
4	209	Officer Ability	HiggsBozo	INFINITE	SS REVENANT	YES	--	--	SS REVENANT	NO	--	--	--	--	--	--	--	--	--	--	Officer	1	Knock it Down	B'Elanna Torres	--	--	--
4	210	Officer Ability	HiggsBozo	INFINITE	SS REVENANT	YES	--	--	SS REVENANT	NO	--	--	--	--	--	--	--	--	--	--	Officer	1	Now We're Cooking	Neelix	--	--	--
4	211	Officer Ability	HiggsBozo	INFINITE	SS REVENANT	YES	--	--	SS REVENANT	NO	--	--	--	--	--	--	--	--	--	--	Officer	0.05	Excessive Measures	Byr Ch'Kelrer	--	--	--
4	212	Officer Ability	HiggsBozo	INFINITE	SS REVENANT	YES	--	--	SS REVENANT	NO	--	--	--	--	--	--	--	--	--	--	Officer	1	The Looking Glass	Toli	--	--	--
4	213	Attack	Borg Type 03.1	--	Borg Type 03.1	NO	HiggsBozo	INFINITE	SS REVENANT	YES	--	--	NO	310292	1241168	3835554	0	0	5387014	0	--	--	--	--	--	--	--
4	214	Attack	Borg Type 03.1	--	Borg Type 03.1	NO	HiggsBozo	INFINITE	SS REVENANT	YES	--	--	NO	314107	1256429	3882714	0	0	5453250	0	--	--	--	--	--	--	--
4	215	Attack	HiggsBozo	INFINITE	SS REVENANT	YES	Borg Type 03.1	--	Borg Type 03.1	NO	--	--	NO	815167616	3260670464	4275667456	0	11115904000	8196803712	11270605824	--	--	--	--	--	--	--
4	216	Attack	HiggsBozo	INFINITE	SS REVENANT	YES	Borg Type 03.1	--	Borg Type 03.1	NO	--	--	NO	776760896	3107043584	4074218752	0	10592177152	7810610240	10739590144	--	--	--	--	--	--	--
4	217	Attack	HiggsBozo	INFINITE	SS REVENANT	YES	Borg Type 03.1	--	Borg Type 03.1	NO	--	--	NO	766805248	3067220992	4022000128	0	10456418304	7710502656	10601942016	--	--	--	--	--	--	--
4	218	Attack	HiggsBozo	INFINITE	SS REVENANT	YES	Borg Type 03.1	--	Borg Type 03.1	NO	--	--	NO	896727936	3586911744	4703462400	0	12228088832	9016922496	12398268416	--	--	--	--	--	--	--
4	219	Attack	HiggsBozo	INFINITE	SS REVENANT	YES	Borg Type 03.1	--	Borg Type 03.1	NO	--	--	NO	761407552	3045630208	3993688320	0	10382813184	7656227392	10527311872	--	--	--	--	--	--	--
4	220	Attack	HiggsBozo	INFINITE	SS REVENANT	YES	Borg Type 03.1	--	Borg Type 03.1	NO	--	--	NO	786792192	3147168768	4126834176	0	10728967168	7911479552	10878282752	--	--	--	--	--	--	--
4	221	Attack	HiggsBozo	INFINITE	SS REVENANT	YES	Borg Type 03.1	--	Borg Type 03.1	NO	--	--	NO	878259776	3513039104	4606594048	0	11976250368	8831218496	12142924800	--	--	--	--	--	--	--
4	222	Attack	HiggsBozo	INFINITE	SS REVENANT	YES	Borg Type 03.1	--	Borg Type 03.1	NO	--	--	NO	800696192	3202784768	4199762688	0	10918566912	8051289216	11070521344	--	--	--	--	--	--	--
4	223	Attack	HiggsBozo	INFINITE	SS REVENANT	YES	Borg Type 03.1	--	Borg Type 03.1	NO	--	--	NO	862455168	3449820672	4523697152	0	11760733184	8672296832	11924409344	--	--	--	--	--	--	--
4	224	Attack	HiggsBozo	INFINITE	SS REVENANT	YES	Borg Type 03.1	--	Borg Type 03.1	NO	--	--	NO	895874560	3583498240	4698986496	0	12216451072	9008341504	12386468864	--	--	--	--	--	--	--
4	225	Attack	HiggsBozo	INFINITE	SS REVENANT	YES	Borg Type 03.1	--	Borg Type 03.1	NO	--	--	YES	5921497088	23685988352	31059075072	0	80747560960	59542790144	81871331328	--	--	--	--	--	--	--
4	226	Attack	HiggsBozo	INFINITE	SS REVENANT	YES	Borg Type 03.1	--	Borg Type 03.1	NO	--	--	NO	800840000	3203360000	4200516864	0	10920527872	8052734784	11072509952	--	--	--	--	--	--	--
4	227	Attack	HiggsBozo	INFINITE	SS REVENANT	YES	Borg Type 03.1	--	Borg Type 03.1	NO	--	--	NO	910063040	3640252160	4773406720	0	12409930752	9151012032	12582640640	--	--	--	--	--	--	--
4	228	Attack	HiggsBozo	INFINITE	SS REVENANT	YES	Borg Type 03.1	--	Borg Type 03.1	NO	--	--	NO	868467008	3473868032	4555230208	0	11842712576	8732748352	12007529472	--	--	--	--	--	--	--
4	229	Officer Ability	HiggsBozo	INFINITE	SS REVENANT	YES	--	--	SS REVENANT	NO	--	--	--	--	--	--	--	--	--	--	Officer	0.05	Excessive Measures	Byr Ch'Kelrer	--	--	--
4	230	Charging Weapons	Borg Type 03.1	--	Borg Type 03.1	NO	Borg Type 03.1	--	Borg Type 03.1	NO	--	--	--	--	--	--	--	--	--	--	--	--	--	--	--	--	100
4	231	Attack	HiggsBozo	INFINITE	SS REVENANT	YES	Borg Type 03.1	--	Borg Type 03.1	NO	--	--	NO	1752935040	7011740160	9084739584	0	23903621120	17580225664	24172810240	--	--	--	--	--	--	--
4	232	Attack	HiggsBozo	INFINITE	SS REVENANT	YES	Borg Type 03.1	--	Borg Type 03.1	NO	--	--	NO	1897828480	7591313920	9835661312	0	25879437312	19033365120	26170875904	--	--	--	--	--	--	--
4	233	Attack	HiggsBozo	INFINITE	SS REVENANT	YES	Borg Type 03.1	--	Borg Type 03.1	NO	--	--	NO	1695050368	6780201472	8784746496	0	23114287104	16999699584	23374585856	--	--	--	--	--	--	--
4	234	Attack	HiggsBozo	INFINITE	SS REVENANT	YES	Borg Type 03.1	--	Borg Type 03.1	NO	--	--	NO	1850332672	7401330688	9589511168	0	25231769600	18557028864	25515915264	--	--	--	--	--	--	--
4	235	Attack	HiggsBozo	INFINITE	SS REVENANT	YES	Borg Type 03.1	--	Borg Type 03.1	NO	--	--	NO	1907545088	7630180352	9886019584	0	26011936768	19130813440	26304868352	--	--	--	--	--	--	--
4	236	Attack	HiggsBozo	INFINITE	SS REVENANT	YES	Borg Type 03.1	--	Borg Type 03.1	NO	--	--	NO	1758981248	7035924992	9116073984	0	23986069504	17640863360	24256186368	--	--	--	--	--	--	--
4	237	Attack	HiggsBozo	INFINITE	SS REVENANT	YES	Borg Type 03.1	--	Borg Type 03.1	NO	--	--	NO	1670819200	6683276800	8659166208	0	22783860736	16756682624	23040440320	--	--	--	--	--	--	--
4	238	Attack	HiggsBozo	INFINITE	SS REVENANT	YES	Borg Type 03.1	--	Borg Type 03.1	NO	--	--	YES	14551566336	58206265344	75414765568	0	198430130176	145937983488	200664743936	--	--	--	--	--	--	--
4	239	Attack	HiggsBozo	INFINITE	SS REVENANT	YES	Borg Type 03.1	--	Borg Type 03.1	NO	--	--	YES	13007891456	52031565824	67414532096	0	177380048896	130456435712	179377602560	--	--	--	--	--	--	--
4	240	Attack	HiggsBozo	INFINITE	SS REVENANT	YES	Borg Type 03.1	--	Borg Type 03.1	NO	--	--	NO	1636229888	6544919552	8479904768	0	22312189952	16409787136	22563457024	--	--	--	--	--	--	--
4	241	Attack	HiggsBozo	INFINITE	SS REVENANT	YES	Borg Type 03.1	--	Borg Type 03.1	NO	--	--	YES	13756789760	55027159040	71295762432	0	187592278016	137967158272	189704830976	--	--	--	--	--	--	--
4	242	Attack	HiggsBozo	INFINITE	SS REVENANT	YES	Borg Type 03.1	--	Borg Type 03.1	NO	--	--	NO	1630210176	6520840704	8448706560	0	22230102016	16349414016	22480445440	--	--	--	--	--	--	--
4	243	Attack	Borg Type 03.1	--	Borg Type 03.1	NO	HiggsBozo	INFINITE	SS REVENANT	YES	--	--	NO	193559	774236	2392604	0	0	3360399	0	--	--	--	--	--	--	--
4	244	Attack	Borg Type 03.1	--	Borg Type 03.1	NO	HiggsBozo	INFINITE	SS REVENANT	YES	--	--	NO	187855	751418	2322090	0	0	3261363	0	--	--	--	--	--	--	--
4	245	Attack	Borg Type 03.1	--	Borg Type 03.1	NO	HiggsBozo	INFINITE	SS REVENANT	YES	--	--	NO	193622	774490	2393388	0	0	3361500	0	--	--	--	--	--	--	--
4	246	Attack	Borg Type 03.1	--	Borg Type 03.1	NO	HiggsBozo	INFINITE	SS REVENANT	YES	--	--	NO	187469	749874	2317320	0	0	3254663	0	--	--	--	--	--	--	--
4	247	Charging Weapons	HiggsBozo	INFINITE	SS REVENANT	YES	Borg Type 03.1	--	Borg Type 03.1	NO	--	--	--	--	--	--	--	--	--	--	--	--	--	--	--	--	100
4	248	Officer Ability	HiggsBozo	INFINITE	SS REVENANT	YES	--	--	SS REVENANT	NO	--	--	--	--	--	--	--	--	--	--	Officer	0.05	Excessive Measures	Byr Ch'Kelrer	--	--	--
4	249	Attack	Borg Type 03.1	--	Borg Type 03.1	NO	HiggsBozo	INFINITE	SS REVENANT	YES	--	--	NO	191441	765766	2366429	0	0	3323636	0	--	--	--	--	--	--	--
4	250	Attack	Borg Type 03.1	--	Borg Type 03.1	NO	HiggsBozo	INFINITE	SS REVENANT	YES	--	--	YES	90463	361850	1118218	0	0	1570531	0	--	--	--	--	--	--	--
4	251	Attack	Borg Type 03.1	--	Borg Type 03.1	NO	HiggsBozo	INFINITE	SS REVENANT	YES	--	--	NO	184640	738558	2282350	0	0	3205548	0	--	--	--	--	--	--	--
4	252	Attack	Borg Type 03.1	--	Borg Type 03.1	NO	HiggsBozo	INFINITE	SS REVENANT	YES	--	--	NO	191400	765598	2365912	0	0	3322910	0	--	--	--	--	--	--	--
4	253	Charging Weapons	HiggsBozo	INFINITE	SS REVENANT	YES	Borg Type 03.1	--	Borg Type 03.1	NO	--	--	--	--	--	--	--	--	--	--	--	--	--	--	--	--	100
5	255	battle_action_type_{0}	HiggsBozo	INFINITE	SS REVENANT	YES	--	--	SS REVENANT	NO	--	--	--	--	--	--	--	--	--	--	--	--	245381.8	--	--	--	--
5	256	Officer Ability	HiggsBozo	INFINITE	SS REVENANT	YES	--	--	SS REVENANT	NO	--	--	--	--	--	--	--	--	--	--	Officer	1	Knock it Down	B'Elanna Torres	--	--	--
5	257	Officer Ability	HiggsBozo	INFINITE	SS REVENANT	YES	--	--	SS REVENANT	NO	--	--	--	--	--	--	--	--	--	--	Officer	1	Now We're Cooking	Neelix	--	--	--
5	258	Officer Ability	HiggsBozo	INFINITE	SS REVENANT	YES	--	--	SS REVENANT	NO	--	--	--	--	--	--	--	--	--	--	Officer	0.05	Excessive Measures	Byr Ch'Kelrer	--	--	--
5	259	Officer Ability	HiggsBozo	INFINITE	SS REVENANT	YES	--	--	SS REVENANT	NO	--	--	--	--	--	--	--	--	--	--	Officer	0.3	No Locked Doors	Dajash Tolra	--	--	--
5	260	Officer Ability	HiggsBozo	INFINITE	SS REVENANT	YES	--	--	SS REVENANT	NO	--	--	--	--	--	--	--	--	--	--	Officer	1	The Looking Glass	Toli	--	--	--
5	261	Attack	Borg Type 03.1	--	Borg Type 03.1	NO	HiggsBozo	INFINITE	SS REVENANT	YES	--	--	NO	315678	1262712	3902130	0	0	5480520	0	--	--	--	--	--	--	--
5	262	Attack	Borg Type 03.1	--	Borg Type 03.1	NO	HiggsBozo	INFINITE	SS REVENANT	YES	--	--	NO	319815	1279260	3953269	0	0	5552344	0	--	--	--	--	--	--	--
5	263	Attack	HiggsBozo	INFINITE	SS REVENANT	YES	Borg Type 03.1	--	Borg Type 03.1	NO	--	--	YES	7239194112	28956776448	25418299392	0	98716123136	67507537408	92822855680	--	--	--	--	--	--	--
5	264	Attack	HiggsBozo	INFINITE	SS REVENANT	YES	Borg Type 03.1	--	Borg Type 03.1	NO	--	--	YES	6723297792	26893191168	23606882304	0	91681185792	62696659456	86207897600	--	--	--	--	--	--	--
5	265	Attack	HiggsBozo	INFINITE	SS REVENANT	YES	Borg Type 03.1	--	Borg Type 03.1	NO	--	--	NO	975919488	3903677952	3426654208	0	13307971584	9100726144	12513497088	--	--	--	--	--	--	--
5	266	Attack	HiggsBozo	INFINITE	SS REVENANT	YES	Borg Type 03.1	--	Borg Type 03.1	NO	--	--	YES	7337433088	29349732352	25763235840	0	100055744512	68423639040	94082506752	--	--	--	--	--	--	--
5	267	Attack	HiggsBozo	INFINITE	SS REVENANT	YES	Borg Type 03.1	--	Borg Type 03.1	NO	--	--	NO	821137600	3284550400	2883183104	0	11197313024	7657341376	10528842752	--	--	--	--	--	--	--
5	268	Attack	HiggsBozo	INFINITE	SS REVENANT	YES	Borg Type 03.1	--	Borg Type 03.1	NO	--	--	YES	7000996352	28003985408	24581939200	0	95467978752	65286275584	89768624128	--	--	--	--	--	--	--
5	269	Attack	HiggsBozo	INFINITE	SS REVENANT	YES	Borg Type 03.1	--	Borg Type 03.1	NO	--	--	NO	819470592	3277882368	2877329920	0	11174581248	7641795328	10507468800	--	--	--	--	--	--	--
5	270	Attack	HiggsBozo	INFINITE	SS REVENANT	YES	Borg Type 03.1	--	Borg Type 03.1	NO	--	--	NO	871660160	3486640640	3060578304	0	11886256128	8128478336	11176656896	--	--	--	--	--	--	--
5	271	Attack	HiggsBozo	INFINITE	SS REVENANT	YES	Borg Type 03.1	--	Borg Type 03.1	NO	--	--	NO	826258432	3305033728	2901163520	0	11267142656	7705094656	10594503680	--	--	--	--	--	--	--
5	272	Attack	HiggsBozo	INFINITE	SS REVENANT	YES	Borg Type 03.1	--	Borg Type 03.1	NO	--	--	NO	954468096	3817872384	3351333888	0	13015452672	8900685568	12238441472	--	--	--	--	--	--	--
5	273	Attack	HiggsBozo	INFINITE	SS REVENANT	YES	Borg Type 03.1	--	Borg Type 03.1	NO	--	--	NO	847993920	3391975680	2977481216	0	11563535360	7907783488	10873202688	--	--	--	--	--	--	--
5	274	Attack	HiggsBozo	INFINITE	SS REVENANT	YES	Borg Type 03.1	--	Borg Type 03.1	NO	--	--	YES	6812669952	27250679808	23920685056	0	92899893248	63530076160	87353851904	--	--	--	--	--	--	--
5	275	Attack	HiggsBozo	INFINITE	SS REVENANT	YES	Borg Type 03.1	--	Borg Type 03.1	NO	--	--	NO	969763456	3879053824	3405039104	0	13224026112	9043318400	12434564096	--	--	--	--	--	--	--
5	276	Attack	HiggsBozo	INFINITE	SS REVENANT	YES	Borg Type 03.1	--	Borg Type 03.1	NO	--	--	YES	7226592768	28906371072	25374054400	0	98544287744	67390021120	92661284864	--	--	--	--	--	--	--
5	277	Attack	HiggsBozo	INFINITE	SS REVENANT	YES	Borg Type 03.1	--	Borg Type 03.1	NO	--	--	NO	899153728	3596614912	3157113856	0	12261168128	8384863296	11529187328	--	--	--	--	--	--	--
5	278	Attack	HiggsBozo	INFINITE	SS REVENANT	YES	Borg Type 03.1	--	Borg Type 03.1	NO	--	--	YES	6995542016	27982168064	24562788352	0	95393603584	65235412992	89698689024	--	--	--	--	--	--	--
5	279	Attack	HiggsBozo	INFINITE	SS REVENANT	YES	Borg Type 03.1	--	Borg Type 03.1	NO	--	--	NO	880323648	3521294592	3090997248	0	12004393984	8209267008	11287742464	--	--	--	--	--	--	--
5	280	Attack	HiggsBozo	INFINITE	SS REVENANT	YES	Borg Type 03.1	--	Borg Type 03.1	NO	--	--	NO	858383808	3433535232	3013962240	0	11705214976	8004672192	11006424064	--	--	--	--	--	--	--
5	281	Officer Ability	HiggsBozo	INFINITE	SS REVENANT	YES	--	--	SS REVENANT	NO	--	--	--	--	--	--	--	--	--	--	Officer	0.05	Excessive Measures	Byr Ch'Kelrer	--	--	--
5	282	Charging Weapons	Borg Type 03.1	--	Borg Type 03.1	NO	Borg Type 03.1	--	Borg Type 03.1	NO	--	--	--	--	--	--	--	--	--	--	--	--	--	--	--	--	100
5	283	Attack	HiggsBozo	INFINITE	SS REVENANT	YES	Borg Type 03.1	--	Borg Type 03.1	NO	--	--	NO	2022545664	8090182656	6907561472	0	27580123136	18779122432	25821290496	--	--	--	--	--	--	--
5	284	Attack	HiggsBozo	INFINITE	SS REVENANT	YES	Borg Type 03.1	--	Borg Type 03.1	NO	--	--	NO	2016999168	8067996672	6888618496	0	27504488448	18727621888	25750480896	--	--	--	--	--	--	--
5	285	Attack	HiggsBozo	INFINITE	SS REVENANT	YES	Borg Type 03.1	--	Borg Type 03.1	NO	--	--	NO	1867017856	7468071424	6376390656	0	25459294208	17335062656	23835711488	--	--	--	--	--	--	--
5	286	Attack	HiggsBozo	INFINITE	SS REVENANT	YES	Borg Type 03.1	--	Borg Type 03.1	NO	--	--	NO	1771225856	7084903424	6049233408	0	24153040896	16445645056	22612758528	--	--	--	--	--	--	--
5	287	Attack	HiggsBozo	INFINITE	SS REVENANT	YES	Borg Type 03.1	--	Borg Type 03.1	NO	--	--	YES	16537802752	66151211008	56481243136	0	225515126784	153551738880	211133644800	--	--	--	--	--	--	--
5	288	Attack	HiggsBozo	INFINITE	SS REVENANT	YES	Borg Type 03.1	--	Borg Type 03.1	NO	--	--	NO	1739098880	6956395520	5939510784	0	23714945024	16147346688	22202603520	--	--	--	--	--	--	--
5	289	Attack	HiggsBozo	INFINITE	SS REVENANT	YES	Borg Type 03.1	--	Borg Type 03.1	NO	--	--	NO	1986169472	7944677888	6783326720	0	27084085248	18441371264	25356888064	--	--	--	--	--	--	--
5	290	Attack	HiggsBozo	INFINITE	SS REVENANT	YES	Borg Type 03.1	--	Borg Type 03.1	NO	--	--	NO	1932577792	7730311168	6600295936	0	26353289216	17943777792	24672696320	--	--	--	--	--	--	--
5	291	Attack	HiggsBozo	INFINITE	SS REVENANT	YES	Borg Type 03.1	--	Borg Type 03.1	NO	--	--	NO	2054395392	8217581568	7016336896	0	28014436352	19074841600	26227908608	--	--	--	--	--	--	--
5	292	Attack	HiggsBozo	INFINITE	SS REVENANT	YES	Borg Type 03.1	--	Borg Type 03.1	NO	--	--	NO	1736790016	6947160064	5931625472	0	23683461120	16125910016	22173126656	--	--	--	--	--	--	--
5	293	Attack	HiggsBozo	INFINITE	SS REVENANT	YES	Borg Type 03.1	--	Borg Type 03.1	NO	--	--	NO	2027867776	8111471104	6925737984	0	27652698112	18828537984	25889236992	--	--	--	--	--	--	--
5	294	Attack	HiggsBozo	INFINITE	SS REVENANT	YES	Borg Type 03.1	--	Borg Type 03.1	NO	--	--	YES	14550628352	58202513408	49694482432	0	198417334272	135101036544	185763921920	--	--	--	--	--	--	--
5	295	Attack	HiggsBozo	INFINITE	SS REVENANT	YES	Borg Type 03.1	--	Borg Type 03.1	NO	--	--	NO	1912003968	7648015872	6530030592	0	26072739840	17752754048	24410036224	--	--	--	--	--	--	--
5	296	Attack	HiggsBozo	INFINITE	SS REVENANT	YES	Borg Type 03.1	--	Borg Type 03.1	NO	--	--	NO	2061049472	8244197888	7039062528	0	28105172992	19136623232	26312859648	--	--	--	--	--	--	--
5	297	Attack	Borg Type 03.1	--	Borg Type 03.1	NO	HiggsBozo	INFINITE	SS REVENANT	YES	--	--	NO	187744	750975	2320722	0	0	3259441	0	--	--	--	--	--	--	--
5	298	Attack	Borg Type 03.1	--	Borg Type 03.1	NO	HiggsBozo	INFINITE	SS REVENANT	YES	--	--	NO	192924	771695	2384752	0	0	3349371	0	--	--	--	--	--	--	--
5	299	Attack	Borg Type 03.1	--	Borg Type 03.1	NO	HiggsBozo	INFINITE	SS REVENANT	YES	--	--	NO	190828	763311	2358842	0	0	3312981	0	--	--	--	--	--	--	--
5	300	Attack	Borg Type 03.1	--	Borg Type 03.1	NO	HiggsBozo	INFINITE	SS REVENANT	YES	--	--	NO	188938	755754	2335488	0	0	3280180	0	--	--	--	--	--	--	--
5	301	Attack	HiggsBozo	INFINITE	SS REVENANT	YES	Borg Type 03.1	--	Borg Type 03.1	NO	--	--	NO	3433901824	13735607296	11727738880	0	46825857024	31883412224	43839692800	--	--	--	--	--	--	--
5	302	Attack	HiggsBozo	INFINITE	SS REVENANT	YES	Borg Type 03.1	--	Borg Type 03.1	NO	--	--	YES	27149785088	108599140352	92724142080	0	370223742976	252082870272	346613940224	--	--	--	--	--	--	--
5	303	Attack	HiggsBozo	INFINITE	SS REVENANT	YES	Borg Type 03.1	--	Borg Type 03.1	NO	--	--	NO	4025716224	16102864896	13748951040	0	54896041984	37378346496	51395227648	--	--	--	--	--	--	--
5	304	Attack	HiggsBozo	INFINITE	SS REVENANT	YES	Borg Type 03.1	--	Borg Type 03.1	NO	--	--	NO	3705086976	14820347904	12653913088	0	50523832320	34401339392	47301840896	--	--	--	--	--	--	--
5	305	Attack	HiggsBozo	INFINITE	SS REVENANT	YES	Borg Type 03.1	--	Borg Type 03.1	NO	--	--	NO	4145252096	16581008384	14157200384	0	56526073856	38488223488	52921311232	--	--	--	--	--	--	--
5	306	Attack	HiggsBozo	INFINITE	SS REVENANT	YES	Borg Type 03.1	--	Borg Type 03.1	NO	--	--	YES	29926668288	119706673152	102207979520	0	408090279936	277865928704	382065672192	--	--	--	--	--	--	--
5	307	Attack	HiggsBozo	INFINITE	SS REVENANT	YES	Borg Type 03.1	--	Borg Type 03.1	NO	--	--	NO	3535387648	14141550592	12074341376	0	48209752064	32825696256	45135335424	--	--	--	--	--	--	--
5	308	Attack	HiggsBozo	INFINITE	SS REVENANT	YES	Borg Type 03.1	--	Borg Type 03.1	NO	--	--	NO	3686586880	14746347520	12590729216	0	50271555584	34229565952	47065653248	--	--	--	--	--	--	--
5	309	Attack	HiggsBozo	INFINITE	SS REVENANT	YES	Borg Type 03.1	--	Borg Type 03.1	NO	--	--	NO	4004965120	16019860480	13678081024	0	54613073920	37185678080	51130302464	--	--	--	--	--	--	--
5	310	Attack	HiggsBozo	INFINITE	SS REVENANT	YES	Borg Type 03.1	--	Borg Type 03.1	NO	--	--	NO	3626590464	14506361856	12385824768	0	49453424640	33672504576	46299697152	--	--	--	--	--	--	--
5	311	Attack	HiggsBozo	INFINITE	SS REVENANT	YES	Borg Type 03.1	--	Borg Type 03.1	NO	--	--	NO	3714298112	14857192448	12685371392	0	50649436160	34486861056	47419437056	--	--	--	--	--	--	--
5	312	Attack	HiggsBozo	INFINITE	SS REVENANT	YES	Borg Type 03.1	--	Borg Type 03.1	NO	--	--	NO	3682936832	14731747328	12578264064	0	50221785088	34195676160	47019057152	--	--	--	--	--	--	--
5	313	Attack	HiggsBozo	INFINITE	SS REVENANT	YES	Borg Type 03.1	--	Borg Type 03.1	NO	--	--	NO	4049987840	16199951360	13831845888	0	55227019264	37603710208	51705094144	--	--	--	--	--	--	--
5	314	Attack	HiggsBozo	INFINITE	SS REVENANT	YES	Borg Type 03.1	--	Borg Type 03.1	NO	--	--	YES	31551563776	126206255104	107757453312	0	430247903232	292952934400	402810241024	--	--	--	--	--	--	--
5	315	Officer Ability	HiggsBozo	INFINITE	SS REVENANT	YES	--	--	SS REVENANT	NO	--	--	--	--	--	--	--	--	--	--	Officer	0.05	Excessive Measures	Byr Ch'Kelrer	--	--	--
5	316	Attack	Borg Type 03.1	--	Borg Type 03.1	NO	HiggsBozo	INFINITE	SS REVENANT	YES	--	--	YES	91581	366326	1132048	0	0	1589955	0	--	--	--	--	--	--	--
5	317	Attack	Borg Type 03.1	--	Borg Type 03.1	NO	HiggsBozo	INFINITE	SS REVENANT	YES	--	--	NO	192870	771479	2384085	0	0	3348434	0	--	--	--	--	--	--	--
5	318	Attack	Borg Type 03.1	--	Borg Type 03.1	NO	HiggsBozo	INFINITE	SS REVENANT	YES	--	--	NO	183992	735970	2274350	0	0	3194312	0	--	--	--	--	--	--	--
5	319	Attack	Borg Type 03.1	--	Borg Type 03.1	NO	HiggsBozo	INFINITE	SS REVENANT	YES	--	--	NO	179961	719846	2224522	0	0	3124329	0	--	--	--	--	--	--	--
5	320	Attack	HiggsBozo	INFINITE	SS REVENANT	YES	Borg Type 03.1	--	Borg Type 03.1	NO	--	--	NO	2872799488	11491197952	7693186560	0	39174471680	25781750528	35449905152	--	--	--	--	--	--	--
5	321	Attack	HiggsBozo	INFINITE	SS REVENANT	YES	Borg Type 03.1	--	Borg Type 03.1	NO	--	--	YES	21086052352	84344209408	56467202048	0	287536611328	189235396608	260198678528	--	--	--	--	--	--	--
5	322	Attack	HiggsBozo	INFINITE	SS REVENANT	YES	Borg Type 03.1	--	Borg Type 03.1	NO	--	--	NO	2761475072	11045900288	7395066880	0	37656416256	24782675968	34076182528	--	--	--	--	--	--	--
5	323	Attack	HiggsBozo	INFINITE	SS REVENANT	YES	Borg Type 03.1	--	Borg Type 03.1	NO	--	--	YES	21530609664	86122438656	57657700352	0	293598756864	193225054208	265684451328	--	--	--	--	--	--	--
5	324	Attack	HiggsBozo	INFINITE	SS REVENANT	YES	Borg Type 03.1	--	Borg Type 03.1	NO	--	--	NO	2913005312	11652021248	7800855552	0	39722733568	26142574336	35946041344	--	--	--	--	--	--	--
5	325	Attack	HiggsBozo	INFINITE	SS REVENANT	YES	Borg Type 03.1	--	Borg Type 03.1	NO	--	--	NO	2922684416	11690737664	7826775552	0	39854723072	26229440000	36065480704	--	--	--	--	--	--	--
5	326	Attack	HiggsBozo	INFINITE	SS REVENANT	YES	Borg Type 03.1	--	Borg Type 03.1	NO	--	--	YES	21980641280	87922565120	58862854144	0	299735515136	197263816704	271237758976	--	--	--	--	--	--	--
5	327	Attack	HiggsBozo	INFINITE	SS REVENANT	YES	Borg Type 03.1	--	Borg Type 03.1	NO	--	--	NO	2946376704	11785506816	7890222080	0	40177799168	26442067968	36357836800	--	--	--	--	--	--	--
5	328	Attack	HiggsBozo	INFINITE	SS REVENANT	YES	Borg Type 03.1	--	Borg Type 03.1	NO	--	--	NO	2914200064	11656800256	7804055040	0	39739027456	26153299968	35960782848	--	--	--	--	--	--	--
5	329	Attack	HiggsBozo	INFINITE	SS REVENANT	YES	Borg Type 03.1	--	Borg Type 03.1	NO	--	--	NO	3039328256	12157313024	8139141120	0	41445318656	27276253184	37504847872	--	--	--	--	--	--	--
5	330	Attack	HiggsBozo	INFINITE	SS REVENANT	YES	Borg Type 03.1	--	Borg Type 03.1	NO	--	--	NO	3023568640	12094274560	8096937984	0	41230413824	27134817024	37310377984	--	--	--	--	--	--	--
5	331	Attack	HiggsBozo	INFINITE	SS REVENANT	YES	Borg Type 03.1	--	Borg Type 03.1	NO	--	--	NO	2873914368	11495657472	7696172544	0	39189680128	25791756800	35463667712	--	--	--	--	--	--	--
5	332	Attack	HiggsBozo	INFINITE	SS REVENANT	YES	Borg Type 03.1	--	Borg Type 03.1	NO	--	--	NO	2751700992	11006803968	7368892416	0	37523136512	24694962176	33955571712	--	--	--	--	--	--	--
5	333	Attack	HiggsBozo	INFINITE	SS REVENANT	YES	Borg Type 03.1	--	Borg Type 03.1	NO	--	--	NO	2952635648	11810542592	7906983424	0	40263147520	26498234112	36435075072	--	--	--	--	--	--	--
5	334	Attack	HiggsBozo	INFINITE	SS REVENANT	YES	Borg Type 03.1	--	Borg Type 03.1	NO	--	--	NO	2688600832	10754403328	7199913472	0	36662677504	24128670976	33176924160	--	--	--	--	--	--	--
5	335	Attack	HiggsBozo	INFINITE	SS REVENANT	YES	Borg Type 03.1	--	Borg Type 03.1	NO	--	--	NO	2932644096	11730576384	7853447168	0	39990538240	26318824704	36188381184	--	--	--	--	--	--	--
5	336	Attack	HiggsBozo	INFINITE	SS REVENANT	YES	Borg Type 03.1	--	Borg Type 03.1	NO	--	--	NO	2533288192	10133152768	6783995904	0	34544783360	22734828800	31260391424	--	--	--	--	--	--	--
5	337	Attack	HiggsBozo	INFINITE	SS REVENANT	YES	Borg Type 03.1	--	Borg Type 03.1	NO	--	--	YES	23651176448	94604705792	63336452096	0	322515533824	212255940608	291851927552	--	--	--	--	--	--	--
6	339	battle_action_type_{0}	HiggsBozo	INFINITE	SS REVENANT	YES	--	--	SS REVENANT	NO	--	--	--	--	--	--	--	--	--	--	--	--	245319.7	--	--	--	--
6	340	Officer Ability	HiggsBozo	INFINITE	SS REVENANT	YES	--	--	SS REVENANT	NO	--	--	--	--	--	--	--	--	--	--	Officer	1	Knock it Down	B'Elanna Torres	--	--	--
6	341	Officer Ability	HiggsBozo	INFINITE	SS REVENANT	YES	--	--	SS REVENANT	NO	--	--	--	--	--	--	--	--	--	--	Officer	1	Now We're Cooking	Neelix	--	--	--
6	342	Officer Ability	HiggsBozo	INFINITE	SS REVENANT	YES	--	--	SS REVENANT	NO	--	--	--	--	--	--	--	--	--	--	Officer	0.05	Excessive Measures	Byr Ch'Kelrer	--	--	--
6	343	Officer Ability	HiggsBozo	INFINITE	SS REVENANT	YES	--	--	SS REVENANT	NO	--	--	--	--	--	--	--	--	--	--	Officer	1	The Looking Glass	Toli	--	--	--
6	344	Attack	Borg Type 03.1	--	Borg Type 03.1	NO	HiggsBozo	INFINITE	SS REVENANT	YES	--	--	NO	331560	1326239	4098447	0	0	5756246	0	--	--	--	--	--	--	--
6	345	Attack	Borg Type 03.1	--	Borg Type 03.1	NO	HiggsBozo	INFINITE	SS REVENANT	YES	--	--	NO	327286	1309145	4045620	0	0	5682051	0	--	--	--	--	--	--	--
6	346	Attack	HiggsBozo	INFINITE	SS REVENANT	YES	Borg Type 03.1	--	Borg Type 03.1	NO	--	--	NO	963208256	3852833024	980344064	0	13134636032	7970955840	10960065536	--	--	--	--	--	--	--
6	347	Attack	HiggsBozo	INFINITE	SS REVENANT	YES	Borg Type 03.1	--	Borg Type 03.1	NO	--	--	YES	7402990592	29611962368	7534692352	0	100949704704	61262881792	84236468224	--	--	--	--	--	--	--
6	348	Attack	HiggsBozo	INFINITE	SS REVENANT	YES	Borg Type 03.1	--	Borg Type 03.1	NO	--	--	NO	1013495616	4053982464	1031526080	0	13820372992	8387106560	11532270592	--	--	--	--	--	--	--
6	349	Attack	HiggsBozo	INFINITE	SS REVENANT	YES	Borg Type 03.1	--	Borg Type 03.1	NO	--	--	YES	7923087872	31692351488	8064042496	0	108041936896	65566910464	90154508288	--	--	--	--	--	--	--
6	350	Attack	HiggsBozo	INFINITE	SS REVENANT	YES	Borg Type 03.1	--	Borg Type 03.1	NO	--	--	NO	996505536	3986022144	1014233728	0	13588689920	8246505792	11338945536	--	--	--	--	--	--	--
6	351	Attack	HiggsBozo	INFINITE	SS REVENANT	YES	Borg Type 03.1	--	Borg Type 03.1	NO	--	--	NO	962989184	3851956736	980121088	0	13131649024	7969142912	10957573120	--	--	--	--	--	--	--
6	352	Attack	HiggsBozo	INFINITE	SS REVENANT	YES	Borg Type 03.1	--	Borg Type 03.1	NO	--	--	YES	7604914176	30419656704	7740208640	0	103703207936	62933884416	86534103040	--	--	--	--	--	--	--
6	353	Attack	HiggsBozo	INFINITE	SS REVENANT	YES	Borg Type 03.1	--	Borg Type 03.1	NO	--	--	NO	1102637824	4410551296	1122254080	0	15035945984	9124795392	12546593792	--	--	--	--	--	--	--
6	354	Attack	HiggsBozo	INFINITE	SS REVENANT	YES	Borg Type 03.1	--	Borg Type 03.1	NO	--	--	NO	1069185536	4276742144	1088206720	0	14579779584	8847963520	12165950464	--	--	--	--	--	--	--
6	355	Attack	HiggsBozo	INFINITE	SS REVENANT	YES	Borg Type 03.1	--	Borg Type 03.1	NO	--	--	NO	921546496	3686185984	937941120	0	12566522880	7626188672	10486007808	--	--	--	--	--	--	--
6	356	Attack	HiggsBozo	INFINITE	SS REVENANT	YES	Borg Type 03.1	--	Borg Type 03.1	NO	--	--	NO	1082563584	4330254336	1101822720	0	14762207232	8958672640	12318175232	--	--	--	--	--	--	--
6	357	Attack	HiggsBozo	INFINITE	SS REVENANT	YES	Borg Type 03.1	--	Borg Type 03.1	NO	--	--	NO	941527168	3766108672	958277248	0	12838985728	7791536384	10713362432	--	--	--	--	--	--	--
6	358	Attack	HiggsBozo	INFINITE	SS REVENANT	YES	Borg Type 03.1	--	Borg Type 03.1	NO	--	--	NO	1095068416	4380273664	1114550144	0	14932727808	9062155904	12460464128	--	--	--	--	--	--	--
6	359	Attack	HiggsBozo	INFINITE	SS REVENANT	YES	Borg Type 03.1	--	Borg Type 03.1	NO	--	--	NO	1035786752	4143147008	1054213760	0	14124341248	8571574400	11785914368	--	--	--	--	--	--	--
6	360	Attack	HiggsBozo	INFINITE	SS REVENANT	YES	Borg Type 03.1	--	Borg Type 03.1	NO	--	--	NO	927837312	3711349248	944343872	0	12652306432	7678246336	10557590528	--	--	--	--	--	--	--
6	361	Attack	HiggsBozo	INFINITE	SS REVENANT	YES	Borg Type 03.1	--	Borg Type 03.1	NO	--	--	YES	7320927744	29283710976	7451169792	0	99830669312	60583774720	83302703104	--	--	--	--	--	--	--
6	362	Attack	HiggsBozo	INFINITE	SS REVENANT	YES	Borg Type 03.1	--	Borg Type 03.1	NO	--	--	YES	8428175360	33712701440	8578115584	0	114929483776	69746731008	95901745152	--	--	--	--	--	--	--
6	363	Attack	HiggsBozo	INFINITE	SS REVENANT	YES	Borg Type 03.1	--	Borg Type 03.1	NO	--	--	YES	8348014080	33392056320	8496527872	0	113836367872	69083351040	94989615104	--	--	--	--	--	--	--
6	364	Officer Ability	HiggsBozo	INFINITE	SS REVENANT	YES	--	--	SS REVENANT	NO	--	--	--	--	--	--	--	--	--	--	Officer	0.05	Excessive Measures	Byr Ch'Kelrer	--	--	--
6	365	Charging Weapons	Borg Type 03.1	--	Borg Type 03.1	NO	Borg Type 03.1	--	Borg Type 03.1	NO	--	--	--	--	--	--	--	--	--	--	--	--	--	--	--	--	100
6	366	Attack	HiggsBozo	INFINITE	SS REVENANT	YES	Borg Type 03.1	--	Borg Type 03.1	NO	--	--	YES	16305953792	65223815168	16743701504	0	222353555456	135000860672	185626165248	--	--	--	--	--	--	--
6	367	Attack	HiggsBozo	INFINITE	SS REVENANT	YES	Borg Type 03.1	--	Borg Type 03.1	NO	--	--	NO	2013571712	8054286848	2067627776	0	27457751040	16670837632	22922399744	--	--	--	--	--	--	--
6	368	Attack	HiggsBozo	INFINITE	SS REVENANT	YES	Borg Type 03.1	--	Borg Type 03.1	NO	--	--	NO	2308281088	9233124352	2370248704	0	31476508672	19110805248	26277357568	--	--	--	--	--	--	--
6	369	Attack	HiggsBozo	INFINITE	SS REVENANT	YES	Borg Type 03.1	--	Borg Type 03.1	NO	--	--	NO	2279654400	9118617600	2340853504	0	31086145536	18873799424	25951471616	--	--	--	--	--	--	--
6	370	Attack	HiggsBozo	INFINITE	SS REVENANT	YES	Borg Type 03.1	--	Borg Type 03.1	NO	--	--	YES	16313801728	65255206912	16751759360	0	222460575744	135065836544	185715507200	--	--	--	--	--	--	--
6	371	Attack	HiggsBozo	INFINITE	SS REVENANT	YES	Borg Type 03.1	--	Borg Type 03.1	NO	--	--	NO	2213133056	8852532224	2272546560	0	30179039232	18323052032	25194199040	--	--	--	--	--	--	--
6	372	Attack	HiggsBozo	INFINITE	SS REVENANT	YES	Borg Type 03.1	--	Borg Type 03.1	NO	--	--	NO	1922516352	7690065408	1974127872	0	26216089600	15916968064	21885831168	--	--	--	--	--	--	--
6	373	Attack	HiggsBozo	INFINITE	SS REVENANT	YES	Borg Type 03.1	--	Borg Type 03.1	NO	--	--	YES	17633837056	70535348224	18107232256	0	240461021184	145994706944	200742731776	--	--	--	--	--	--	--
6	374	Attack	HiggsBozo	INFINITE	SS REVENANT	YES	Borg Type 03.1	--	Borg Type 03.1	NO	--	--	NO	1960229248	7840916992	2012853376	0	26730356736	16229202944	22315153408	--	--	--	--	--	--	--
6	375	Attack	HiggsBozo	INFINITE	SS REVENANT	YES	Borg Type 03.1	--	Borg Type 03.1	NO	--	--	NO	1955132928	7820531712	2007620096	0	26660859904	16187009024	22257135616	--	--	--	--	--	--	--
6	376	Attack	HiggsBozo	INFINITE	SS REVENANT	YES	Borg Type 03.1	--	Borg Type 03.1	NO	--	--	NO	2319677952	9278711808	2381951488	0	31631919104	19205161984	26407098368	--	--	--	--	--	--	--
6	377	Attack	HiggsBozo	INFINITE	SS REVENANT	YES	Borg Type 03.1	--	Borg Type 03.1	NO	--	--	NO	2314558720	9258234880	2376695040	0	31562113024	19162779136	26348822528	--	--	--	--	--	--	--
6	378	Attack	HiggsBozo	INFINITE	SS REVENANT	YES	Borg Type 03.1	--	Borg Type 03.1	NO	--	--	NO	1954129536	7816518144	2006589824	0	26647177216	16178700800	22245713920	--	--	--	--	--	--	--
6	379	Attack	HiggsBozo	INFINITE	SS REVENANT	YES	Borg Type 03.1	--	Borg Type 03.1	NO	--	--	NO	2141361024	8565444096	2198847744	0	29200328704	17728834176	24377147392	--	--	--	--	--	--	--
6	380	Attack	Borg Type 03.1	--	Borg Type 03.1	NO	HiggsBozo	INFINITE	SS REVENANT	YES	--	--	NO	185863	743453	2297476	0	0	3226792	0	--	--	--	--	--	--	--
6	381	Attack	Borg Type 03.1	--	Borg Type 03.1	NO	HiggsBozo	INFINITE	SS REVENANT	YES	--	--	NO	187096	748384	2312714	0	0	3248194	0	--	--	--	--	--	--	--
6	382	Attack	Borg Type 03.1	--	Borg Type 03.1	NO	HiggsBozo	INFINITE	SS REVENANT	YES	--	--	NO	179649	718596	2220661	0	0	3118906	0	--	--	--	--	--	--	--
6	383	Attack	Borg Type 03.1	--	Borg Type 03.1	NO	HiggsBozo	INFINITE	SS REVENANT	YES	--	--	NO	191002	764010	2361002	0	0	3316014	0	--	--	--	--	--	--	--
6	384	Charging Weapons	HiggsBozo	INFINITE	SS REVENANT	YES	Borg Type 03.1	--	Borg Type 03.1	NO	--	--	--	--	--	--	--	--	--	--	--	--	--	--	--	--	100
6	385	Officer Ability	HiggsBozo	INFINITE	SS REVENANT	YES	--	--	SS REVENANT	NO	--	--	--	--	--	--	--	--	--	--	Officer	0.05	Excessive Measures	Byr Ch'Kelrer	--	--	--
6	386	Attack	Borg Type 03.1	--	Borg Type 03.1	NO	HiggsBozo	INFINITE	SS REVENANT	YES	--	--	NO	183752	735010	2271384	0	0	3190146	0	--	--	--	--	--	--	--
6	387	Attack	Borg Type 03.1	--	Borg Type 03.1	NO	HiggsBozo	INFINITE	SS REVENANT	YES	--	--	NO	185733	742930	2295861	0	0	3224524	0	--	--	--	--	--	--	--
6	388	Attack	Borg Type 03.1	--	Borg Type 03.1	NO	HiggsBozo	INFINITE	SS REVENANT	YES	--	--	NO	190686	762742	2357086	0	0	3310514	0	--	--	--	--	--	--	--
6	389	Attack	Borg Type 03.1	--	Borg Type 03.1	NO	HiggsBozo	INFINITE	SS REVENANT	YES	--	--	NO	183311	733244	2265926	0	0	3182481	0	--	--	--	--	--	--	--
6	390	Charging Weapons	HiggsBozo	INFINITE	SS REVENANT	YES	Borg Type 03.1	--	Borg Type 03.1	NO	--	--	--	--	--	--	--	--	--	--	--	--	--	--	--	--	100
7	392	battle_action_type_{0}	HiggsBozo	INFINITE	SS REVENANT	YES	--	--	SS REVENANT	NO	--	--	--	--	--	--	--	--	--	--	--	--	257512.6	--	--	--	--
7	393	Officer Ability	HiggsBozo	INFINITE	SS REVENANT	YES	--	--	SS REVENANT	NO	--	--	--	--	--	--	--	--	--	--	Officer	1	Knock it Down	B'Elanna Torres	--	--	--
7	394	Officer Ability	HiggsBozo	INFINITE	SS REVENANT	YES	--	--	SS REVENANT	NO	--	--	--	--	--	--	--	--	--	--	Officer	1	Now We're Cooking	Neelix	--	--	--
7	395	Officer Ability	HiggsBozo	INFINITE	SS REVENANT	YES	--	--	SS REVENANT	NO	--	--	--	--	--	--	--	--	--	--	Officer	0.05	Excessive Measures	Byr Ch'Kelrer	--	--	--
7	396	Officer Ability	HiggsBozo	INFINITE	SS REVENANT	YES	--	--	SS REVENANT	NO	--	--	--	--	--	--	--	--	--	--	Officer	1	The Looking Glass	Toli	--	--	--
7	397	Attack	Borg Type 03.1	--	Borg Type 03.1	NO	HiggsBozo	INFINITE	SS REVENANT	YES	--	--	NO	323053	1292214	3993298	0	0	5608565	0	--	--	--	--	--	--	--
7	398	Attack	Borg Type 03.1	--	Borg Type 03.1	NO	HiggsBozo	INFINITE	SS REVENANT	YES	--	--	NO	310382	1241530	3836670	0	0	5388582	0	--	--	--	--	--	--	--
7	399	Attack	HiggsBozo	INFINITE	SS REVENANT	YES	Borg Type 03.1	--	Borg Type 03.1	NO	--	--	NO	1081473536	4325894144	423819328	0	14747341824	8664644160	11913884672	--	--	--	--	--	--	--
7	400	Attack	HiggsBozo	INFINITE	SS REVENANT	YES	Borg Type 03.1	--	Borg Type 03.1	NO	--	--	NO	990690112	3962760448	388242144	0	13509388288	7937297184	10913783808	--	--	--	--	--	--	--
7	401	Attack	HiggsBozo	INFINITE	SS REVENANT	YES	Borg Type 03.1	--	Borg Type 03.1	NO	--	--	NO	1148535168	4594140672	450100192	0	15661818880	9201934176	12652660736	--	--	--	--	--	--	--
7	402	Attack	HiggsBozo	INFINITE	SS REVENANT	YES	Borg Type 03.1	--	Borg Type 03.1	NO	--	--	NO	971251904	3885007616	380624512	0	13244322816	7781560896	10699645952	--	--	--	--	--	--	--
7	403	Attack	HiggsBozo	INFINITE	SS REVENANT	YES	Borg Type 03.1	--	Borg Type 03.1	NO	--	--	NO	1118291968	4473167872	438248128	0	15249411072	8959628992	12319490048	--	--	--	--	--	--	--
7	404	Attack	HiggsBozo	INFINITE	SS REVENANT	YES	Borg Type 03.1	--	Borg Type 03.1	NO	--	--	NO	1101863424	4407453696	431809920	0	15025385472	8828005248	12138507264	--	--	--	--	--	--	--
7	405	Attack	HiggsBozo	INFINITE	SS REVENANT	YES	Borg Type 03.1	--	Borg Type 03.1	NO	--	--	YES	8517443072	34069772288	3337905920	0	116146757632	68240792832	93831086080	--	--	--	--	--	--	--
7	406	Attack	HiggsBozo	INFINITE	SS REVENANT	YES	Borg Type 03.1	--	Borg Type 03.1	NO	--	--	YES	7792275456	31169101824	3053719552	0	106258128896	62430830592	85842395136	--	--	--	--	--	--	--
7	407	Attack	HiggsBozo	INFINITE	SS REVENANT	YES	Borg Type 03.1	--	Borg Type 03.1	NO	--	--	YES	7514613248	30058452992	2944906496	0	102471835648	60206232320	82783576064	--	--	--	--	--	--	--
7	408	Attack	HiggsBozo	INFINITE	SS REVENANT	YES	Borg Type 03.1	--	Borg Type 03.1	NO	--	--	NO	1041718784	4166875136	408239808	0	14205233152	8346133696	11475933184	--	--	--	--	--	--	--
7	409	Attack	HiggsBozo	INFINITE	SS REVENANT	YES	Borg Type 03.1	--	Borg Type 03.1	NO	--	--	NO	1079414784	4317659136	423012512	0	14719267840	8648149152	11891205120	--	--	--	--	--	--	--
7	410	Attack	HiggsBozo	INFINITE	SS REVENANT	YES	Borg Type 03.1	--	Borg Type 03.1	NO	--	--	NO	974820480	3899281920	382023008	0	13292985344	7810152416	10738958336	--	--	--	--	--	--	--
7	411	Attack	HiggsBozo	INFINITE	SS REVENANT	YES	Borg Type 03.1	--	Borg Type 03.1	NO	--	--	YES	7858262528	31433050112	3079579392	0	107157954560	62959517952	86569328640	--	--	--	--	--	--	--
7	412	Attack	HiggsBozo	INFINITE	SS REVENANT	YES	Borg Type 03.1	--	Borg Type 03.1	NO	--	--	YES	8660057088	34640228352	3393795328	0	118091497472	69383397632	95402180608	--	--	--	--	--	--	--
7	413	Officer Ability	HiggsBozo	INFINITE	SS REVENANT	YES	--	--	SS REVENANT	NO	--	--	--	--	--	--	--	--	--	--	Officer	0.05	Excessive Measures	Byr Ch'Kelrer	--	--	--
7	414	Charging Weapons	Borg Type 03.1	--	Borg Type 03.1	NO	Borg Type 03.1	--	Borg Type 03.1	NO	--	--	--	--	--	--	--	--	--	--	--	--	--	--	--	--	100
7	415	Attack	HiggsBozo	INFINITE	SS REVENANT	YES	Borg Type 03.1	--	Borg Type 03.1	NO	--	--	NO	2125598592	8502394368	857181440	0	28985387008	17040235136	23430326272	--	--	--	--	--	--	--
7	416	Attack	HiggsBozo	INFINITE	SS REVENANT	YES	Borg Type 03.1	--	Borg Type 03.1	NO	--	--	NO	2020304256	8081217024	814719872	0	27549558784	16196126464	22269673472	--	--	--	--	--	--	--
7	417	Attack	HiggsBozo	INFINITE	SS REVENANT	YES	Borg Type 03.1	--	Borg Type 03.1	NO	--	--	NO	2272700416	9090801664	916502656	0	30991321088	18219505792	25051820032	--	--	--	--	--	--	--
7	418	Attack	HiggsBozo	INFINITE	SS REVENANT	YES	Borg Type 03.1	--	Borg Type 03.1	NO	--	--	NO	2107648768	8430595072	849942912	0	28740618240	16896338048	23232466944	--	--	--	--	--	--	--
7	419	Attack	HiggsBozo	INFINITE	SS REVENANT	YES	Borg Type 03.1	--	Borg Type 03.1	NO	--	--	YES	18642360320	74569441280	7517828608	0	254213603328	149449780736	205493452800	--	--	--	--	--	--	--
7	420	Attack	HiggsBozo	INFINITE	SS REVENANT	YES	Borg Type 03.1	--	Borg Type 03.1	NO	--	--	NO	2158160640	8632642560	870312640	0	29429415936	17301277120	23789254656	--	--	--	--	--	--	--
7	421	Attack	HiggsBozo	INFINITE	SS REVENANT	YES	Borg Type 03.1	--	Borg Type 03.1	NO	--	--	YES	17297321984	69189287936	6975420416	0	235872190464	138667042816	190667177984	--	--	--	--	--	--	--
7	422	Attack	HiggsBozo	INFINITE	SS REVENANT	YES	Borg Type 03.1	--	Borg Type 03.1	NO	--	--	NO	2143908352	8575633408	864565184	0	29235066880	17187021248	23632152576	--	--	--	--	--	--	--
7	423	Attack	HiggsBozo	INFINITE	SS REVENANT	YES	Borg Type 03.1	--	Borg Type 03.1	NO	--	--	NO	2064724096	8258896384	832632896	0	28155283456	16552225472	22759311360	--	--	--	--	--	--	--
7	424	Attack	HiggsBozo	INFINITE	SS REVENANT	YES	Borg Type 03.1	--	Borg Type 03.1	NO	--	--	NO	2319633408	9278533632	935429056	0	31631312896	18595751872	25569157120	--	--	--	--	--	--	--
7	425	Attack	HiggsBozo	INFINITE	SS REVENANT	YES	Borg Type 03.1	--	Borg Type 03.1	NO	--	--	NO	2244832256	8979329024	905264384	0	30611300352	17996095744	24744630272	--	--	--	--	--	--	--
7	426	Attack	HiggsBozo	INFINITE	SS REVENANT	YES	Borg Type 03.1	--	Borg Type 03.1	NO	--	--	YES	15898017792	63592071168	6411128832	0	216790810624	127449272320	175242756096	--	--	--	--	--	--	--
7	427	Attack	Borg Type 03.1	--	Borg Type 03.1	NO	HiggsBozo	INFINITE	SS REVENANT	YES	--	--	NO	186715	746858	2308000	0	0	3241573	0	--	--	--	--	--	--	--
7	428	Attack	Borg Type 03.1	--	Borg Type 03.1	NO	HiggsBozo	INFINITE	SS REVENANT	YES	--	--	NO	192076	768306	2374278	0	0	3334660	0	--	--	--	--	--	--	--
7	429	Attack	Borg Type 03.1	--	Borg Type 03.1	NO	HiggsBozo	INFINITE	SS REVENANT	YES	--	--	NO	188748	754993	2333137	0	0	3276878	0	--	--	--	--	--	--	--
7	430	Attack	Borg Type 03.1	--	Borg Type 03.1	NO	HiggsBozo	INFINITE	SS REVENANT	YES	--	--	NO	189237	756946	2339174	0	0	3285357	0	--	--	--	--	--	--	--
7	431	Attack	HiggsBozo	INFINITE	SS REVENANT	YES	Borg Type 03.1	--	Borg Type 03.1	NO	--	--	NO	4365833728	17463334912	1760591872	0	59534000128	34999479808	48124280832	--	--	--	--	--	--	--
7	432	Attack	HiggsBozo	INFINITE	SS REVENANT	YES	Borg Type 03.1	--	Borg Type 03.1	NO	--	--	YES	35122962432	140491849728	14163893248	0	478948687872	281569410048	387157983232	--	--	--	--	--	--	--
7	433	Attack	HiggsBozo	INFINITE	SS REVENANT	YES	Borg Type 03.1	--	Borg Type 03.1	NO	--	--	NO	4596195328	18384781312	1853489024	0	62675292160	36846215040	50663542784	--	--	--	--	--	--	--
7	434	Attack	HiggsBozo	INFINITE	SS REVENANT	YES	Borg Type 03.1	--	Borg Type 03.1	NO	--	--	YES	35779289088	143117156352	14428567552	0	487898611712	286830991360	394392633344	--	--	--	--	--	--	--
7	435	Attack	HiggsBozo	INFINITE	SS REVENANT	YES	Borg Type 03.1	--	Borg Type 03.1	NO	--	--	NO	3933171456	15732685824	1586114048	0	53634068480	31530965248	43355074560	--	--	--	--	--	--	--
7	436	Attack	HiggsBozo	INFINITE	SS REVENANT	YES	Borg Type 03.1	--	Borg Type 03.1	NO	--	--	NO	4828808192	19315232768	1947293824	0	65847279616	38710996096	53227618304	--	--	--	--	--	--	--
7	437	Attack	HiggsBozo	INFINITE	SS REVENANT	YES	Borg Type 03.1	--	Borg Type 03.1	NO	--	--	YES	36300414976	145201659904	14638720000	0	495004844032	291008709632	400136929280	--	--	--	--	--	--	--
7	438	Attack	HiggsBozo	INFINITE	SS REVENANT	YES	Borg Type 03.1	--	Borg Type 03.1	NO	--	--	NO	4742594560	18970378240	1912526848	0	64671641600	38019848192	52277293056	--	--	--	--	--	--	--
7	439	Attack	HiggsBozo	INFINITE	SS REVENANT	YES	Borg Type 03.1	--	Borg Type 03.1	NO	--	--	YES	37235404800	148941619200	15015770112	0	507754708992	298504218624	410443284480	--	--	--	--	--	--	--
7	440	Attack	HiggsBozo	INFINITE	SS REVENANT	YES	Borg Type 03.1	--	Borg Type 03.1	NO	--	--	NO	4322775040	17291100160	1743227904	0	58946834432	34654288896	47649648640	--	--	--	--	--	--	--
7	441	Attack	HiggsBozo	INFINITE	SS REVENANT	YES	Borg Type 03.1	--	Borg Type 03.1	NO	--	--	NO	4644837888	18579351552	1873104896	0	63338598400	37236163072	51199729664	--	--	--	--	--	--	--
7	442	Attack	HiggsBozo	INFINITE	SS REVENANT	YES	Borg Type 03.1	--	Borg Type 03.1	NO	--	--	NO	4153461504	16613846016	1674949504	0	56638017536	33296956032	45783318528	--	--	--	--	--	--	--
7	443	Officer Ability	HiggsBozo	INFINITE	SS REVENANT	YES	--	--	SS REVENANT	NO	--	--	--	--	--	--	--	--	--	--	Officer	0.05	Excessive Measures	Byr Ch'Kelrer	--	--	--
7	444	Attack	Borg Type 03.1	--	Borg Type 03.1	NO	HiggsBozo	INFINITE	SS REVENANT	YES	--	--	NO	185808	743230	2296788	0	0	3225826	0	--	--	--	--	--	--	--
7	445	Attack	Borg Type 03.1	--	Borg Type 03.1	NO	HiggsBozo	INFINITE	SS REVENANT	YES	--	--	NO	184896	739583	2285517	0	0	3209996	0	--	--	--	--	--	--	--
7	446	Attack	Borg Type 03.1	--	Borg Type 03.1	NO	HiggsBozo	INFINITE	SS REVENANT	YES	--	--	NO	192518	770070	2379730	0	0	3342318	0	--	--	--	--	--	--	--
7	447	Attack	Borg Type 03.1	--	Borg Type 03.1	NO	HiggsBozo	INFINITE	SS REVENANT	YES	--	--	NO	184844	739375	2284874	0	0	3209093	0	--	--	--	--	--	--	--
7	448	Attack	HiggsBozo	INFINITE	SS REVENANT	YES	Borg Type 03.1	--	Borg Type 03.1	NO	--	--	NO	2957619968	11830479872	1533001984	0	40331116544	23853565952	32798652416	--	--	--	--	--	--	--
7	449	Attack	HiggsBozo	INFINITE	SS REVENANT	YES	Borg Type 03.1	--	Borg Type 03.1	NO	--	--	NO	3394126336	13576505344	1759253248	0	46283464704	27374042368	37639307264	--	--	--	--	--	--	--
7	450	Attack	HiggsBozo	INFINITE	SS REVENANT	YES	Borg Type 03.1	--	Borg Type 03.1	NO	--	--	YES	27513612288	110054449152	14260933632	0	375185014784	221900643328	305113366528	--	--	--	--	--	--	--
7	451	Attack	HiggsBozo	INFINITE	SS REVENANT	YES	Borg Type 03.1	--	Borg Type 03.1	NO	--	--	NO	2979745024	11918980096	1544470016	0	40632823808	24032007936	33044011008	--	--	--	--	--	--	--
7	452	Attack	HiggsBozo	INFINITE	SS REVENANT	YES	Borg Type 03.1	--	Borg Type 03.1	NO	--	--	YES	24412207104	97648828416	12653404160	0	332893192192	196887427072	270720204800	--	--	--	--	--	--	--
7	453	Attack	HiggsBozo	INFINITE	SS REVENANT	YES	Borg Type 03.1	--	Borg Type 03.1	NO	--	--	YES	25846704128	103386816512	13396937728	0	352454508544	208456848384	286628118528	--	--	--	--	--	--	--
7	454	Attack	HiggsBozo	INFINITE	SS REVENANT	YES	Borg Type 03.1	--	Borg Type 03.1	NO	--	--	NO	3286003200	13144012800	1703210624	0	44809064448	26502018176	36440272896	--	--	--	--	--	--	--
7	455	Attack	HiggsBozo	INFINITE	SS REVENANT	YES	Borg Type 03.1	--	Borg Type 03.1	NO	--	--	NO	3083180032	12332720128	1598082688	0	42043293696	24866221696	34191054848	--	--	--	--	--	--	--
7	456	Attack	HiggsBozo	INFINITE	SS REVENANT	YES	Borg Type 03.1	--	Borg Type 03.1	NO	--	--	NO	3124080128	12496320512	1619282176	0	42601025536	25196089088	34644619264	--	--	--	--	--	--	--
7	457	Attack	HiggsBozo	INFINITE	SS REVENANT	YES	Borg Type 03.1	--	Borg Type 03.1	NO	--	--	NO	3153182208	12612727808	1634366336	0	42997866496	25430795648	34967347200	--	--	--	--	--	--	--
7	458	Attack	HiggsBozo	INFINITE	SS REVENANT	YES	Borg Type 03.1	--	Borg Type 03.1	NO	--	--	NO	3156986624	12627946496	1636338304	0	43049746432	25461481856	35009536000	--	--	--	--	--	--	--
7	459	Attack	HiggsBozo	INFINITE	SS REVENANT	YES	Borg Type 03.1	--	Borg Type 03.1	NO	--	--	YES	23390066688	93560266752	12123606016	0	318954930176	188643738624	259385131008	--	--	--	--	--	--	--
7	460	Attack	HiggsBozo	INFINITE	SS REVENANT	YES	Borg Type 03.1	--	Borg Type 03.1	NO	--	--	NO	3273041408	13092165632	1696492160	0	44632309760	26397476992	36296531968	--	--	--	--	--	--	--
7	461	Attack	HiggsBozo	INFINITE	SS REVENANT	YES	Borg Type 03.1	--	Borg Type 03.1	NO	--	--	NO	3178542848	12714171392	1647511424	0	43343695872	25635334784	35248586752	--	--	--	--	--	--	--
8	463	battle_action_type_{0}	HiggsBozo	INFINITE	SS REVENANT	YES	--	--	SS REVENANT	NO	--	--	--	--	--	--	--	--	--	--	--	--	256593.2	--	--	--	--
8	464	Officer Ability	HiggsBozo	INFINITE	SS REVENANT	YES	--	--	SS REVENANT	NO	--	--	--	--	--	--	--	--	--	--	Officer	1	Knock it Down	B'Elanna Torres	--	--	--
8	465	Officer Ability	HiggsBozo	INFINITE	SS REVENANT	YES	--	--	SS REVENANT	NO	--	--	--	--	--	--	--	--	--	--	Officer	1	Now We're Cooking	Neelix	--	--	--
8	466	Officer Ability	HiggsBozo	INFINITE	SS REVENANT	YES	--	--	SS REVENANT	NO	--	--	--	--	--	--	--	--	--	--	Officer	0.05	Excessive Measures	Byr Ch'Kelrer	--	--	--
8	467	Officer Ability	HiggsBozo	INFINITE	SS REVENANT	YES	--	--	SS REVENANT	NO	--	--	--	--	--	--	--	--	--	--	Officer	0.3	No Locked Doors	Dajash Tolra	--	--	--
8	468	Officer Ability	HiggsBozo	INFINITE	SS REVENANT	YES	--	--	SS REVENANT	NO	--	--	--	--	--	--	--	--	--	--	Officer	1	The Looking Glass	Toli	--	--	--
8	469	Attack	Borg Type 03.1	--	Borg Type 03.1	NO	HiggsBozo	INFINITE	SS REVENANT	YES	--	--	NO	310295	1241181	3835592	0	0	5387068	0	--	--	--	--	--	--	--
8	470	Attack	Borg Type 03.1	--	Borg Type 03.1	NO	HiggsBozo	INFINITE	SS REVENANT	YES	--	--	NO	333457	1333830	4121904	0	0	5789191	0	--	--	--	--	--	--	--
8	471	Attack	HiggsBozo	INFINITE	SS REVENANT	YES	Borg Type 03.1	--	Borg Type 03.1	NO	--	--	NO	1108486016	4433944064	282296160	0	15115694080	8817019104	12123401216	--	--	--	--	--	--	--
8	472	Attack	HiggsBozo	INFINITE	SS REVENANT	YES	Borg Type 03.1	--	Borg Type 03.1	NO	--	--	NO	1021900864	4087603456	260245680	0	13934989312	8128310768	11176428544	--	--	--	--	--	--	--
8	473	Attack	HiggsBozo	INFINITE	SS REVENANT	YES	Borg Type 03.1	--	Borg Type 03.1	NO	--	--	NO	1037990912	4151963648	264343296	0	14154398720	8256293632	11352402944	--	--	--	--	--	--	--
8	474	Attack	HiggsBozo	INFINITE	SS REVENANT	YES	Borg Type 03.1	--	Borg Type 03.1	NO	--	--	NO	1058222784	4232891136	269495712	0	14430286848	8417219424	11573677056	--	--	--	--	--	--	--
8	475	Attack	HiggsBozo	INFINITE	SS REVENANT	YES	Borg Type 03.1	--	Borg Type 03.1	NO	--	--	YES	8050744832	32202979328	2050268800	0	109782704128	64036500608	88050196480	--	--	--	--	--	--	--
8	476	Attack	HiggsBozo	INFINITE	SS REVENANT	YES	Borg Type 03.1	--	Borg Type 03.1	NO	--	--	NO	1078933888	4315735552	274770176	0	14712711168	8581957760	11800193024	--	--	--	--	--	--	--
8	477	Attack	HiggsBozo	INFINITE	SS REVENANT	YES	Borg Type 03.1	--	Borg Type 03.1	NO	--	--	NO	1103430528	4413722112	281008704	0	15046755328	8776806336	12068110336	--	--	--	--	--	--	--
8	478	Attack	HiggsBozo	INFINITE	SS REVENANT	YES	Borg Type 03.1	--	Borg Type 03.1	NO	--	--	NO	1070627712	4282510848	272654848	0	14599444480	8515889024	11709348864	--	--	--	--	--	--	--
8	479	Attack	HiggsBozo	INFINITE	SS REVENANT	YES	Borg Type 03.1	--	Borg Type 03.1	NO	--	--	NO	1004138176	4016552704	255722096	0	13692771328	7987024944	10982159360	--	--	--	--	--	--	--
8	480	Attack	HiggsBozo	INFINITE	SS REVENANT	YES	Borg Type 03.1	--	Borg Type 03.1	NO	--	--	NO	1095139840	4380559360	278897312	0	14933700608	8710861984	11977435136	--	--	--	--	--	--	--
8	481	Attack	HiggsBozo	INFINITE	SS REVENANT	YES	Borg Type 03.1	--	Borg Type 03.1	NO	--	--	NO	1155797376	4623189504	294344864	0	15760847872	9193338912	12640840704	--	--	--	--	--	--	--
8	482	Attack	HiggsBozo	INFINITE	SS REVENANT	YES	Borg Type 03.1	--	Borg Type 03.1	NO	--	--	NO	1034774976	4139099904	263524304	0	14110544896	8230713488	11317230592	--	--	--	--	--	--	--
8	483	Attack	HiggsBozo	INFINITE	SS REVENANT	YES	Borg Type 03.1	--	Borg Type 03.1	NO	--	--	NO	1099332224	4397328896	279964992	0	14990869504	8744208832	12023286784	--	--	--	--	--	--	--
8	484	Attack	HiggsBozo	INFINITE	SS REVENANT	YES	Borg Type 03.1	--	Borg Type 03.1	NO	--	--	NO	1110084608	4440338432	282703264	0	15137492992	8829734304	12140884992	--	--	--	--	--	--	--
8	485	Attack	HiggsBozo	INFINITE	SS REVENANT	YES	Borg Type 03.1	--	Borg Type 03.1	NO	--	--	NO	984636672	3938546688	250755680	0	13426842624	7831908192	10768873472	--	--	--	--	--	--	--
8	486	Attack	HiggsBozo	INFINITE	SS REVENANT	YES	Borg Type 03.1	--	Borg Type 03.1	NO	--	--	NO	1112734976	4450939904	283378240	0	15173634048	8850815808	12169871360	--	--	--	--	--	--	--
8	487	Attack	HiggsBozo	INFINITE	SS REVENANT	YES	Borg Type 03.1	--	Borg Type 03.1	NO	--	--	NO	1039741824	4158967296	264789200	0	14178274304	8270219856	11371552768	--	--	--	--	--	--	--
8	488	Attack	HiggsBozo	INFINITE	SS REVENANT	YES	Borg Type 03.1	--	Borg Type 03.1	NO	--	--	NO	1052993472	4211973888	268163968	0	14358978560	8375625280	11516484608	--	--	--	--	--	--	--
8	489	Officer Ability	HiggsBozo	INFINITE	SS REVENANT	YES	--	--	SS REVENANT	NO	--	--	--	--	--	--	--	--	--	--	Officer	0.05	Excessive Measures	Byr Ch'Kelrer	--	--	--
8	490	Charging Weapons	Borg Type 03.1	--	Borg Type 03.1	NO	Borg Type 03.1	--	Borg Type 03.1	NO	--	--	--	--	--	--	--	--	--	--	--	--	--	--	--	--	100
8	491	Attack	HiggsBozo	INFINITE	SS REVENANT	YES	Borg Type 03.1	--	Borg Type 03.1	NO	--	--	YES	16268498944	65073995776	4265718784	0	221842800640	129453059072	177997955072	--	--	--	--	--	--	--
8	492	Attack	HiggsBozo	INFINITE	SS REVENANT	YES	Borg Type 03.1	--	Borg Type 03.1	NO	--	--	YES	17267482624	69069930496	4527660032	0	235465293824	137402252288	188928114688	--	--	--	--	--	--	--
8	493	Attack	HiggsBozo	INFINITE	SS REVENANT	YES	Borg Type 03.1	--	Borg Type 03.1	NO	--	--	YES	19302688768	77210755072	5061305856	0	263218053120	153596964352	211195838464	--	--	--	--	--	--	--
8	494	Attack	HiggsBozo	INFINITE	SS REVENANT	YES	Borg Type 03.1	--	Borg Type 03.1	NO	--	--	NO	2142965504	8571862016	561901184	0	29222209536	17052184960	23446753280	--	--	--	--	--	--	--
8	495	Attack	HiggsBozo	INFINITE	SS REVENANT	YES	Borg Type 03.1	--	Borg Type 03.1	NO	--	--	YES	18265522176	73062088704	4789353472	0	249074909184	145343937536	199847936000	--	--	--	--	--	--	--
8	496	Attack	HiggsBozo	INFINITE	SS REVENANT	YES	Borg Type 03.1	--	Borg Type 03.1	NO	--	--	NO	2134193408	8536773632	559601088	0	29102589952	16982382272	23350775808	--	--	--	--	--	--	--
8	497	Attack	HiggsBozo	INFINITE	SS REVENANT	YES	Borg Type 03.1	--	Borg Type 03.1	NO	--	--	NO	2127576320	8510305280	557866048	0	29012357120	16929727808	23278376960	--	--	--	--	--	--	--
8	498	Attack	HiggsBozo	INFINITE	SS REVENANT	YES	Borg Type 03.1	--	Borg Type 03.1	NO	--	--	NO	2295465728	9181862912	601887808	0	31301752832	18265671488	25115297792	--	--	--	--	--	--	--
8	499	Attack	HiggsBozo	INFINITE	SS REVENANT	YES	Borg Type 03.1	--	Borg Type 03.1	NO	--	--	NO	2119990656	8479962624	555876992	0	28908916736	16869367296	23195379712	--	--	--	--	--	--	--
8	500	Attack	HiggsBozo	INFINITE	SS REVENANT	YES	Borg Type 03.1	--	Borg Type 03.1	NO	--	--	YES	18945654784	75782619136	4967688704	0	258349416448	150755961344	207289417728	--	--	--	--	--	--	--
8	501	Attack	HiggsBozo	INFINITE	SS REVENANT	YES	Borg Type 03.1	--	Borg Type 03.1	NO	--	--	YES	18377793536	73511174144	4818791424	0	250605862912	146237312000	201076310016	--	--	--	--	--	--	--
8	502	Attack	HiggsBozo	INFINITE	SS REVENANT	YES	Borg Type 03.1	--	Borg Type 03.1	NO	--	--	NO	2000558592	8002234368	524561056	0	27280300032	15919013024	21888641024	--	--	--	--	--	--	--
8	503	Attack	HiggsBozo	INFINITE	SS REVENANT	YES	Borg Type 03.1	--	Borg Type 03.1	NO	--	--	NO	1985093632	7940374528	520506016	0	27069415424	15795954336	21719435264	--	--	--	--	--	--	--
8	504	Attack	HiggsBozo	INFINITE	SS REVENANT	YES	Borg Type 03.1	--	Borg Type 03.1	NO	--	--	NO	2367323392	9469293568	620729472	0	32281630720	18837464448	25901512704	--	--	--	--	--	--	--
8	505	Attack	Borg Type 03.1	--	Borg Type 03.1	NO	HiggsBozo	INFINITE	SS REVENANT	YES	--	--	NO	182351	729402	2254056	0	0	3165809	0	--	--	--	--	--	--	--
8	506	Attack	Borg Type 03.1	--	Borg Type 03.1	NO	HiggsBozo	INFINITE	SS REVENANT	YES	--	--	NO	185830	743319	2297062	0	0	3226211	0	--	--	--	--	--	--	--
8	507	Attack	Borg Type 03.1	--	Borg Type 03.1	NO	HiggsBozo	INFINITE	SS REVENANT	YES	--	--	NO	190364	761457	2353113	0	0	3304934	0	--	--	--	--	--	--	--
8	508	Attack	Borg Type 03.1	--	Borg Type 03.1	NO	HiggsBozo	INFINITE	SS REVENANT	YES	--	--	NO	184444	737778	2279937	0	0	3202159	0	--	--	--	--	--	--	--
8	509	Charging Weapons	HiggsBozo	INFINITE	SS REVENANT	YES	Borg Type 03.1	--	Borg Type 03.1	NO	--	--	--	--	--	--	--	--	--	--	--	--	--	--	--	--	100
8	510	Officer Ability	HiggsBozo	INFINITE	SS REVENANT	YES	--	--	SS REVENANT	NO	--	--	--	--	--	--	--	--	--	--	Officer	0.05	Excessive Measures	Byr Ch'Kelrer	--	--	--
8	511	Attack	Borg Type 03.1	--	Borg Type 03.1	NO	HiggsBozo	INFINITE	SS REVENANT	YES	--	--	NO	183042	732167	2262600	0	0	3177809	0	--	--	--	--	--	--	--
8	512	Attack	Borg Type 03.1	--	Borg Type 03.1	NO	HiggsBozo	INFINITE	SS REVENANT	YES	--	--	YES	92709	370838	1145991	0	0	1609538	0	--	--	--	--	--	--	--
8	513	Attack	Borg Type 03.1	--	Borg Type 03.1	NO	HiggsBozo	INFINITE	SS REVENANT	YES	--	--	NO	183787	735149	2271814	0	0	3190750	0	--	--	--	--	--	--	--
8	514	Attack	Borg Type 03.1	--	Borg Type 03.1	NO	HiggsBozo	INFINITE	SS REVENANT	YES	--	--	NO	190453	761812	2354211	0	0	3306476	0	--	--	--	--	--	--	--
8	515	Charging Weapons	HiggsBozo	INFINITE	SS REVENANT	YES	Borg Type 03.1	--	Borg Type 03.1	NO	--	--	--	--	--	--	--	--	--	--	--	--	--	--	--	--	100
9	517	battle_action_type_{0}	HiggsBozo	INFINITE	SS REVENANT	YES	--	--	SS REVENANT	NO	--	--	--	--	--	--	--	--	--	--	--	--	244407.8	--	--	--	--
9	518	Officer Ability	HiggsBozo	INFINITE	SS REVENANT	YES	--	--	SS REVENANT	NO	--	--	--	--	--	--	--	--	--	--	Officer	1	Knock it Down	B'Elanna Torres	--	--	--
9	519	Officer Ability	HiggsBozo	INFINITE	SS REVENANT	YES	--	--	SS REVENANT	NO	--	--	--	--	--	--	--	--	--	--	Officer	1	Now We're Cooking	Neelix	--	--	--
9	520	Officer Ability	HiggsBozo	INFINITE	SS REVENANT	YES	--	--	SS REVENANT	NO	--	--	--	--	--	--	--	--	--	--	Officer	0.05	Excessive Measures	Byr Ch'Kelrer	--	--	--
9	521	Officer Ability	HiggsBozo	INFINITE	SS REVENANT	YES	--	--	SS REVENANT	NO	--	--	--	--	--	--	--	--	--	--	Officer	0.3	No Locked Doors	Dajash Tolra	--	--	--
9	522	Officer Ability	HiggsBozo	INFINITE	SS REVENANT	YES	--	--	SS REVENANT	NO	--	--	--	--	--	--	--	--	--	--	Officer	1	The Looking Glass	Toli	--	--	--
9	523	Attack	Borg Type 03.1	--	Borg Type 03.1	NO	HiggsBozo	INFINITE	SS REVENANT	YES	--	--	NO	311862	1247448	3854960	0	0	5414270	0	--	--	--	--	--	--	--
9	524	Attack	Borg Type 03.1	--	Borg Type 03.1	NO	HiggsBozo	INFINITE	SS REVENANT	YES	--	--	NO	317292	1269170	3922087	0	0	5508549	0	--	--	--	--	--	--	--
9	525	Attack	HiggsBozo	INFINITE	SS REVENANT	YES	Borg Type 03.1	--	Borg Type 03.1	NO	--	--	NO	1097949952	4391799808	206694752	0	14972020736	8702511200	11965954048	--	--	--	--	--	--	--
9	526	Attack	HiggsBozo	INFINITE	SS REVENANT	YES	Borg Type 03.1	--	Borg Type 03.1	NO	--	--	NO	1020470656	4081882624	192108864	0	13915486208	8088399040	11121549312	--	--	--	--	--	--	--
9	527	Attack	HiggsBozo	INFINITE	SS REVENANT	YES	Borg Type 03.1	--	Borg Type 03.1	NO	--	--	NO	1027130688	4108522752	193362656	0	14006305792	8141188384	11194133504	--	--	--	--	--	--	--
9	528	Attack	HiggsBozo	INFINITE	SS REVENANT	YES	Borg Type 03.1	--	Borg Type 03.1	NO	--	--	YES	8331102720	33324410880	1568372992	0	113605763072	66033535744	90796113920	--	--	--	--	--	--	--
9	529	Attack	HiggsBozo	INFINITE	SS REVENANT	YES	Borg Type 03.1	--	Borg Type 03.1	NO	--	--	YES	8894266368	35577065472	1674391552	0	121285255168	70497254400	96933724160	--	--	--	--	--	--	--
9	530	Attack	HiggsBozo	INFINITE	SS REVENANT	YES	Borg Type 03.1	--	Borg Type 03.1	NO	--	--	NO	1123560960	4494243840	211516128	0	15321260032	8905508064	12245072896	--	--	--	--	--	--	--
9	531	Attack	HiggsBozo	INFINITE	SS REVENANT	YES	Borg Type 03.1	--	Borg Type 03.1	NO	--	--	NO	1155166464	4620665856	217466048	0	15752244224	9156017600	12589524992	--	--	--	--	--	--	--
9	532	Attack	HiggsBozo	INFINITE	SS REVENANT	YES	Borg Type 03.1	--	Borg Type 03.1	NO	--	--	NO	1075822464	4303289856	202529120	0	14670282752	8527126240	11724797952	--	--	--	--	--	--	--
9	533	Attack	HiggsBozo	INFINITE	SS REVENANT	YES	Borg Type 03.1	--	Borg Type 03.1	NO	--	--	NO	1140392064	4561568256	214684688	0	15550776320	9038914192	12428507136	--	--	--	--	--	--	--
9	534	Attack	HiggsBozo	INFINITE	SS REVENANT	YES	Borg Type 03.1	--	Borg Type 03.1	NO	--	--	NO	1114664960	4458659840	209841424	0	15199951872	8834997520	12148120576	--	--	--	--	--	--	--
9	535	Attack	HiggsBozo	INFINITE	SS REVENANT	YES	Borg Type 03.1	--	Borg Type 03.1	NO	--	--	NO	1156000768	4624003072	217623088	0	15763620864	9162630704	12598617088	--	--	--	--	--	--	--
9	536	Attack	HiggsBozo	INFINITE	SS REVENANT	YES	Borg Type 03.1	--	Borg Type 03.1	NO	--	--	NO	1060199040	4240796160	199587936	0	14457236480	8403292384	11554527232	--	--	--	--	--	--	--
9	537	Attack	HiggsBozo	INFINITE	SS REVENANT	YES	Borg Type 03.1	--	Borg Type 03.1	NO	--	--	YES	8236840960	32947363840	1550627712	0	112320372736	65286400896	89768804352	--	--	--	--	--	--	--
9	538	Attack	HiggsBozo	INFINITE	SS REVENANT	YES	Borg Type 03.1	--	Borg Type 03.1	NO	--	--	NO	1067965952	4271863808	201050096	0	14563148800	8464854512	11639174144	--	--	--	--	--	--	--
9	539	Attack	HiggsBozo	INFINITE	SS REVENANT	YES	Borg Type 03.1	--	Borg Type 03.1	NO	--	--	NO	1116335360	4465341440	210155904	0	15222730752	8848237184	12166326272	--	--	--	--	--	--	--
9	540	Attack	HiggsBozo	INFINITE	SS REVENANT	YES	Borg Type 03.1	--	Borg Type 03.1	NO	--	--	NO	1080740992	4322963968	203455056	0	14737352704	8566110416	11778402304	--	--	--	--	--	--	--
9	541	Attack	HiggsBozo	INFINITE	SS REVENANT	YES	Borg Type 03.1	--	Borg Type 03.1	NO	--	--	NO	1099893760	4399575040	207060656	0	14998525952	8717917872	11987137536	--	--	--	--	--	--	--
9	542	Attack	HiggsBozo	INFINITE	SS REVENANT	YES	Borg Type 03.1	--	Borg Type 03.1	NO	--	--	NO	1017403712	4069614848	191531488	0	13873665024	8064091168	11088123904	--	--	--	--	--	--	--
9	543	Attack	HiggsBozo	INFINITE	SS REVENANT	YES	Borg Type 03.1	--	Borg Type 03.1	NO	--	--	YES	8289075712	33156302848	1560461312	0	113032667136	65700424192	90338082816	--	--	--	--	--	--	--
9	544	Attack	HiggsBozo	INFINITE	SS REVENANT	YES	Borg Type 03.1	--	Borg Type 03.1	NO	--	--	NO	986342144	3945368320	185683984	0	13450097664	7817891344	10749600768	--	--	--	--	--	--	--
9	545	Attack	HiggsBozo	INFINITE	SS REVENANT	YES	Borg Type 03.1	--	Borg Type 03.1	NO	--	--	NO	1114887424	4459549696	209883312	0	15202985984	8836759984	12150546432	--	--	--	--	--	--	--
9	546	Attack	HiggsBozo	INFINITE	SS REVENANT	YES	Borg Type 03.1	--	Borg Type 03.1	NO	--	--	NO	957589888	3830359552	180271232	0	13058023424	7589997568	10436246528	--	--	--	--	--	--	--
9	547	Officer Ability	HiggsBozo	INFINITE	SS REVENANT	YES	--	--	SS REVENANT	NO	--	--	--	--	--	--	--	--	--	--	Officer	0.05	Excessive Measures	Byr Ch'Kelrer	--	--	--
9	548	Charging Weapons	Borg Type 03.1	--	Borg Type 03.1	NO	Borg Type 03.1	--	Borg Type 03.1	NO	--	--	--	--	--	--	--	--	--	--	--	--	--	--	--	--	100
9	549	Attack	HiggsBozo	INFINITE	SS REVENANT	YES	Borg Type 03.1	--	Borg Type 03.1	NO	--	--	YES	18826213376	75304853504	3675598336	0	256720666624	149274674688	205252657152	--	--	--	--	--	--	--
9	550	Attack	HiggsBozo	INFINITE	SS REVENANT	YES	Borg Type 03.1	--	Borg Type 03.1	NO	--	--	YES	16343380992	65373523968	3190854656	0	222863933440	129588090880	178183602176	--	--	--	--	--	--	--
9	551	Attack	HiggsBozo	INFINITE	SS REVENANT	YES	Borg Type 03.1	--	Borg Type 03.1	NO	--	--	NO	2029089024	8116356096	396155968	0	27669350400	16088822080	22122129408	--	--	--	--	--	--	--
9	552	Attack	HiggsBozo	INFINITE	SS REVENANT	YES	Borg Type 03.1	--	Borg Type 03.1	NO	--	--	NO	2302505728	9210022912	449537376	0	31397754880	18256766048	25103054848	--	--	--	--	--	--	--
9	553	Attack	HiggsBozo	INFINITE	SS REVENANT	YES	Borg Type 03.1	--	Borg Type 03.1	NO	--	--	NO	2420986368	9683945472	472669376	0	33013397504	19196208832	26394789888	--	--	--	--	--	--	--
9	554	Attack	HiggsBozo	INFINITE	SS REVENANT	YES	Borg Type 03.1	--	Borg Type 03.1	NO	--	--	NO	2025920512	8103682048	395537344	0	27626143744	16063697856	22087585792	--	--	--	--	--	--	--
9	555	Attack	HiggsBozo	INFINITE	SS REVENANT	YES	Borg Type 03.1	--	Borg Type 03.1	NO	--	--	NO	2191528192	8766112768	427870336	0	29884428288	17376816512	23893123072	--	--	--	--	--	--	--
9	556	Attack	HiggsBozo	INFINITE	SS REVENANT	YES	Borg Type 03.1	--	Borg Type 03.1	NO	--	--	NO	2070972416	8283889664	404333216	0	28240486400	16420917920	22578763776	--	--	--	--	--	--	--
9	557	Attack	HiggsBozo	INFINITE	SS REVENANT	YES	Borg Type 03.1	--	Borg Type 03.1	NO	--	--	NO	2245026048	8980104192	438315168	0	30613942272	17801004448	24476383232	--	--	--	--	--	--	--
9	558	Attack	HiggsBozo	INFINITE	SS REVENANT	YES	Borg Type 03.1	--	Borg Type 03.1	NO	--	--	YES	18804180992	75216723968	3671297024	0	256420249600	149099983872	205012467712	--	--	--	--	--	--	--
9	559	Attack	HiggsBozo	INFINITE	SS REVENANT	YES	Borg Type 03.1	--	Borg Type 03.1	NO	--	--	NO	2302973952	9211895808	449628800	0	31404138496	18260478592	25108158464	--	--	--	--	--	--	--
9	560	Attack	HiggsBozo	INFINITE	SS REVENANT	YES	Borg Type 03.1	--	Borg Type 03.1	NO	--	--	YES	17658421248	70633684992	3447600896	0	240796270592	140015146752	192520830976	--	--	--	--	--	--	--
9	561	Attack	HiggsBozo	INFINITE	SS REVENANT	YES	Borg Type 03.1	--	Borg Type 03.1	NO	--	--	NO	2193155840	8772623360	428188096	0	29906620416	17389720768	23910866944	--	--	--	--	--	--	--
9	562	Attack	HiggsBozo	INFINITE	SS REVENANT	YES	Borg Type 03.1	--	Borg Type 03.1	NO	--	--	NO	2010387328	8041549312	392504672	0	27414329344	15940536032	21918234624	--	--	--	--	--	--	--
9	563	Attack	HiggsBozo	INFINITE	SS REVENANT	YES	Borg Type 03.1	--	Borg Type 03.1	NO	--	--	NO	2149020416	8596081664	419571168	0	29304776704	17039768800	23429681152	--	--	--	--	--	--	--
9	564	Attack	HiggsBozo	INFINITE	SS REVENANT	YES	Borg Type 03.1	--	Borg Type 03.1	NO	--	--	YES	15950886912	63803547648	3114224640	0	217511739392	126475953152	173904445440	--	--	--	--	--	--	--
9	565	Shield Depleted	Borg Type 03.1	--	Borg Type 03.1	YES	HiggsBozo	INFINITE	Borg Type 03.1	NO	--	--	--	--	--	--	--	--	--	--	--	--	--	--	YES	--	--
9	566	Attack	Borg Type 03.1	--	Borg Type 03.1	NO	HiggsBozo	INFINITE	SS REVENANT	YES	--	--	NO	192702	770807	2382008	0	0	3345517	0	--	--	--	--	--	--	--
9	567	Attack	Borg Type 03.1	--	Borg Type 03.1	NO	HiggsBozo	INFINITE	SS REVENANT	YES	--	--	NO	188008	752030	2323983	0	0	3264021	0	--	--	--	--	--	--	--
9	568	Attack	Borg Type 03.1	--	Borg Type 03.1	NO	HiggsBozo	INFINITE	SS REVENANT	YES	--	--	NO	181831	727324	2247633	0	0	3156788	0	--	--	--	--	--	--	--
9	569	Attack	Borg Type 03.1	--	Borg Type 03.1	NO	HiggsBozo	INFINITE	SS REVENANT	YES	--	--	NO	187834	751334	2321831	0	0	3260999	0	--	--	--	--	--	--	--
9	570	Attack	HiggsBozo	INFINITE	SS REVENANT	YES	Borg Type 03.1	--	Borg Type 03.1	NO	--	--	NO	21727158272	0	848394816	0	59255791616	34455304768	47376039936	--	--	--	--	--	--	--
9	571	Attack	HiggsBozo	INFINITE	SS REVENANT	YES	Borg Type 03.1	--	Borg Type 03.1	NO	--	--	NO	22919075840	0	894936448	0	62506467328	36345466240	49975013376	--	--	--	--	--	--	--
9	572	Attack	HiggsBozo	INFINITE	SS REVENANT	YES	Borg Type 03.1	--	Borg Type 03.1	NO	--	--	YES	157228220416	0	6139395072	0	428803522560	249335217152	342835920896	--	--	--	--	--	--	--
9	573	Attack	HiggsBozo	INFINITE	SS REVENANT	YES	Borg Type 03.1	--	Borg Type 03.1	NO	--	--	NO	24125161472	0	942031296	0	65795788800	38258098624	52604882944	--	--	--	--	--	--	--
9	574	Attack	HiggsBozo	INFINITE	SS REVENANT	YES	Borg Type 03.1	--	Borg Type 03.1	NO	--	--	YES	172820889600	0	6748252672	0	471328948224	274062354944	376835735552	--	--	--	--	--	--	--
9	575	Attack	HiggsBozo	INFINITE	SS REVENANT	YES	Borg Type 03.1	--	Borg Type 03.1	NO	--	--	NO	20012924928	0	781458048	0	54580613120	31736838784	43638157312	--	--	--	--	--	--	--
9	576	Attack	HiggsBozo	INFINITE	SS REVENANT	YES	Borg Type 03.1	--	Borg Type 03.1	NO	--	--	NO	20766750720	0	810893184	0	56636502016	32932272000	45281873920	--	--	--	--	--	--	--
9	577	Attack	HiggsBozo	INFINITE	SS REVENANT	YES	Borg Type 03.1	--	Borg Type 03.1	NO	--	--	NO	19892539392	0	776757312	0	54252294144	31545933888	43375656960	--	--	--	--	--	--	--
9	578	Attack	HiggsBozo	INFINITE	SS REVENANT	YES	Borg Type 03.1	--	Borg Type 03.1	NO	--	--	NO	23086944256	0	901491392	0	62964293632	36611672768	50341056512	--	--	--	--	--	--	--
9	579	Attack	HiggsBozo	INFINITE	SS REVENANT	YES	Borg Type 03.1	--	Borg Type 03.1	NO	--	--	NO	23085785088	0	901446080	0	62961131520	36609837504	50338525184	--	--	--	--	--	--	--
9	580	Attack	HiggsBozo	INFINITE	SS REVENANT	YES	Borg Type 03.1	--	Borg Type 03.1	NO	--	--	NO	20815290368	0	812788480	0	56768880640	33009244928	45387714560	--	--	--	--	--	--	--
9	581	Attack	HiggsBozo	INFINITE	SS REVENANT	YES	Borg Type 03.1	--	Borg Type 03.1	NO	--	--	NO	20489875456	0	800081856	0	55881388032	32493197248	44678148096	--	--	--	--	--	--	--
9	582	Attack	HiggsBozo	INFINITE	SS REVENANT	YES	Borg Type 03.1	--	Borg Type 03.1	NO	--	--	NO	24099596288	0	941033088	0	65726066688	38217555584	52549140480	--	--	--	--	--	--	--
9	583	Attack	HiggsBozo	INFINITE	SS REVENANT	YES	Borg Type 03.1	--	Borg Type 03.1	NO	--	--	NO	21800890368	0	851273920	0	59456876544	34572228800	47536812032	--	--	--	--	--	--	--
9	584	Attack	HiggsBozo	INFINITE	SS REVENANT	YES	Borg Type 03.1	--	Borg Type 03.1	NO	--	--	NO	19826700288	0	774186368	0	54072729600	31441524096	43232092160	--	--	--	--	--	--	--
9	585	Attack	HiggsBozo	INFINITE	SS REVENANT	YES	Borg Type 03.1	--	Borg Type 03.1	NO	--	--	NO	22947518464	0	896047104	0	62584041472	36390572032	50037035008	--	--	--	--	--	--	--
9	586	Officer Ability	HiggsBozo	INFINITE	SS REVENANT	YES	--	--	SS REVENANT	NO	--	--	--	--	--	--	--	--	--	--	Officer	0.05	Excessive Measures	Byr Ch'Kelrer	--	--	--
9	587	Attack	Borg Type 03.1	--	Borg Type 03.1	NO	HiggsBozo	INFINITE	SS REVENANT	YES	--	--	NO	184818	739274	2284561	0	0	3208653	0	--	--	--	--	--	--	--
9	588	Attack	Borg Type 03.1	--	Borg Type 03.1	NO	HiggsBozo	INFINITE	SS REVENANT	YES	--	--	NO	187996	751985	2323842	0	0	3263823	0	--	--	--	--	--	--	--
9	589	Attack	Borg Type 03.1	--	Borg Type 03.1	NO	HiggsBozo	INFINITE	SS REVENANT	YES	--	--	NO	183165	732662	2264128	0	0	3179955	0	--	--	--	--	--	--	--
9	590	Attack	Borg Type 03.1	--	Borg Type 03.1	NO	HiggsBozo	INFINITE	SS REVENANT	YES	--	--	NO	181060	724242	2238106	0	0	3143408	0	--	--	--	--	--	--	--
9	591	Attack	HiggsBozo	INFINITE	SS REVENANT	YES	Borg Type 03.1	--	Borg Type 03.1	NO	--	--	NO	15615038464	0	810215104	0	42586398720	24847010496	34164641792	--	--	--	--	--	--	--
9	592	Attack	HiggsBozo	INFINITE	SS REVENANT	YES	Borg Type 03.1	--	Borg Type 03.1	NO	--	--	YES	116518928384	0	6045799936	0	317778395136	185407624704	254935498752	--	--	--	--	--	--	--
9	593	Attack	HiggsBozo	INFINITE	SS REVENANT	YES	Borg Type 03.1	--	Borg Type 03.1	NO	--	--	NO	16344938496	0	848087296	0	44577030144	26008445184	35761610752	--	--	--	--	--	--	--
9	594	Attack	HiggsBozo	INFINITE	SS REVENANT	YES	Borg Type 03.1	--	Borg Type 03.1	NO	--	--	YES	139500257280	0	7238228480	0	380454633472	221976074752	305217044480	--	--	--	--	--	--	--
9	595	Attack	HiggsBozo	INFINITE	SS REVENANT	YES	Borg Type 03.1	--	Borg Type 03.1	NO	--	--	NO	14458363904	0	750198912	0	39431839744	23006484608	31633917952	--	--	--	--	--	--	--
9	596	Attack	HiggsBozo	INFINITE	SS REVENANT	YES	Borg Type 03.1	--	Borg Type 03.1	NO	--	--	NO	14736692224	0	764640512	0	40190914560	23449366784	32242880512	--	--	--	--	--	--	--
9	597	Attack	HiggsBozo	INFINITE	SS REVENANT	YES	Borg Type 03.1	--	Borg Type 03.1	NO	--	--	NO	17241104384	0	894586496	0	47021117440	27434446464	37722361856	--	--	--	--	--	--	--
9	598	Attack	HiggsBozo	INFINITE	SS REVENANT	YES	Borg Type 03.1	--	Borg Type 03.1	NO	--	--	NO	15668126720	0	812969664	0	42731184128	24931486400	34280794112	--	--	--	--	--	--	--
9	599	Attack	HiggsBozo	INFINITE	SS REVENANT	YES	Borg Type 03.1	--	Borg Type 03.1	NO	--	--	NO	16356450304	0	848684608	0	44608425984	26026763840	35786797056	--	--	--	--	--	--	--
9	600	Attack	HiggsBozo	INFINITE	SS REVENANT	YES	Borg Type 03.1	--	Borg Type 03.1	NO	--	--	YES	125705461760	0	6522460160	0	342832545792	200025470976	275034996736	--	--	--	--	--	--	--
9	601	Attack	HiggsBozo	INFINITE	SS REVENANT	YES	Borg Type 03.1	--	Borg Type 03.1	NO	--	--	NO	14690544640	0	762246080	0	40065056768	23375935424	32141912064	--	--	--	--	--	--	--
9	602	Attack	HiggsBozo	INFINITE	SS REVENANT	YES	Borg Type 03.1	--	Borg Type 03.1	NO	--	--	YES	139607900160	0	7243813888	0	380748201984	222147335168	305452580864	--	--	--	--	--	--	--
9	603	Attack	HiggsBozo	INFINITE	SS REVENANT	YES	Borg Type 03.1	--	Borg Type 03.1	NO	--	--	NO	15224141824	0	789932736	0	41520320512	24225010368	33309384704	--	--	--	--	--	--	--
9	604	Attack	HiggsBozo	INFINITE	SS REVENANT	YES	Borg Type 03.1	--	Borg Type 03.1	NO	--	--	NO	16494265344	0	855835456	0	44984287232	26246055744	36088332288	--	--	--	--	--	--	--
9	605	Attack	HiggsBozo	INFINITE	SS REVENANT	YES	Borg Type 03.1	--	Borg Type 03.1	NO	--	--	NO	16114146304	0	836112256	0	43947601920	25641204608	35256655872	--	--	--	--	--	--	--
9	606	Attack	HiggsBozo	INFINITE	SS REVENANT	YES	Borg Type 03.1	--	Borg Type 03.1	NO	--	--	YES	137592340480	0	7139232768	0	375251238912	218940115968	301042696192	--	--	--	--	--	--	--
9	607	Attack	HiggsBozo	INFINITE	SS REVENANT	YES	Borg Type 03.1	--	Borg Type 03.1	NO	--	--	YES	124806332416	0	6475807232	0	340380352512	198594738688	273067753472	--	--	--	--	--	--	--
9	608	Attack	HiggsBozo	INFINITE	SS REVENANT	YES	Borg Type 03.1	--	Borg Type 03.1	NO	--	--	YES	126345814016	0	6555685888	0	344578949120	201044423680	276436025344	--	--	--	--	--	--	--
9	609	Attack	HiggsBozo	INFINITE	SS REVENANT	YES	Borg Type 03.1	--	Borg Type 03.1	NO	--	--	NO	16484464640	0	855326912	0	44957560832	26230462656	36066889728	--	--	--	--	--	--	--
9	610	Attack	HiggsBozo	INFINITE	SS REVENANT	YES	Borg Type 03.1	--	Borg Type 03.1	NO	--	--	NO	16827317248	0	873116416	0	45892608000	26776018688	36817022976	--	--	--	--	--	--	--
9	611	Attack	HiggsBozo	INFINITE	SS REVENANT	YES	Borg Type 03.1	--	Borg Type 03.1	NO	--	--	NO	17044304896	0	884375232	0	46484393984	27121296064	37291778048	--	--	--	--	--	--	--
9	612	Attack	HiggsBozo	INFINITE	SS REVENANT	YES	Borg Type 03.1	--	Borg Type 03.1	NO	--	--	NO	15836810240	0	821722112	0	43191230464	25199900672	34649862144	--	--	--	--	--	--	--
10	614	battle_action_type_{0}	HiggsBozo	INFINITE	SS REVENANT	YES	--	--	SS REVENANT	NO	--	--	--	--	--	--	--	--	--	--	--	--	253988.2	--	--	--	--
10	615	Officer Ability	HiggsBozo	INFINITE	SS REVENANT	YES	--	--	SS REVENANT	NO	--	--	--	--	--	--	--	--	--	--	Officer	1	Knock it Down	B'Elanna Torres	--	--	--
10	616	Officer Ability	HiggsBozo	INFINITE	SS REVENANT	YES	--	--	SS REVENANT	NO	--	--	--	--	--	--	--	--	--	--	Officer	1	Now We're Cooking	Neelix	--	--	--
10	617	Officer Ability	HiggsBozo	INFINITE	SS REVENANT	YES	--	--	SS REVENANT	NO	--	--	--	--	--	--	--	--	--	--	Officer	0.05	Excessive Measures	Byr Ch'Kelrer	--	--	--
10	618	Officer Ability	HiggsBozo	INFINITE	SS REVENANT	YES	--	--	SS REVENANT	NO	--	--	--	--	--	--	--	--	--	--	Officer	1	The Looking Glass	Toli	--	--	--
10	619	Attack	Borg Type 03.1	--	Borg Type 03.1	NO	HiggsBozo	INFINITE	SS REVENANT	YES	--	--	NO	330850	1323400	4089673	0	0	5743923	0	--	--	--	--	--	--	--
10	620	Attack	Borg Type 03.1	--	Borg Type 03.1	NO	HiggsBozo	INFINITE	SS REVENANT	YES	--	--	NO	331808	1327231	4101513	0	0	5760552	0	--	--	--	--	--	--	--
10	621	Attack	HiggsBozo	INFINITE	SS REVENANT	YES	Borg Type 03.1	--	Borg Type 03.1	NO	--	--	NO	5840778752	0	165662256	0	15929370624	9236130864	12699680768	--	--	--	--	--	--	--
10	622	Attack	HiggsBozo	INFINITE	SS REVENANT	YES	Borg Type 03.1	--	Borg Type 03.1	NO	--	--	NO	5566566400	0	157884752	0	15181519872	8802514256	12103456768	--	--	--	--	--	--	--
10	623	Attack	HiggsBozo	INFINITE	SS REVENANT	YES	Borg Type 03.1	--	Borg Type 03.1	NO	--	--	NO	4820836352	0	136733584	0	13147714560	7623277456	10482007040	--	--	--	--	--	--	--
10	624	Attack	HiggsBozo	INFINITE	SS REVENANT	YES	Borg Type 03.1	--	Borg Type 03.1	NO	--	--	NO	5425825280	0	153892912	0	14797681664	8579957296	11797442560	--	--	--	--	--	--	--
10	625	Attack	HiggsBozo	INFINITE	SS REVENANT	YES	Borg Type 03.1	--	Borg Type 03.1	NO	--	--	YES	38979031040	0	1105563904	0	106306273280	61638263040	84752605184	--	--	--	--	--	--	--
10	626	Attack	HiggsBozo	INFINITE	SS REVENANT	YES	Borg Type 03.1	--	Borg Type 03.1	NO	--	--	NO	5475570176	0	155303824	0	14933348352	8658619792	11905602560	--	--	--	--	--	--	--
10	627	Attack	HiggsBozo	INFINITE	SS REVENANT	YES	Borg Type 03.1	--	Borg Type 03.1	NO	--	--	NO	5328500736	0	151132496	0	14532251648	8426057040	11585827840	--	--	--	--	--	--	--
10	628	Attack	HiggsBozo	INFINITE	SS REVENANT	YES	Borg Type 03.1	--	Borg Type 03.1	NO	--	--	NO	5145475584	0	145941328	0	14033091584	8136634704	11187873792	--	--	--	--	--	--	--
10	629	Attack	HiggsBozo	INFINITE	SS REVENANT	YES	Borg Type 03.1	--	Borg Type 03.1	NO	--	--	NO	5003407872	0	141911872	0	13645635584	7911981376	10878973952	--	--	--	--	--	--	--
10	630	Attack	HiggsBozo	INFINITE	SS REVENANT	YES	Borg Type 03.1	--	Borg Type 03.1	NO	--	--	NO	5116357632	0	145115456	0	13953679360	8090590528	11124561920	--	--	--	--	--	--	--
10	631	Attack	HiggsBozo	INFINITE	SS REVENANT	YES	Borg Type 03.1	--	Borg Type 03.1	NO	--	--	NO	5100729344	0	144672208	0	13911057408	8065877456	11090581504	--	--	--	--	--	--	--
10	632	Attack	HiggsBozo	INFINITE	SS REVENANT	YES	Borg Type 03.1	--	Borg Type 03.1	NO	--	--	NO	5819503104	0	165058800	0	15871345664	9202487024	12653420544	--	--	--	--	--	--	--
10	633	Attack	HiggsBozo	INFINITE	SS REVENANT	YES	Borg Type 03.1	--	Borg Type 03.1	NO	--	--	YES	39409815552	0	1117782272	0	107481145344	62319472896	85689270272	--	--	--	--	--	--	--
10	634	Attack	HiggsBozo	INFINITE	SS REVENANT	YES	Borg Type 03.1	--	Borg Type 03.1	NO	--	--	YES	42960707584	0	1218496256	0	117165375488	67934562048	93410017280	--	--	--	--	--	--	--
10	635	Attack	HiggsBozo	INFINITE	SS REVENANT	YES	Borg Type 03.1	--	Borg Type 03.1	NO	--	--	NO	5797438976	0	164433008	0	15811171328	9167597168	12605446144	--	--	--	--	--	--	--
10	636	Attack	HiggsBozo	INFINITE	SS REVENANT	YES	Borg Type 03.1	--	Borg Type 03.1	NO	--	--	YES	40390594560	0	1145600128	0	110155988992	63870396544	87821787136	--	--	--	--	--	--	--
10	637	Attack	HiggsBozo	INFINITE	SS REVENANT	YES	Borg Type 03.1	--	Borg Type 03.1	NO	--	--	NO	5278088192	0	149702640	0	14394763264	8346339312	11476214784	--	--	--	--	--	--	--
10	638	Attack	HiggsBozo	INFINITE	SS REVENANT	YES	Borg Type 03.1	--	Borg Type 03.1	NO	--	--	NO	5840943104	0	165666912	0	15929819136	9236392032	12700037120	--	--	--	--	--	--	--
10	639	Officer Ability	HiggsBozo	INFINITE	SS REVENANT	YES	--	--	SS REVENANT	NO	--	--	--	--	--	--	--	--	--	--	Officer	0.05	Excessive Measures	Byr Ch'Kelrer	--	--	--
10	640	Charging Weapons	Borg Type 03.1	--	Borg Type 03.1	NO	Borg Type 03.1	--	Borg Type 03.1	NO	--	--	--	--	--	--	--	--	--	--	--	--	--	--	--	--	100
10	641	Attack	HiggsBozo	INFINITE	SS REVENANT	YES	Borg Type 03.1	--	Borg Type 03.1	NO	--	--	NO	10356644864	0	307893664	0	28245348352	16383109536	22526777344	--	--	--	--	--	--	--
10	642	Attack	HiggsBozo	INFINITE	SS REVENANT	YES	Borg Type 03.1	--	Borg Type 03.1	NO	--	--	NO	10931970048	0	324997568	0	29814415360	17293214144	23778168832	--	--	--	--	--	--	--
10	643	Attack	HiggsBozo	INFINITE	SS REVENANT	YES	Borg Type 03.1	--	Borg Type 03.1	NO	--	--	NO	10047186944	0	298693760	0	27401373696	15893580928	21853673472	--	--	--	--	--	--	--
10	644	Attack	HiggsBozo	INFINITE	SS REVENANT	YES	Borg Type 03.1	--	Borg Type 03.1	NO	--	--	NO	10404654080	0	309320960	0	28376283136	16459055360	22631202816	--	--	--	--	--	--	--
10	645	Attack	HiggsBozo	INFINITE	SS REVENANT	YES	Borg Type 03.1	--	Borg Type 03.1	NO	--	--	NO	11098060800	0	329935328	0	30267389952	17555952096	24139433984	--	--	--	--	--	--	--
10	646	Attack	HiggsBozo	INFINITE	SS REVENANT	YES	Borg Type 03.1	--	Borg Type 03.1	NO	--	--	NO	10997596160	0	326948608	0	29993396224	17397026560	23920914432	--	--	--	--	--	--	--
10	647	Attack	HiggsBozo	INFINITE	SS REVENANT	YES	Borg Type 03.1	--	Borg Type 03.1	NO	--	--	NO	11960439808	0	355573056	0	32619327488	18920143168	26015197184	--	--	--	--	--	--	--
10	648	Attack	HiggsBozo	INFINITE	SS REVENANT	YES	Borg Type 03.1	--	Borg Type 03.1	NO	--	--	YES	82937307136	0	2465651200	0	226192293888	131198007808	180397244416	--	--	--	--	--	--	--
10	649	Attack	HiggsBozo	INFINITE	SS REVENANT	YES	Borg Type 03.1	--	Borg Type 03.1	NO	--	--	NO	11028762624	0	327875136	0	30078396416	17446330944	23988703232	--	--	--	--	--	--	--
10	650	Attack	HiggsBozo	INFINITE	SS REVENANT	YES	Borg Type 03.1	--	Borg Type 03.1	NO	--	--	NO	11976026112	0	356036448	0	32661837824	18944800608	26049099776	--	--	--	--	--	--	--
10	651	Attack	HiggsBozo	INFINITE	SS REVENANT	YES	Borg Type 03.1	--	Borg Type 03.1	NO	--	--	NO	10561324032	0	313978624	0	28803565568	16706892544	22971975680	--	--	--	--	--	--	--
10	652	Attack	HiggsBozo	INFINITE	SS REVENANT	YES	Borg Type 03.1	--	Borg Type 03.1	NO	--	--	NO	10827938816	0	321904832	0	29530695680	17128647872	23551891456	--	--	--	--	--	--	--
10	653	Attack	HiggsBozo	INFINITE	SS REVENANT	YES	Borg Type 03.1	--	Borg Type 03.1	NO	--	--	YES	83056148480	0	2469184000	0	226516385792	131385983488	180655734784	--	--	--	--	--	--	--
10	654	Attack	HiggsBozo	INFINITE	SS REVENANT	YES	Borg Type 03.1	--	Borg Type 03.1	NO	--	--	NO	11354105856	0	337547296	0	30965694464	17960988704	24696358912	--	--	--	--	--	--	--
10	655	Attack	Borg Type 03.1	--	Borg Type 03.1	NO	HiggsBozo	INFINITE	SS REVENANT	YES	--	--	NO	180260	721039	2228211	0	0	3129510	0	--	--	--	--	--	--	--
10	656	Attack	Borg Type 03.1	--	Borg Type 03.1	NO	HiggsBozo	INFINITE	SS REVENANT	YES	--	--	NO	182762	731050	2259145	0	0	3172957	0	--	--	--	--	--	--	--
10	657	Attack	Borg Type 03.1	--	Borg Type 03.1	NO	HiggsBozo	INFINITE	SS REVENANT	YES	--	--	NO	185189	740754	2289136	0	0	3215079	0	--	--	--	--	--	--	--
10	658	Attack	Borg Type 03.1	--	Borg Type 03.1	NO	HiggsBozo	INFINITE	SS REVENANT	YES	--	--	NO	182579	730316	2256879	0	0	3169774	0	--	--	--	--	--	--	--
10	659	Charging Weapons	HiggsBozo	INFINITE	SS REVENANT	YES	Borg Type 03.1	--	Borg Type 03.1	NO	--	--	--	--	--	--	--	--	--	--	--	--	--	--	--	--	100
10	660	Officer Ability	HiggsBozo	INFINITE	SS REVENANT	YES	--	--	SS REVENANT	NO	--	--	--	--	--	--	--	--	--	--	Officer	0.05	Excessive Measures	Byr Ch'Kelrer	--	--	--
10	661	Attack	Borg Type 03.1	--	Borg Type 03.1	NO	HiggsBozo	INFINITE	SS REVENANT	YES	--	--	YES	90959	363837	1124356	0	0	1579152	0	--	--	--	--	--	--	--
10	662	Attack	Borg Type 03.1	--	Borg Type 03.1	NO	HiggsBozo	INFINITE	SS REVENANT	YES	--	--	NO	184668	738671	2282699	0	0	3206038	0	--	--	--	--	--	--	--
10	663	Attack	Borg Type 03.1	--	Borg Type 03.1	NO	HiggsBozo	INFINITE	SS REVENANT	YES	--	--	NO	185197	740787	2289238	0	0	3215222	0	--	--	--	--	--	--	--
10	664	Attack	Borg Type 03.1	--	Borg Type 03.1	NO	HiggsBozo	INFINITE	SS REVENANT	YES	--	--	NO	190328	761313	2352668	0	0	3304309	0	--	--	--	--	--	--	--
10	665	Charging Weapons	HiggsBozo	INFINITE	SS REVENANT	YES	Borg Type 03.1	--	Borg Type 03.1	NO	--	--	--	--	--	--	--	--	--	--	--	--	--	--	--	--	100
11	667	battle_action_type_{0}	HiggsBozo	INFINITE	SS REVENANT	YES	--	--	SS REVENANT	NO	--	--	--	--	--	--	--	--	--	--	--	--	245352	--	--	--	--
11	668	Officer Ability	HiggsBozo	INFINITE	SS REVENANT	YES	--	--	SS REVENANT	NO	--	--	--	--	--	--	--	--	--	--	Officer	1	Knock it Down	B'Elanna Torres	--	--	--
11	669	Officer Ability	HiggsBozo	INFINITE	SS REVENANT	YES	--	--	SS REVENANT	NO	--	--	--	--	--	--	--	--	--	--	Officer	1	Now We're Cooking	Neelix	--	--	--
11	670	Officer Ability	HiggsBozo	INFINITE	SS REVENANT	YES	--	--	SS REVENANT	NO	--	--	--	--	--	--	--	--	--	--	Officer	0.05	Excessive Measures	Byr Ch'Kelrer	--	--	--
11	671	Officer Ability	HiggsBozo	INFINITE	SS REVENANT	YES	--	--	SS REVENANT	NO	--	--	--	--	--	--	--	--	--	--	Officer	1	The Looking Glass	Toli	--	--	--
11	672	Attack	Borg Type 03.1	--	Borg Type 03.1	NO	HiggsBozo	INFINITE	SS REVENANT	YES	--	--	NO	330731	1322922	4088197	0	0	5741850	0	--	--	--	--	--	--	--
11	673	Attack	Borg Type 03.1	--	Borg Type 03.1	NO	HiggsBozo	INFINITE	SS REVENANT	YES	--	--	NO	318266	1273065	3934124	0	0	5525455	0	--	--	--	--	--	--	--
11	674	Attack	HiggsBozo	INFINITE	SS REVENANT	YES	Borg Type 03.1	--	Borg Type 03.1	NO	--	--	YES	41978892288	0	897019584	0	114487705600	66258370240	91105247232	--	--	--	--	--	--	--
11	675	Attack	HiggsBozo	INFINITE	SS REVENANT	YES	Borg Type 03.1	--	Borg Type 03.1	NO	--	--	NO	5174524928	0	110571048	0	14112317440	8167332392	11230081024	--	--	--	--	--	--	--
11	676	Attack	HiggsBozo	INFINITE	SS REVENANT	YES	Borg Type 03.1	--	Borg Type 03.1	NO	--	--	NO	5159555072	0	110251176	0	14071491584	8143704232	11197593600	--	--	--	--	--	--	--
11	677	Attack	HiggsBozo	INFINITE	SS REVENANT	YES	Borg Type 03.1	--	Borg Type 03.1	NO	--	--	NO	5262153216	0	112443520	0	14351303680	8305642112	11420258304	--	--	--	--	--	--	--
11	678	Attack	HiggsBozo	INFINITE	SS REVENANT	YES	Borg Type 03.1	--	Borg Type 03.1	NO	--	--	YES	40543260672	0	866342528	0	110572355584	63992407680	87989551104	--	--	--	--	--	--	--
11	679	Attack	HiggsBozo	INFINITE	SS REVENANT	YES	Borg Type 03.1	--	Borg Type 03.1	NO	--	--	YES	39804485632	0	850556096	0	108557508608	62826337472	86386212864	--	--	--	--	--	--	--
11	680	Attack	HiggsBozo	INFINITE	SS REVENANT	YES	Borg Type 03.1	--	Borg Type 03.1	NO	--	--	NO	5553414144	0	118667288	0	15145651200	8765361176	12052371456	--	--	--	--	--	--	--
11	681	Attack	HiggsBozo	INFINITE	SS REVENANT	YES	Borg Type 03.1	--	Borg Type 03.1	NO	--	--	NO	5622521344	0	120143992	0	15334123520	8874437240	12202351616	--	--	--	--	--	--	--
11	682	Attack	HiggsBozo	INFINITE	SS REVENANT	YES	Borg Type 03.1	--	Borg Type 03.1	NO	--	--	NO	4935444480	0	105462296	0	13460281344	7789974040	10711214080	--	--	--	--	--	--	--
11	683	Attack	HiggsBozo	INFINITE	SS REVENANT	YES	Borg Type 03.1	--	Borg Type 03.1	NO	--	--	NO	4991538176	0	106660928	0	13613263872	7878510656	10832952320	--	--	--	--	--	--	--
11	684	Attack	HiggsBozo	INFINITE	SS REVENANT	YES	Borg Type 03.1	--	Borg Type 03.1	NO	--	--	YES	40980561920	0	875686912	0	111764987904	64682626048	88938610688	--	--	--	--	--	--	--
11	685	Attack	HiggsBozo	INFINITE	SS REVENANT	YES	Borg Type 03.1	--	Borg Type 03.1	NO	--	--	NO	5849264128	0	124989120	0	15952513024	9232322240	12694444032	--	--	--	--	--	--	--
11	686	Attack	HiggsBozo	INFINITE	SS REVENANT	YES	Borg Type 03.1	--	Borg Type 03.1	NO	--	--	NO	5544244224	0	118471344	0	15120642048	8750887600	12032470016	--	--	--	--	--	--	--
11	687	Attack	HiggsBozo	INFINITE	SS REVENANT	YES	Borg Type 03.1	--	Borg Type 03.1	NO	--	--	NO	4975799296	0	106324608	0	13570339840	7853668992	10798794752	--	--	--	--	--	--	--
11	688	Officer Ability	HiggsBozo	INFINITE	SS REVENANT	YES	--	--	SS REVENANT	NO	--	--	--	--	--	--	--	--	--	--	Officer	0.05	Excessive Measures	Byr Ch'Kelrer	--	--	--
11	689	Charging Weapons	Borg Type 03.1	--	Borg Type 03.1	NO	Borg Type 03.1	--	Borg Type 03.1	NO	--	--	--	--	--	--	--	--	--	--	--	--	--	--	--	--	100
11	690	Attack	HiggsBozo	INFINITE	SS REVENANT	YES	Borg Type 03.1	--	Borg Type 03.1	NO	--	--	NO	11227950080	0	254430832	0	30621634560	17728006768	24376008704	--	--	--	--	--	--	--
11	691	Attack	HiggsBozo	INFINITE	SS REVENANT	YES	Borg Type 03.1	--	Borg Type 03.1	NO	--	--	NO	12044467200	0	272933504	0	32848494592	19017219712	26148675584	--	--	--	--	--	--	--
11	692	Attack	HiggsBozo	INFINITE	SS REVENANT	YES	Borg Type 03.1	--	Borg Type 03.1	NO	--	--	NO	10384482304	0	235317440	0	28321271808	16396241088	22544830464	--	--	--	--	--	--	--
11	693	Attack	HiggsBozo	INFINITE	SS REVENANT	YES	Borg Type 03.1	--	Borg Type 03.1	NO	--	--	NO	11245683712	0	254832688	0	30669998080	17756005424	24414509056	--	--	--	--	--	--	--
11	694	Attack	HiggsBozo	INFINITE	SS REVENANT	YES	Borg Type 03.1	--	Borg Type 03.1	NO	--	--	YES	86380634112	0	1957427200	0	235583160320	136387876864	187533344768	--	--	--	--	--	--	--
11	695	Attack	HiggsBozo	INFINITE	SS REVENANT	YES	Borg Type 03.1	--	Borg Type 03.1	NO	--	--	NO	10954978304	0	248245152	0	29877164032	17297004448	23783383040	--	--	--	--	--	--	--
11	696	Attack	HiggsBozo	INFINITE	SS REVENANT	YES	Borg Type 03.1	--	Borg Type 03.1	NO	--	--	NO	10355639296	0	234663840	0	28242608128	16350698400	22482212864	--	--	--	--	--	--	--
11	697	Attack	HiggsBozo	INFINITE	SS REVENANT	YES	Borg Type 03.1	--	Borg Type 03.1	NO	--	--	NO	11599286272	0	262845472	0	31634364416	18314314784	25182181376	--	--	--	--	--	--	--
11	698	Attack	HiggsBozo	INFINITE	SS REVENANT	YES	Borg Type 03.1	--	Borg Type 03.1	NO	--	--	NO	11761682432	0	266525456	0	32077262848	18570724112	25534746624	--	--	--	--	--	--	--
11	699	Attack	HiggsBozo	INFINITE	SS REVENANT	YES	Borg Type 03.1	--	Borg Type 03.1	NO	--	--	NO	10795606016	0	244633696	0	29442512896	17045368928	23437383680	--	--	--	--	--	--	--
11	700	Attack	HiggsBozo	INFINITE	SS REVENANT	YES	Borg Type 03.1	--	Borg Type 03.1	NO	--	--	NO	10181169152	0	230710256	0	27766779904	16075226096	22103433216	--	--	--	--	--	--	--
11	701	Attack	HiggsBozo	INFINITE	SS REVENANT	YES	Borg Type 03.1	--	Borg Type 03.1	NO	--	--	NO	10817078272	0	245120256	0	29501075456	17079273728	23484000256	--	--	--	--	--	--	--
11	702	Attack	Borg Type 03.1	--	Borg Type 03.1	NO	HiggsBozo	INFINITE	SS REVENANT	YES	--	--	NO	184663	738651	2282637	0	0	3205951	0	--	--	--	--	--	--	--
11	703	Attack	Borg Type 03.1	--	Borg Type 03.1	NO	HiggsBozo	INFINITE	SS REVENANT	YES	--	--	NO	189030	756119	2336618	0	0	3281767	0	--	--	--	--	--	--	--
11	704	Attack	Borg Type 03.1	--	Borg Type 03.1	NO	HiggsBozo	INFINITE	SS REVENANT	YES	--	--	NO	192515	770058	2379694	0	0	3342267	0	--	--	--	--	--	--	--
11	705	Attack	Borg Type 03.1	--	Borg Type 03.1	NO	HiggsBozo	INFINITE	SS REVENANT	YES	--	--	NO	191761	767045	2370381	0	0	3329187	0	--	--	--	--	--	--	--
11	706	Attack	HiggsBozo	INFINITE	SS REVENANT	YES	Borg Type 03.1	--	Borg Type 03.1	NO	--	--	YES	174204960768	0	3947569152	0	475103657984	275055239168	378200948736	--	--	--	--	--	--	--
11	707	Attack	HiggsBozo	INFINITE	SS REVENANT	YES	Borg Type 03.1	--	Borg Type 03.1	NO	--	--	NO	23115362304	0	523805376	0	63041794048	36497248960	50183712768	--	--	--	--	--	--	--
11	708	Attack	HiggsBozo	INFINITE	SS REVENANT	YES	Borg Type 03.1	--	Borg Type 03.1	NO	--	--	YES	196049600512	0	4442579456	0	534679879680	309546148352	425625911296	--	--	--	--	--	--	--
11	709	Attack	HiggsBozo	INFINITE	SS REVENANT	YES	Borg Type 03.1	--	Borg Type 03.1	NO	--	--	NO	21202247680	0	480453280	0	57824219136	33476596384	46030323712	--	--	--	--	--	--	--
11	710	Attack	HiggsBozo	INFINITE	SS REVENANT	YES	Borg Type 03.1	--	Borg Type 03.1	NO	--	--	NO	20440811520	0	463198752	0	55747579904	32274354720	44377235456	--	--	--	--	--	--	--
11	711	Attack	HiggsBozo	INFINITE	SS REVENANT	YES	Borg Type 03.1	--	Borg Type 03.1	NO	--	--	NO	23821643776	0	539810048	0	64968015872	37612407040	51717062656	--	--	--	--	--	--	--
11	712	Attack	HiggsBozo	INFINITE	SS REVENANT	YES	Borg Type 03.1	--	Borg Type 03.1	NO	--	--	NO	21383659520	0	484564160	0	58318979072	33763032256	46424170496	--	--	--	--	--	--	--
11	713	Attack	HiggsBozo	INFINITE	SS REVENANT	YES	Borg Type 03.1	--	Borg Type 03.1	NO	--	--	NO	23220678656	0	526191872	0	63329017856	36663532800	50412355584	--	--	--	--	--	--	--
11	714	Attack	HiggsBozo	INFINITE	SS REVENANT	YES	Borg Type 03.1	--	Borg Type 03.1	NO	--	--	YES	192036716544	0	4351645696	0	523735629824	303210108928	416913883136	--	--	--	--	--	--	--
11	715	Attack	HiggsBozo	INFINITE	SS REVENANT	YES	Borg Type 03.1	--	Borg Type 03.1	NO	--	--	NO	23363227648	0	529422112	0	63717789696	36888606496	50721832960	--	--	--	--	--	--	--
11	716	Attack	HiggsBozo	INFINITE	SS REVENANT	YES	Borg Type 03.1	--	Borg Type 03.1	NO	--	--	YES	185581912064	0	4205376768	0	506131677184	293018514688	402900451328	--	--	--	--	--	--	--
11	717	Attack	HiggsBozo	INFINITE	SS REVENANT	YES	Borg Type 03.1	--	Borg Type 03.1	NO	--	--	NO	23803451392	0	539397760	0	64918396928	37583685248	51677560832	--	--	--	--	--	--	--
11	718	Officer Ability	HiggsBozo	INFINITE	SS REVENANT	YES	--	--	SS REVENANT	NO	--	--	--	--	--	--	--	--	--	--	Officer	0.05	Excessive Measures	Byr Ch'Kelrer	--	--	--
11	719	Attack	Borg Type 03.1	--	Borg Type 03.1	NO	HiggsBozo	INFINITE	SS REVENANT	YES	--	--	NO	192161	768642	2375317	0	0	3336120	0	--	--	--	--	--	--	--
11	720	Attack	Borg Type 03.1	--	Borg Type 03.1	NO	HiggsBozo	INFINITE	SS REVENANT	YES	--	--	NO	184254	737015	2277582	0	0	3198851	0	--	--	--	--	--	--	--
11	721	Attack	Borg Type 03.1	--	Borg Type 03.1	NO	HiggsBozo	INFINITE	SS REVENANT	YES	--	--	NO	192568	770273	2380357	0	0	3343198	0	--	--	--	--	--	--	--
11	722	Attack	Borg Type 03.1	--	Borg Type 03.1	NO	HiggsBozo	INFINITE	SS REVENANT	YES	--	--	NO	184970	739879	2286432	0	0	3211281	0	--	--	--	--	--	--	--
11	723	Attack	HiggsBozo	INFINITE	SS REVENANT	YES	Borg Type 03.1	--	Borg Type 03.1	NO	--	--	NO	15699480576	0	546076672	0	42816696320	24868317184	34193936384	--	--	--	--	--	--	--
11	724	Attack	HiggsBozo	INFINITE	SS REVENANT	YES	Borg Type 03.1	--	Borg Type 03.1	NO	--	--	NO	16090753024	0	559686336	0	43883802624	25488104128	35046137856	--	--	--	--	--	--	--
11	725	Attack	HiggsBozo	INFINITE	SS REVENANT	YES	Borg Type 03.1	--	Borg Type 03.1	NO	--	--	NO	15733124096	0	547246912	0	42908450816	24921610048	34267211776	--	--	--	--	--	--	--
11	726	Attack	HiggsBozo	INFINITE	SS REVENANT	YES	Borg Type 03.1	--	Borg Type 03.1	NO	--	--	YES	124313247744	0	4324000768	0	339035586560	196914865152	270757969920	--	--	--	--	--	--	--
11	727	Attack	HiggsBozo	INFINITE	SS REVENANT	YES	Borg Type 03.1	--	Borg Type 03.1	NO	--	--	NO	17091686400	0	594501952	0	46613614592	27073601856	37226201088	--	--	--	--	--	--	--
11	728	Attack	HiggsBozo	INFINITE	SS REVENANT	YES	Borg Type 03.1	--	Borg Type 03.1	NO	--	--	YES	140554092544	0	4888907776	0	383328747520	222640738304	306131009536	--	--	--	--	--	--	--
11	729	Attack	HiggsBozo	INFINITE	SS REVENANT	YES	Borg Type 03.1	--	Borg Type 03.1	NO	--	--	YES	127125454848	0	4421817856	0	346705231872	201369490944	276883013632	--	--	--	--	--	--	--
11	730	Attack	HiggsBozo	INFINITE	SS REVENANT	YES	Borg Type 03.1	--	Borg Type 03.1	NO	--	--	YES	135054000128	0	4697597440	0	368328507392	213928453632	294151651328	--	--	--	--	--	--	--
11	731	Attack	HiggsBozo	INFINITE	SS REVENANT	YES	Borg Type 03.1	--	Borg Type 03.1	NO	--	--	NO	17240633344	0	599682752	0	47019835392	27309539008	37550612480	--	--	--	--	--	--	--
11	732	Attack	HiggsBozo	INFINITE	SS REVENANT	YES	Borg Type 03.1	--	Borg Type 03.1	NO	--	--	YES	134891257856	0	4691936768	0	367884632064	213670659584	293797167104	--	--	--	--	--	--	--
11	733	Attack	HiggsBozo	INFINITE	SS REVENANT	YES	Borg Type 03.1	--	Borg Type 03.1	NO	--	--	NO	16383946752	0	569884544	0	44683419648	25952526208	35684724736	--	--	--	--	--	--	--
11	734	Attack	HiggsBozo	INFINITE	SS REVENANT	YES	Borg Type 03.1	--	Borg Type 03.1	NO	--	--	NO	16392548352	0	570183744	0	44706877440	25966149696	35703459840	--	--	--	--	--	--	--
11	735	Attack	HiggsBozo	INFINITE	SS REVENANT	YES	Borg Type 03.1	--	Borg Type 03.1	NO	--	--	YES	137452896256	0	4781038592	0	374870933504	217728359424	299376508928	--	--	--	--	--	--	--
11	736	Attack	HiggsBozo	INFINITE	SS REVENANT	YES	Borg Type 03.1	--	Borg Type 03.1	NO	--	--	YES	123134328832	0	4282994432	0	335820357632	195047444224	268190236672	--	--	--	--	--	--	--
12	738	battle_action_type_{0}	HiggsBozo	INFINITE	SS REVENANT	YES	--	--	SS REVENANT	NO	--	--	--	--	--	--	--	--	--	--	--	--	259310.3	--	--	--	--
12	739	Officer Ability	HiggsBozo	INFINITE	SS REVENANT	YES	--	--	SS REVENANT	NO	--	--	--	--	--	--	--	--	--	--	Officer	1	Knock it Down	B'Elanna Torres	--	--	--
12	740	Officer Ability	HiggsBozo	INFINITE	SS REVENANT	YES	--	--	SS REVENANT	NO	--	--	--	--	--	--	--	--	--	--	Officer	1	Now We're Cooking	Neelix	--	--	--
12	741	Officer Ability	HiggsBozo	INFINITE	SS REVENANT	YES	--	--	SS REVENANT	NO	--	--	--	--	--	--	--	--	--	--	Officer	0.05	Excessive Measures	Byr Ch'Kelrer	--	--	--
12	742	Officer Ability	HiggsBozo	INFINITE	SS REVENANT	YES	--	--	SS REVENANT	NO	--	--	--	--	--	--	--	--	--	--	Officer	1	The Looking Glass	Toli	--	--	--
12	743	Attack	Borg Type 03.1	--	Borg Type 03.1	NO	HiggsBozo	INFINITE	SS REVENANT	YES	--	--	NO	321415	1285661	3973049	0	0	5580125	0	--	--	--	--	--	--	--
12	744	Attack	Borg Type 03.1	--	Borg Type 03.1	NO	HiggsBozo	INFINITE	SS REVENANT	YES	--	--	NO	331752	1327007	4100821	0	0	5759580	0	--	--	--	--	--	--	--
12	745	Attack	HiggsBozo	INFINITE	SS REVENANT	YES	Borg Type 03.1	--	Borg Type 03.1	NO	--	--	NO	5623138816	0	90298952	0	15335809024	8862840904	12186405888	--	--	--	--	--	--	--
12	746	Attack	HiggsBozo	INFINITE	SS REVENANT	YES	Borg Type 03.1	--	Borg Type 03.1	NO	--	--	NO	5582127104	0	89640360	0	15223957504	8798200232	12097524736	--	--	--	--	--	--	--
12	747	Attack	HiggsBozo	INFINITE	SS REVENANT	YES	Borg Type 03.1	--	Borg Type 03.1	NO	--	--	NO	5439301632	0	87346808	0	14834436096	8573088376	11787996160	--	--	--	--	--	--	--
12	748	Attack	HiggsBozo	INFINITE	SS REVENANT	YES	Borg Type 03.1	--	Borg Type 03.1	NO	--	--	NO	4917836800	0	78972880	0	13412259840	7751187408	10657882112	--	--	--	--	--	--	--
12	749	Attack	HiggsBozo	INFINITE	SS REVENANT	YES	Borg Type 03.1	--	Borg Type 03.1	NO	--	--	NO	5532623360	0	88845408	0	15088948224	8720175712	11990241280	--	--	--	--	--	--	--
12	750	Attack	HiggsBozo	INFINITE	SS REVENANT	YES	Borg Type 03.1	--	Borg Type 03.1	NO	--	--	NO	5059504640	0	81247848	0	13798626304	7974474856	10964903936	--	--	--	--	--	--	--
12	751	Attack	HiggsBozo	INFINITE	SS REVENANT	YES	Borg Type 03.1	--	Borg Type 03.1	NO	--	--	NO	5473979392	0	87903680	0	14929010688	8627744192	11863149568	--	--	--	--	--	--	--
12	752	Attack	HiggsBozo	INFINITE	SS REVENANT	YES	Borg Type 03.1	--	Borg Type 03.1	NO	--	--	NO	5570055168	0	89446512	0	15191034880	8779172976	12071363584	--	--	--	--	--	--	--
12	753	Attack	HiggsBozo	INFINITE	SS REVENANT	YES	Borg Type 03.1	--	Borg Type 03.1	NO	--	--	NO	5774776832	0	92734024	0	15749366784	9101843528	12515034112	--	--	--	--	--	--	--
12	754	Attack	HiggsBozo	INFINITE	SS REVENANT	YES	Borg Type 03.1	--	Borg Type 03.1	NO	--	--	YES	44528943104	0	715066240	0	121442377728	70183742336	96502644736	--	--	--	--	--	--	--
12	755	Attack	HiggsBozo	INFINITE	SS REVENANT	YES	Borg Type 03.1	--	Borg Type 03.1	NO	--	--	NO	5808517632	0	93275848	0	15841385472	9155023048	12588155904	--	--	--	--	--	--	--
12	756	Attack	HiggsBozo	INFINITE	SS REVENANT	YES	Borg Type 03.1	--	Borg Type 03.1	NO	--	--	YES	43394539520	0	696849472	0	118348554240	68395766848	94044176384	--	--	--	--	--	--	--
12	757	Attack	HiggsBozo	INFINITE	SS REVENANT	YES	Borg Type 03.1	--	Borg Type 03.1	NO	--	--	NO	5849753600	0	93938032	0	15953847296	9220016496	12677522432	--	--	--	--	--	--	--
12	758	Attack	HiggsBozo	INFINITE	SS REVENANT	YES	Borg Type 03.1	--	Borg Type 03.1	NO	--	--	NO	4975802368	0	79903720	0	13570348032	7842548712	10783505408	--	--	--	--	--	--	--
12	759	Officer Ability	HiggsBozo	INFINITE	SS REVENANT	YES	--	--	SS REVENANT	NO	--	--	--	--	--	--	--	--	--	--	Officer	0.05	Excessive Measures	Byr Ch'Kelrer	--	--	--
12	760	Charging Weapons	Borg Type 03.1	--	Borg Type 03.1	NO	Borg Type 03.1	--	Borg Type 03.1	NO	--	--	--	--	--	--	--	--	--	--	--	--	--	--	--	--	100
12	761	Attack	HiggsBozo	INFINITE	SS REVENANT	YES	Borg Type 03.1	--	Borg Type 03.1	NO	--	--	NO	10503825408	0	181033152	0	28646750208	16560677056	22770931712	--	--	--	--	--	--	--
12	762	Attack	HiggsBozo	INFINITE	SS REVENANT	YES	Borg Type 03.1	--	Borg Type 03.1	NO	--	--	NO	12040369152	0	207515440	0	32837318656	18983242544	26101960704	--	--	--	--	--	--	--
12	763	Attack	HiggsBozo	INFINITE	SS REVENANT	YES	Borg Type 03.1	--	Borg Type 03.1	NO	--	--	YES	94629847040	0	1630942848	0	258080980992	149196543616	205145227264	--	--	--	--	--	--	--
12	764	Attack	HiggsBozo	INFINITE	SS REVENANT	YES	Borg Type 03.1	--	Borg Type 03.1	NO	--	--	NO	12141517824	0	209258736	0	33113176064	19142716656	26321235968	--	--	--	--	--	--	--
12	765	Attack	HiggsBozo	INFINITE	SS REVENANT	YES	Borg Type 03.1	--	Borg Type 03.1	NO	--	--	NO	10636665856	0	183322656	0	29009041408	16770116640	23058913280	--	--	--	--	--	--	--
12	766	Attack	HiggsBozo	INFINITE	SS REVENANT	YES	Borg Type 03.1	--	Borg Type 03.1	NO	--	--	YES	81191649280	0	1399335936	0	221431414784	128009432064	176012967936	--	--	--	--	--	--	--
12	767	Attack	HiggsBozo	INFINITE	SS REVENANT	YES	Borg Type 03.1	--	Borg Type 03.1	NO	--	--	NO	10124987392	0	174503888	0	27613556736	15963388880	21949659136	--	--	--	--	--	--	--
12	768	Attack	HiggsBozo	INFINITE	SS REVENANT	YES	Borg Type 03.1	--	Borg Type 03.1	NO	--	--	NO	10476593152	0	180563792	0	28572479488	16517740368	22711896064	--	--	--	--	--	--	--
12	769	Attack	HiggsBozo	INFINITE	SS REVENANT	YES	Borg Type 03.1	--	Borg Type 03.1	NO	--	--	NO	12113556480	0	208776816	0	33036918784	19098632816	26260619264	--	--	--	--	--	--	--
12	770	Attack	HiggsBozo	INFINITE	SS REVENANT	YES	Borg Type 03.1	--	Borg Type 03.1	NO	--	--	NO	10896551936	0	187801776	0	29717819392	17179863216	23622309888	--	--	--	--	--	--	--
12	771	Attack	HiggsBozo	INFINITE	SS REVENANT	YES	Borg Type 03.1	--	Borg Type 03.1	NO	--	--	NO	10955455488	0	188816976	0	29878466560	17272732240	23750006784	--	--	--	--	--	--	--
12	772	Attack	HiggsBozo	INFINITE	SS REVENANT	YES	Borg Type 03.1	--	Borg Type 03.1	NO	--	--	NO	10572978176	0	182224992	0	28835346432	16669704288	22920845312	--	--	--	--	--	--	--
12	773	Attack	Borg Type 03.1	--	Borg Type 03.1	NO	HiggsBozo	INFINITE	SS REVENANT	YES	--	--	NO	187181	748723	2313761	0	0	3249665	0	--	--	--	--	--	--	--
12	774	Attack	Borg Type 03.1	--	Borg Type 03.1	NO	HiggsBozo	INFINITE	SS REVENANT	YES	--	--	NO	180168	720671	2227073	0	0	3127912	0	--	--	--	--	--	--	--
12	775	Attack	Borg Type 03.1	--	Borg Type 03.1	NO	HiggsBozo	INFINITE	SS REVENANT	YES	--	--	NO	190080	760319	2349596	0	0	3299995	0	--	--	--	--	--	--	--
12	776	Attack	Borg Type 03.1	--	Borg Type 03.1	NO	HiggsBozo	INFINITE	SS REVENANT	YES	--	--	NO	182856	731422	2260299	0	0	3174577	0	--	--	--	--	--	--	--
12	777	Charging Weapons	HiggsBozo	INFINITE	SS REVENANT	YES	Borg Type 03.1	--	Borg Type 03.1	NO	--	--	--	--	--	--	--	--	--	--	--	--	--	--	--	--	100
12	778	Officer Ability	HiggsBozo	INFINITE	SS REVENANT	YES	--	--	SS REVENANT	NO	--	--	--	--	--	--	--	--	--	--	Officer	0.05	Excessive Measures	Byr Ch'Kelrer	--	--	--
12	779	Attack	Borg Type 03.1	--	Borg Type 03.1	NO	HiggsBozo	INFINITE	SS REVENANT	YES	--	--	NO	184415	737661	2279577	0	0	3201653	0	--	--	--	--	--	--	--
12	780	Attack	Borg Type 03.1	--	Borg Type 03.1	NO	HiggsBozo	INFINITE	SS REVENANT	YES	--	--	NO	179507	718026	2218900	0	0	3116433	0	--	--	--	--	--	--	--
12	781	Attack	Borg Type 03.1	--	Borg Type 03.1	NO	HiggsBozo	INFINITE	SS REVENANT	YES	--	--	YES	89921	359685	1111527	0	0	1561133	0	--	--	--	--	--	--	--
12	782	Attack	Borg Type 03.1	--	Borg Type 03.1	NO	HiggsBozo	INFINITE	SS REVENANT	YES	--	--	NO	180770	723081	2234520	0	0	3138371	0	--	--	--	--	--	--	--
12	783	Charging Weapons	HiggsBozo	INFINITE	SS REVENANT	YES	Borg Type 03.1	--	Borg Type 03.1	NO	--	--	--	--	--	--	--	--	--	--	--	--	--	--	--	--	100
13	785	battle_action_type_{0}	HiggsBozo	INFINITE	SS REVENANT	YES	--	--	SS REVENANT	NO	--	--	--	--	--	--	--	--	--	--	--	--	243367.8	--	--	--	--
13	786	Officer Ability	HiggsBozo	INFINITE	SS REVENANT	YES	--	--	SS REVENANT	NO	--	--	--	--	--	--	--	--	--	--	Officer	1	Knock it Down	B'Elanna Torres	--	--	--
13	787	Officer Ability	HiggsBozo	INFINITE	SS REVENANT	YES	--	--	SS REVENANT	NO	--	--	--	--	--	--	--	--	--	--	Officer	1	Now We're Cooking	Neelix	--	--	--
13	788	Officer Ability	HiggsBozo	INFINITE	SS REVENANT	YES	--	--	SS REVENANT	NO	--	--	--	--	--	--	--	--	--	--	Officer	0.05	Excessive Measures	Byr Ch'Kelrer	--	--	--
13	789	Officer Ability	HiggsBozo	INFINITE	SS REVENANT	YES	--	--	SS REVENANT	NO	--	--	--	--	--	--	--	--	--	--	Officer	1	The Looking Glass	Toli	--	--	--
13	790	Attack	Borg Type 03.1	--	Borg Type 03.1	NO	HiggsBozo	INFINITE	SS REVENANT	YES	--	--	NO	321138	1284551	3969619	0	0	5575308	0	--	--	--	--	--	--	--
13	791	Shield Depleted	HiggsBozo	INFINITE	SS REVENANT	NO	Borg Type 03.1	--	SS REVENANT	YES	--	--	--	--	--	--	--	--	--	--	--	--	--	--	--	--	--
13	792	Attack	Borg Type 03.1	--	Borg Type 03.1	NO	HiggsBozo	INFINITE	SS REVENANT	YES	--	--	NO	1665683	0	4117937	0	0	5783620	0	--	--	--	--	--	--	--
13	793	Attack	HiggsBozo	INFINITE	SS REVENANT	YES	Borg Type 03.1	--	Borg Type 03.1	NO	--	--	NO	5180504576	0	62370068	0	14128626688	8156421908	11215079424	--	--	--	--	--	--	--
13	794	Attack	HiggsBozo	INFINITE	SS REVENANT	YES	Borg Type 03.1	--	Borg Type 03.1	NO	--	--	YES	44755800064	0	538832128	0	122061078528	70465559808	96890150912	--	--	--	--	--	--	--
13	795	Attack	HiggsBozo	INFINITE	SS REVENANT	YES	Borg Type 03.1	--	Borg Type 03.1	NO	--	--	NO	5110791168	0	61530756	0	13938498560	8046661252	11064159232	--	--	--	--	--	--	--
13	796	Attack	HiggsBozo	INFINITE	SS REVENANT	YES	Borg Type 03.1	--	Borg Type 03.1	NO	--	--	NO	4983308288	0	59995944	0	13590818816	7845946152	10788176896	--	--	--	--	--	--	--
13	797	Attack	HiggsBozo	INFINITE	SS REVENANT	YES	Borg Type 03.1	--	Borg Type 03.1	NO	--	--	NO	5069641728	0	61035348	0	13826273280	7981874004	10975076352	--	--	--	--	--	--	--
13	798	Attack	HiggsBozo	INFINITE	SS REVENANT	YES	Borg Type 03.1	--	Borg Type 03.1	NO	--	--	NO	5010357760	0	60321604	0	13664590848	7888534852	10846735360	--	--	--	--	--	--	--
13	799	Attack	HiggsBozo	INFINITE	SS REVENANT	YES	Borg Type 03.1	--	Borg Type 03.1	NO	--	--	YES	38818537472	0	467351136	0	105868566528	61117666912	84036788224	--	--	--	--	--	--	--
13	800	Attack	HiggsBozo	INFINITE	SS REVENANT	YES	Borg Type 03.1	--	Borg Type 03.1	NO	--	--	NO	4880994304	0	58764144	0	13311780864	7684858736	10566680576	--	--	--	--	--	--	--
13	801	Attack	HiggsBozo	INFINITE	SS REVENANT	YES	Borg Type 03.1	--	Borg Type 03.1	NO	--	--	NO	4940350976	0	59478764	0	13473662976	7778312428	10695180288	--	--	--	--	--	--	--
13	802	Attack	HiggsBozo	INFINITE	SS REVENANT	YES	Borg Type 03.1	--	Borg Type 03.1	NO	--	--	NO	5407854080	0	65107212	0	14748668928	8514370316	11707259904	--	--	--	--	--	--	--
13	803	Attack	HiggsBozo	INFINITE	SS REVENANT	YES	Borg Type 03.1	--	Borg Type 03.1	NO	--	--	NO	5713358848	0	68785296	0	15581861888	8995371152	12368634880	--	--	--	--	--	--	--
13	804	Attack	HiggsBozo	INFINITE	SS REVENANT	YES	Borg Type 03.1	--	Borg Type 03.1	NO	--	--	NO	5257327616	0	63294968	0	14338143232	8277374456	11381391360	--	--	--	--	--	--	--
13	805	Attack	HiggsBozo	INFINITE	SS REVENANT	YES	Borg Type 03.1	--	Borg Type 03.1	NO	--	--	NO	5791183872	0	69722272	0	15794112512	9117901984	12537116672	--	--	--	--	--	--	--
13	806	Attack	HiggsBozo	INFINITE	SS REVENANT	YES	Borg Type 03.1	--	Borg Type 03.1	NO	--	--	NO	4834089472	0	58199440	0	13183858688	7611008912	10465138688	--	--	--	--	--	--	--
13	807	Officer Ability	HiggsBozo	INFINITE	SS REVENANT	YES	--	--	SS REVENANT	NO	--	--	--	--	--	--	--	--	--	--	Officer	0.05	Excessive Measures	Byr Ch'Kelrer	--	--	--
13	808	Charging Weapons	Borg Type 03.1	--	Borg Type 03.1	NO	Borg Type 03.1	--	Borg Type 03.1	NO	--	--	--	--	--	--	--	--	--	--	--	--	--	--	--	--	100
13	809	Attack	HiggsBozo	INFINITE	SS REVENANT	YES	Borg Type 03.1	--	Borg Type 03.1	NO	--	--	YES	86748676096	0	1134547968	0	236586909696	136619004928	187851128832	--	--	--	--	--	--	--
13	810	Attack	HiggsBozo	INFINITE	SS REVENANT	YES	Borg Type 03.1	--	Borg Type 03.1	NO	--	--	NO	10787362816	0	141083200	0	29420034048	16988834368	23359645696	--	--	--	--	--	--	--
13	811	Attack	HiggsBozo	INFINITE	SS REVENANT	YES	Borg Type 03.1	--	Borg Type 03.1	NO	--	--	YES	82511159296	0	1079127424	0	225030078464	129945406848	178674958336	--	--	--	--	--	--	--
13	812	Attack	HiggsBozo	INFINITE	SS REVENANT	YES	Borg Type 03.1	--	Borg Type 03.1	NO	--	--	YES	91206672384	0	1192852224	0	248745066496	143639829248	197504761856	--	--	--	--	--	--	--
13	813	Attack	HiggsBozo	INFINITE	SS REVENANT	YES	Borg Type 03.1	--	Borg Type 03.1	NO	--	--	NO	10754925568	0	140658976	0	29331568640	16937747744	23289405440	--	--	--	--	--	--	--
13	814	Attack	HiggsBozo	INFINITE	SS REVENANT	YES	Borg Type 03.1	--	Borg Type 03.1	NO	--	--	YES	81846337536	0	1070432448	0	223216926720	128898400448	177235296256	--	--	--	--	--	--	--
13	815	Attack	HiggsBozo	INFINITE	SS REVENANT	YES	Borg Type 03.1	--	Borg Type 03.1	NO	--	--	NO	11781754880	0	154088416	0	32132005888	18554883040	25512966144	--	--	--	--	--	--	--
13	816	Attack	HiggsBozo	INFINITE	SS REVENANT	YES	Borg Type 03.1	--	Borg Type 03.1	NO	--	--	YES	85638217728	0	1120024832	0	233558409216	134870169856	185446481920	--	--	--	--	--	--	--
13	817	Attack	HiggsBozo	INFINITE	SS REVENANT	YES	Borg Type 03.1	--	Borg Type 03.1	NO	--	--	NO	11404908544	0	149159808	0	31104245760	17961396096	24696918016	--	--	--	--	--	--	--
13	818	Attack	HiggsBozo	INFINITE	SS REVENANT	YES	Borg Type 03.1	--	Borg Type 03.1	NO	--	--	NO	10501875712	0	137349440	0	28641431552	16539224384	22741432320	--	--	--	--	--	--	--
13	819	Attack	HiggsBozo	INFINITE	SS REVENANT	YES	Borg Type 03.1	--	Borg Type 03.1	NO	--	--	NO	11368541184	0	148684176	0	31005063168	17904122256	24618166272	--	--	--	--	--	--	--
13	820	Attack	HiggsBozo	INFINITE	SS REVENANT	YES	Borg Type 03.1	--	Borg Type 03.1	NO	--	--	NO	11557044224	0	151149520	0	31519160320	18200990672	25026363392	--	--	--	--	--	--	--
13	821	Attack	Borg Type 03.1	--	Borg Type 03.1	NO	HiggsBozo	INFINITE	SS REVENANT	YES	--	--	NO	946067	0	2338888	0	0	3284955	0	--	--	--	--	--	--	--
13	822	Attack	Borg Type 03.1	--	Borg Type 03.1	NO	HiggsBozo	INFINITE	SS REVENANT	YES	--	--	NO	913133	0	2257466	0	0	3170599	0	--	--	--	--	--	--	--
13	823	Attack	Borg Type 03.1	--	Borg Type 03.1	NO	HiggsBozo	INFINITE	SS REVENANT	YES	--	--	NO	952494	0	2354777	0	0	3307271	0	--	--	--	--	--	--	--
13	824	Attack	Borg Type 03.1	--	Borg Type 03.1	NO	HiggsBozo	INFINITE	SS REVENANT	YES	--	--	NO	912460	0	2255804	0	0	3168264	0	--	--	--	--	--	--	--
13	825	Attack	HiggsBozo	INFINITE	SS REVENANT	YES	Borg Type 03.1	--	Borg Type 03.1	NO	--	--	NO	22493091840	0	294177344	0	61344698368	35423986240	48707981312	--	--	--	--	--	--	--
13	826	Attack	HiggsBozo	INFINITE	SS REVENANT	YES	Borg Type 03.1	--	Borg Type 03.1	NO	--	--	YES	173071826944	0	2263530752	0	472013307904	272567876864	374780788736	--	--	--	--	--	--	--
13	827	Attack	HiggsBozo	INFINITE	SS REVENANT	YES	Borg Type 03.1	--	Borg Type 03.1	NO	--	--	NO	23879135232	0	312304768	0	65124806656	37606839424	51709407232	--	--	--	--	--	--	--
13	828	Attack	HiggsBozo	INFINITE	SS REVENANT	YES	Borg Type 03.1	--	Borg Type 03.1	NO	--	--	NO	21337217024	0	279060128	0	58192318464	33603618464	46204977152	--	--	--	--	--	--	--
13	829	Attack	HiggsBozo	INFINITE	SS REVENANT	YES	Borg Type 03.1	--	Borg Type 03.1	NO	--	--	NO	20621678592	0	269701920	0	56240848896	32476728096	44655501312	--	--	--	--	--	--	--
13	830	Attack	HiggsBozo	INFINITE	SS REVENANT	YES	Borg Type 03.1	--	Borg Type 03.1	NO	--	--	NO	24634984448	0	322190208	0	67186212864	38797214592	53346172928	--	--	--	--	--	--	--
13	831	Attack	HiggsBozo	INFINITE	SS REVENANT	YES	Borg Type 03.1	--	Borg Type 03.1	NO	--	--	YES	160395214848	0	2097738880	0	437440774144	252603675776	347330052096	--	--	--	--	--	--	--
13	832	Attack	HiggsBozo	INFINITE	SS REVENANT	YES	Borg Type 03.1	--	Borg Type 03.1	NO	--	--	NO	21227698176	0	277627808	0	57893629952	33431137184	45967818752	--	--	--	--	--	--	--
13	833	Attack	HiggsBozo	INFINITE	SS REVENANT	YES	Borg Type 03.1	--	Borg Type 03.1	NO	--	--	YES	163270066176	0	2135337728	0	445281271808	257131227904	353555447808	--	--	--	--	--	--	--
13	834	Attack	HiggsBozo	INFINITE	SS REVENANT	YES	Borg Type 03.1	--	Borg Type 03.1	NO	--	--	NO	24318986240	0	318057408	0	66324402176	38299554752	52661891072	--	--	--	--	--	--	--
13	835	Attack	HiggsBozo	INFINITE	SS REVENANT	YES	Borg Type 03.1	--	Borg Type 03.1	NO	--	--	NO	23755853824	0	310692416	0	64788586496	37412686400	51442446336	--	--	--	--	--	--	--
13	836	Attack	HiggsBozo	INFINITE	SS REVENANT	YES	Borg Type 03.1	--	Borg Type 03.1	NO	--	--	YES	192425607168	0	2516650240	0	524796264448	303047821568	416690700288	--	--	--	--	--	--	--
13	837	Officer Ability	HiggsBozo	INFINITE	SS REVENANT	YES	--	--	SS REVENANT	NO	--	--	--	--	--	--	--	--	--	--	Officer	0.05	Excessive Measures	Byr Ch'Kelrer	--	--	--
13	838	Attack	Borg Type 03.1	--	Borg Type 03.1	NO	HiggsBozo	INFINITE	SS REVENANT	YES	--	--	NO	902301	0	2230689	0	0	3132990	0	--	--	--	--	--	--	--
13	839	Attack	Borg Type 03.1	--	Borg Type 03.1	NO	HiggsBozo	INFINITE	SS REVENANT	YES	--	--	NO	897288	0	2218295	0	0	3115583	0	--	--	--	--	--	--	--
13	840	Attack	Borg Type 03.1	--	Borg Type 03.1	NO	HiggsBozo	INFINITE	SS REVENANT	YES	--	--	NO	900580	0	2226433	0	0	3127013	0	--	--	--	--	--	--	--
13	841	Attack	Borg Type 03.1	--	Borg Type 03.1	NO	HiggsBozo	INFINITE	SS REVENANT	YES	--	--	NO	970430	0	2399117	0	0	3369547	0	--	--	--	--	--	--	--
13	842	Attack	HiggsBozo	INFINITE	SS REVENANT	YES	Borg Type 03.1	--	Borg Type 03.1	NO	--	--	NO	16841293824	0	401847872	0	45930729472	26599523904	36574347264	--	--	--	--	--	--	--
13	843	Attack	HiggsBozo	INFINITE	SS REVENANT	YES	Borg Type 03.1	--	Borg Type 03.1	NO	--	--	YES	120678203392	0	2879486464	0	329121857536	190601918976	262077628416	--	--	--	--	--	--	--
13	844	Attack	HiggsBozo	INFINITE	SS REVENANT	YES	Borg Type 03.1	--	Borg Type 03.1	NO	--	--	NO	17109056512	0	408236896	0	46660988928	27022434144	37155848192	--	--	--	--	--	--	--
13	845	Attack	HiggsBozo	INFINITE	SS REVENANT	YES	Borg Type 03.1	--	Borg Type 03.1	NO	--	--	NO	16797399040	0	400800480	0	45811015680	26530198240	36479016960	--	--	--	--	--	--	--
13	846	Attack	HiggsBozo	INFINITE	SS REVENANT	YES	Borg Type 03.1	--	Borg Type 03.1	NO	--	--	NO	16075806720	0	383582656	0	43843039232	25390496192	34911932416	--	--	--	--	--	--	--
13	847	Attack	HiggsBozo	INFINITE	SS REVENANT	YES	Borg Type 03.1	--	Borg Type 03.1	NO	--	--	NO	15218561024	0	363128032	0	41505099776	24036541664	33050247168	--	--	--	--	--	--	--
13	848	Attack	HiggsBozo	INFINITE	SS REVENANT	YES	Borg Type 03.1	--	Borg Type 03.1	NO	--	--	NO	14665608192	0	349934112	0	39997046784	23163194912	31849394176	--	--	--	--	--	--	--
13	849	Attack	HiggsBozo	INFINITE	SS REVENANT	YES	Borg Type 03.1	--	Borg Type 03.1	NO	--	--	YES	133192818688	0	3178095872	0	363252547584	210367776000	289255686144	--	--	--	--	--	--	--
13	850	Attack	HiggsBozo	INFINITE	SS REVENANT	YES	Borg Type 03.1	--	Borg Type 03.1	NO	--	--	NO	15021026304	0	358414688	0	40966369280	23724551520	32621258752	--	--	--	--	--	--	--
13	851	Attack	HiggsBozo	INFINITE	SS REVENANT	YES	Borg Type 03.1	--	Borg Type 03.1	NO	--	--	NO	15374873600	0	366857792	0	41931403264	24283423296	33389711360	--	--	--	--	--	--	--
13	852	Attack	HiggsBozo	INFINITE	SS REVENANT	YES	Borg Type 03.1	--	Borg Type 03.1	NO	--	--	NO	15630818304	0	372964864	0	42629435392	24687669760	33945548800	--	--	--	--	--	--	--
13	853	Attack	HiggsBozo	INFINITE	SS REVENANT	YES	Borg Type 03.1	--	Borg Type 03.1	NO	--	--	NO	15452589056	0	368712160	0	42143354880	24406171104	33558484992	--	--	--	--	--	--	--
13	854	Attack	HiggsBozo	INFINITE	SS REVENANT	YES	Borg Type 03.1	--	Borg Type 03.1	NO	--	--	NO	15045582848	0	359000640	0	41033342976	23763337792	32674588672	--	--	--	--	--	--	--
13	855	Attack	HiggsBozo	INFINITE	SS REVENANT	YES	Borg Type 03.1	--	Borg Type 03.1	NO	--	--	NO	16654738432	0	397396480	0	45421940736	26304876032	36169199616	--	--	--	--	--	--	--
14	857	battle_action_type_{0}	HiggsBozo	INFINITE	SS REVENANT	YES	--	--	SS REVENANT	NO	--	--	--	--	--	--	--	--	--	--	--	--	1125789	--	--	--	--
14	858	Officer Ability	HiggsBozo	INFINITE	SS REVENANT	YES	--	--	SS REVENANT	NO	--	--	--	--	--	--	--	--	--	--	Officer	1	Knock it Down	B'Elanna Torres	--	--	--
14	859	Officer Ability	HiggsBozo	INFINITE	SS REVENANT	YES	--	--	SS REVENANT	NO	--	--	--	--	--	--	--	--	--	--	Officer	1	Now We're Cooking	Neelix	--	--	--
14	860	Officer Ability	HiggsBozo	INFINITE	SS REVENANT	YES	--	--	SS REVENANT	NO	--	--	--	--	--	--	--	--	--	--	Officer	0.05	Excessive Measures	Byr Ch'Kelrer	--	--	--
14	861	Officer Ability	HiggsBozo	INFINITE	SS REVENANT	YES	--	--	SS REVENANT	NO	--	--	--	--	--	--	--	--	--	--	Officer	1	The Looking Glass	Toli	--	--	--
14	862	Attack	Borg Type 03.1	--	Borg Type 03.1	NO	HiggsBozo	INFINITE	SS REVENANT	YES	--	--	NO	1599520	0	3954369	0	0	5553889	0	--	--	--	--	--	--	--
14	863	Attack	Borg Type 03.1	--	Borg Type 03.1	NO	HiggsBozo	INFINITE	SS REVENANT	YES	--	--	NO	1557878	0	3851419	0	0	5409297	0	--	--	--	--	--	--	--
14	864	Attack	HiggsBozo	INFINITE	SS REVENANT	YES	Borg Type 03.1	--	Borg Type 03.1	NO	--	--	YES	44732010496	0	402997504	0	121996197888	70371029248	96760176640	--	--	--	--	--	--	--
14	865	Attack	HiggsBozo	INFINITE	SS REVENANT	YES	Borg Type 03.1	--	Borg Type 03.1	NO	--	--	YES	43655913472	0	393302784	0	119061389312	68678144768	94432460800	--	--	--	--	--	--	--
14	866	Attack	HiggsBozo	INFINITE	SS REVENANT	YES	Borg Type 03.1	--	Borg Type 03.1	NO	--	--	NO	4848785920	0	43683452	0	13223941120	7627962492	10488448000	--	--	--	--	--	--	--
14	867	Attack	HiggsBozo	INFINITE	SS REVENANT	YES	Borg Type 03.1	--	Borg Type 03.1	NO	--	--	YES	45495746560	0	409878112	0	124079112192	71572520544	98412216320	--	--	--	--	--	--	--
14	868	Attack	HiggsBozo	INFINITE	SS REVENANT	YES	Borg Type 03.1	--	Borg Type 03.1	NO	--	--	NO	5862328832	0	52814616	0	15988144128	9222436120	12680851456	--	--	--	--	--	--	--
14	869	Attack	HiggsBozo	INFINITE	SS REVENANT	YES	Borg Type 03.1	--	Borg Type 03.1	NO	--	--	YES	46247718912	0	416652768	0	126129938432	72755498464	100038811648	--	--	--	--	--	--	--
14	870	Attack	HiggsBozo	INFINITE	SS REVENANT	YES	Borg Type 03.1	--	Borg Type 03.1	NO	--	--	YES	46413914112	0	418150016	0	126583201792	73016956544	100398309376	--	--	--	--	--	--	--
14	871	Attack	HiggsBozo	INFINITE	SS REVENANT	YES	Borg Type 03.1	--	Borg Type 03.1	NO	--	--	NO	5056893952	0	45558328	0	13791506432	7955351096	10938607616	--	--	--	--	--	--	--
14	872	Attack	HiggsBozo	INFINITE	SS REVENANT	YES	Borg Type 03.1	--	Borg Type 03.1	NO	--	--	NO	4931585024	0	44429400	0	13449755648	7758219352	10667550720	--	--	--	--	--	--	--
14	873	Attack	HiggsBozo	INFINITE	SS REVENANT	YES	Borg Type 03.1	--	Borg Type 03.1	NO	--	--	YES	41871482880	0	377226560	0	114194767872	65870939456	90572537856	--	--	--	--	--	--	--
14	874	Attack	HiggsBozo	INFINITE	SS REVENANT	YES	Borg Type 03.1	--	Borg Type 03.1	NO	--	--	YES	41444483072	0	373379680	0	113030234112	65199198816	89648898048	--	--	--	--	--	--	--
14	875	Attack	HiggsBozo	INFINITE	SS REVENANT	YES	Borg Type 03.1	--	Borg Type 03.1	NO	--	--	NO	5785167360	0	52119456	0	15777703936	9101049248	12513941504	--	--	--	--	--	--	--
14	876	Attack	HiggsBozo	INFINITE	SS REVENANT	YES	Borg Type 03.1	--	Borg Type 03.1	NO	--	--	NO	4845490688	0	43653764	0	13214953472	7622777988	10481319936	--	--	--	--	--	--	--
14	877	Attack	HiggsBozo	INFINITE	SS REVENANT	YES	Borg Type 03.1	--	Borg Type 03.1	NO	--	--	NO	5638304768	0	50796344	0	15377169408	8870008632	12196261888	--	--	--	--	--	--	--
14	878	Officer Ability	HiggsBozo	INFINITE	SS REVENANT	YES	--	--	SS REVENANT	NO	--	--	--	--	--	--	--	--	--	--	Officer	0.05	Excessive Measures	Byr Ch'Kelrer	--	--	--
14	879	Charging Weapons	Borg Type 03.1	--	Borg Type 03.1	NO	Borg Type 03.1	--	Borg Type 03.1	NO	--	--	--	--	--	--	--	--	--	--	--	--	--	--	--	--	100
14	880	Attack	HiggsBozo	INFINITE	SS REVENANT	YES	Borg Type 03.1	--	Borg Type 03.1	NO	--	--	YES	96492920832	0	955854784	0	263162101760	151836151744	208774725632	--	--	--	--	--	--	--
14	881	Attack	HiggsBozo	INFINITE	SS REVENANT	YES	Borg Type 03.1	--	Borg Type 03.1	NO	--	--	NO	11852226560	0	117407656	0	32324202496	18650036136	25643800576	--	--	--	--	--	--	--
14	882	Attack	HiggsBozo	INFINITE	SS REVENANT	YES	Borg Type 03.1	--	Borg Type 03.1	NO	--	--	YES	80812965888	0	800529792	0	220398649344	127163014528	174849130496	--	--	--	--	--	--	--
14	883	Attack	HiggsBozo	INFINITE	SS REVENANT	YES	Borg Type 03.1	--	Borg Type 03.1	NO	--	--	YES	90568548352	0	897168192	0	247004741632	142513869632	195956588544	--	--	--	--	--	--	--
14	884	Attack	HiggsBozo	INFINITE	SS REVENANT	YES	Borg Type 03.1	--	Borg Type 03.1	NO	--	--	NO	10585243648	0	104856976	0	28868800512	16656379280	22902521856	--	--	--	--	--	--	--
14	885	Attack	HiggsBozo	INFINITE	SS REVENANT	YES	Borg Type 03.1	--	Borg Type 03.1	NO	--	--	NO	10054084608	0	99595328	0	27420186624	15820575808	21753290752	--	--	--	--	--	--	--
14	886	Attack	HiggsBozo	INFINITE	SS REVENANT	YES	Borg Type 03.1	--	Borg Type 03.1	NO	--	--	YES	97188290560	0	962743104	0	265058549760	152930347840	210279235584	--	--	--	--	--	--	--
14	887	Attack	HiggsBozo	INFINITE	SS REVENANT	YES	Borg Type 03.1	--	Borg Type 03.1	NO	--	--	YES	94804885504	0	939133184	0	258558361600	149179943168	205122437120	--	--	--	--	--	--	--
14	888	Attack	HiggsBozo	INFINITE	SS REVENANT	YES	Borg Type 03.1	--	Borg Type 03.1	NO	--	--	YES	91516346368	0	906557056	0	249589628928	144005273216	198007259136	--	--	--	--	--	--	--
14	889	Attack	HiggsBozo	INFINITE	SS REVENANT	YES	Borg Type 03.1	--	Borg Type 03.1	NO	--	--	NO	11664581632	0	115548848	0	31812444160	18354769584	25237805056	--	--	--	--	--	--	--
14	890	Attack	HiggsBozo	INFINITE	SS REVENANT	YES	Borg Type 03.1	--	Borg Type 03.1	NO	--	--	NO	10265494528	0	101689552	0	27996760064	16153240784	22210703360	--	--	--	--	--	--	--
14	891	Attack	HiggsBozo	INFINITE	SS REVENANT	YES	Borg Type 03.1	--	Borg Type 03.1	NO	--	--	NO	10698535936	0	105979240	0	29177776128	16834648424	23147642880	--	--	--	--	--	--	--
14	892	Attack	Borg Type 03.1	--	Borg Type 03.1	NO	HiggsBozo	INFINITE	SS REVENANT	YES	--	--	NO	930460	0	2300303	0	0	3230763	0	--	--	--	--	--	--	--
14	893	Attack	Borg Type 03.1	--	Borg Type 03.1	NO	HiggsBozo	INFINITE	SS REVENANT	YES	--	--	NO	946337	0	2339554	0	0	3285891	0	--	--	--	--	--	--	--
14	894	Attack	Borg Type 03.1	--	Borg Type 03.1	NO	HiggsBozo	INFINITE	SS REVENANT	YES	--	--	NO	942668	0	2330485	0	0	3273153	0	--	--	--	--	--	--	--
14	895	Attack	Borg Type 03.1	--	Borg Type 03.1	NO	HiggsBozo	INFINITE	SS REVENANT	YES	--	--	NO	948878	0	2345837	0	0	3294715	0	--	--	--	--	--	--	--
14	896	Charging Weapons	HiggsBozo	INFINITE	SS REVENANT	YES	Borg Type 03.1	--	Borg Type 03.1	NO	--	--	--	--	--	--	--	--	--	--	--	--	--	--	--	--	100
14	897	Officer Ability	HiggsBozo	INFINITE	SS REVENANT	YES	--	--	SS REVENANT	NO	--	--	--	--	--	--	--	--	--	--	Officer	0.05	Excessive Measures	Byr Ch'Kelrer	--	--	--
14	898	Attack	Borg Type 03.1	--	Borg Type 03.1	NO	HiggsBozo	INFINITE	SS REVENANT	YES	--	--	NO	952272	0	2354227	0	0	3306499	0	--	--	--	--	--	--	--
14	899	Attack	Borg Type 03.1	--	Borg Type 03.1	NO	HiggsBozo	INFINITE	SS REVENANT	YES	--	--	NO	906177	0	2240271	0	0	3146448	0	--	--	--	--	--	--	--
14	900	Attack	Borg Type 03.1	--	Borg Type 03.1	NO	HiggsBozo	INFINITE	SS REVENANT	YES	--	--	NO	954703	0	2360237	0	0	3314940	0	--	--	--	--	--	--	--
14	901	Attack	Borg Type 03.1	--	Borg Type 03.1	NO	HiggsBozo	INFINITE	SS REVENANT	YES	--	--	NO	907399	0	2243292	0	0	3150691	0	--	--	--	--	--	--	--
14	902	Charging Weapons	HiggsBozo	INFINITE	SS REVENANT	YES	Borg Type 03.1	--	Borg Type 03.1	NO	--	--	--	--	--	--	--	--	--	--	--	--	--	--	--	--	100
15	904	battle_action_type_{0}	HiggsBozo	INFINITE	SS REVENANT	YES	--	--	SS REVENANT	NO	--	--	--	--	--	--	--	--	--	--	--	--	1277555	--	--	--	--
15	905	Officer Ability	HiggsBozo	INFINITE	SS REVENANT	YES	--	--	SS REVENANT	NO	--	--	--	--	--	--	--	--	--	--	Officer	1	Knock it Down	B'Elanna Torres	--	--	--
15	906	Officer Ability	HiggsBozo	INFINITE	SS REVENANT	YES	--	--	SS REVENANT	NO	--	--	--	--	--	--	--	--	--	--	Officer	1	Now We're Cooking	Neelix	--	--	--
15	907	Officer Ability	HiggsBozo	INFINITE	SS REVENANT	YES	--	--	SS REVENANT	NO	--	--	--	--	--	--	--	--	--	--	Officer	0.05	Excessive Measures	Byr Ch'Kelrer	--	--	--
15	908	Officer Ability	HiggsBozo	INFINITE	SS REVENANT	YES	--	--	SS REVENANT	NO	--	--	--	--	--	--	--	--	--	--	Officer	1	The Looking Glass	Toli	--	--	--
15	909	Attack	Borg Type 03.1	--	Borg Type 03.1	NO	HiggsBozo	INFINITE	SS REVENANT	YES	--	--	NO	1655783	0	4093463	0	0	5749246	0	--	--	--	--	--	--	--
15	910	Attack	Borg Type 03.1	--	Borg Type 03.1	NO	HiggsBozo	INFINITE	SS REVENANT	YES	--	--	NO	1654344	0	4089906	0	0	5744250	0	--	--	--	--	--	--	--
15	911	Attack	HiggsBozo	INFINITE	SS REVENANT	YES	Borg Type 03.1	--	Borg Type 03.1	NO	--	--	NO	5694410240	0	38334256	0	15530183680	8952811824	12310116352	--	--	--	--	--	--	--
15	912	Attack	HiggsBozo	INFINITE	SS REVENANT	YES	Borg Type 03.1	--	Borg Type 03.1	NO	--	--	NO	5115905024	0	34439812	0	13952445440	8043280004	11059510272	--	--	--	--	--	--	--
15	913	Attack	HiggsBozo	INFINITE	SS REVENANT	YES	Borg Type 03.1	--	Borg Type 03.1	NO	--	--	YES	41778573312	0	281249568	0	113941372928	65684715296	90316480512	--	--	--	--	--	--	--
15	914	Attack	HiggsBozo	INFINITE	SS REVENANT	YES	Borg Type 03.1	--	Borg Type 03.1	NO	--	--	NO	4831944704	0	32528214	0	13178008576	7596834646	10445646848	--	--	--	--	--	--	--
15	915	Attack	HiggsBozo	INFINITE	SS REVENANT	YES	Borg Type 03.1	--	Borg Type 03.1	NO	--	--	YES	45436231680	0	305872640	0	123916795904	71435321088	98223579136	--	--	--	--	--	--	--
15	916	Attack	HiggsBozo	INFINITE	SS REVENANT	YES	Borg Type 03.1	--	Borg Type 03.1	NO	--	--	NO	5399272448	0	36347416	0	14725265408	8488793624	11672091648	--	--	--	--	--	--	--
15	917	Attack	HiggsBozo	INFINITE	SS REVENANT	YES	Borg Type 03.1	--	Borg Type 03.1	NO	--	--	YES	42282950656	0	284644992	0	115316948992	66477708928	91406835712	--	--	--	--	--	--	--
15	918	Attack	HiggsBozo	INFINITE	SS REVENANT	YES	Borg Type 03.1	--	Borg Type 03.1	NO	--	--	NO	5729336320	0	38569376	0	15625438208	9007723936	12385619968	--	--	--	--	--	--	--
15	919	Attack	HiggsBozo	INFINITE	SS REVENANT	YES	Borg Type 03.1	--	Borg Type 03.1	NO	--	--	NO	5016424448	0	33770120	0	13681135616	7886875272	10844454912	--	--	--	--	--	--	--
15	920	Attack	HiggsBozo	INFINITE	SS REVENANT	YES	Borg Type 03.1	--	Borg Type 03.1	NO	--	--	NO	5453288960	0	36711048	0	14872582144	8573718664	11788863488	--	--	--	--	--	--	--
15	921	Attack	HiggsBozo	INFINITE	SS REVENANT	YES	Borg Type 03.1	--	Borg Type 03.1	NO	--	--	NO	4820081152	0	32448352	0	13145654272	7578181984	10420001792	--	--	--	--	--	--	--
15	922	Attack	HiggsBozo	INFINITE	SS REVENANT	YES	Borg Type 03.1	--	Borg Type 03.1	NO	--	--	NO	5806479872	0	39088700	0	15835829248	9129009212	12552388608	--	--	--	--	--	--	--
15	923	Attack	HiggsBozo	INFINITE	SS REVENANT	YES	Borg Type 03.1	--	Borg Type 03.1	NO	--	--	NO	5456128000	0	36730164	0	14880325632	8578182452	11795001344	--	--	--	--	--	--	--
15	924	Attack	HiggsBozo	INFINITE	SS REVENANT	YES	Borg Type 03.1	--	Borg Type 03.1	NO	--	--	NO	4952583168	0	33340344	0	13507022848	7786503096	10706443264	--	--	--	--	--	--	--
15	925	Officer Ability	HiggsBozo	INFINITE	SS REVENANT	YES	--	--	SS REVENANT	NO	--	--	--	--	--	--	--	--	--	--	Officer	0.05	Excessive Measures	Byr Ch'Kelrer	--	--	--
15	926	Charging Weapons	Borg Type 03.1	--	Borg Type 03.1	NO	Borg Type 03.1	--	Borg Type 03.1	NO	--	--	--	--	--	--	--	--	--	--	--	--	--	--	--	--	100
15	927	Attack	HiggsBozo	INFINITE	SS REVENANT	YES	Borg Type 03.1	--	Borg Type 03.1	NO	--	--	NO	10881598464	0	81525736	0	29677037568	17111646184	23528515584	--	--	--	--	--	--	--
15	928	Attack	HiggsBozo	INFINITE	SS REVENANT	YES	Borg Type 03.1	--	Borg Type 03.1	NO	--	--	NO	10044882944	0	75257000	0	27395090432	15795887272	21719343104	--	--	--	--	--	--	--
15	929	Attack	HiggsBozo	INFINITE	SS REVENANT	YES	Borg Type 03.1	--	Borg Type 03.1	NO	--	--	NO	12116232192	0	90775704	0	33044217856	19053148312	26198077440	--	--	--	--	--	--	--
15	930	Attack	HiggsBozo	INFINITE	SS REVENANT	YES	Borg Type 03.1	--	Borg Type 03.1	NO	--	--	YES	90069098496	0	674804288	0	245642592256	141636424256	194750070784	--	--	--	--	--	--	--
15	931	Attack	HiggsBozo	INFINITE	SS REVENANT	YES	Borg Type 03.1	--	Borg Type 03.1	NO	--	--	NO	11376556032	0	85233992	0	31026921472	17889982792	24598728704	--	--	--	--	--	--	--
15	932	Attack	HiggsBozo	INFINITE	SS REVENANT	YES	Borg Type 03.1	--	Borg Type 03.1	NO	--	--	YES	96952623104	0	726376192	0	264415821824	152460967680	209633853440	--	--	--	--	--	--	--
15	933	Attack	HiggsBozo	INFINITE	SS REVENANT	YES	Borg Type 03.1	--	Borg Type 03.1	NO	--	--	NO	10045150208	0	75259008	0	27395821568	15796308096	21719922688	--	--	--	--	--	--	--
15	934	Attack	HiggsBozo	INFINITE	SS REVENANT	YES	Borg Type 03.1	--	Borg Type 03.1	NO	--	--	YES	81043668992	0	607185088	0	221027827712	127443658944	175235022848	--	--	--	--	--	--	--
15	935	Attack	HiggsBozo	INFINITE	SS REVENANT	YES	Borg Type 03.1	--	Borg Type 03.1	NO	--	--	YES	81783537664	0	612728256	0	223045648384	128607124928	176834789376	--	--	--	--	--	--	--
15	936	Attack	HiggsBozo	INFINITE	SS REVENANT	YES	Borg Type 03.1	--	Borg Type 03.1	NO	--	--	YES	85572632576	0	641116480	0	233379545088	134565603648	185027690496	--	--	--	--	--	--	--
15	937	Attack	HiggsBozo	INFINITE	SS REVENANT	YES	Borg Type 03.1	--	Borg Type 03.1	NO	--	--	YES	89348784128	0	669407616	0	243678101504	140503701888	193192591360	--	--	--	--	--	--	--
15	938	Attack	HiggsBozo	INFINITE	SS REVENANT	YES	Borg Type 03.1	--	Borg Type 03.1	NO	--	--	NO	11700973568	0	87664552	0	31911696384	18400141224	25300193280	--	--	--	--	--	--	--
15	939	Attack	Borg Type 03.1	--	Borg Type 03.1	NO	HiggsBozo	INFINITE	SS REVENANT	YES	--	--	NO	922135	0	2279721	0	0	3201856	0	--	--	--	--	--	--	--
15	940	Attack	Borg Type 03.1	--	Borg Type 03.1	NO	HiggsBozo	INFINITE	SS REVENANT	YES	--	--	NO	949717	0	2347911	0	0	3297628	0	--	--	--	--	--	--	--
15	941	Attack	Borg Type 03.1	--	Borg Type 03.1	NO	HiggsBozo	INFINITE	SS REVENANT	YES	--	--	NO	908489	0	2245987	0	0	3154476	0	--	--	--	--	--	--	--
15	942	Attack	Borg Type 03.1	--	Borg Type 03.1	NO	HiggsBozo	INFINITE	SS REVENANT	YES	--	--	NO	925146	0	2287167	0	0	3212313	0	--	--	--	--	--	--	--
15	943	Attack	HiggsBozo	INFINITE	SS REVENANT	YES	Borg Type 03.1	--	Borg Type 03.1	NO	--	--	NO	23493384192	0	176014144	0	64072761344	36944067392	50798092288	--	--	--	--	--	--	--
15	944	Attack	HiggsBozo	INFINITE	SS REVENANT	YES	Borg Type 03.1	--	Borg Type 03.1	NO	--	--	NO	24053362688	0	180209552	0	65599975424	37824653200	52008894464	--	--	--	--	--	--	--
15	945	Attack	HiggsBozo	INFINITE	SS REVENANT	YES	Borg Type 03.1	--	Borg Type 03.1	NO	--	--	NO	21387935744	0	160239984	0	58330640384	33633186160	46245629952	--	--	--	--	--	--	--
15	946	Attack	HiggsBozo	INFINITE	SS REVENANT	YES	Borg Type 03.1	--	Borg Type 03.1	NO	--	--	NO	19799119872	0	148336448	0	53997510656	31134721856	42810245120	--	--	--	--	--	--	--
15	947	Attack	HiggsBozo	INFINITE	SS REVENANT	YES	Borg Type 03.1	--	Borg Type 03.1	NO	--	--	NO	22030434304	0	165053616	0	60082905088	34643535024	47634857984	--	--	--	--	--	--	--
15	948	Attack	HiggsBozo	INFINITE	SS REVENANT	YES	Borg Type 03.1	--	Borg Type 03.1	NO	--	--	NO	22090790912	0	165505824	0	60247515136	34738447136	47765364736	--	--	--	--	--	--	--
15	949	Attack	HiggsBozo	INFINITE	SS REVENANT	YES	Borg Type 03.1	--	Borg Type 03.1	NO	--	--	YES	182677618688	0	1368634112	0	498210897920	287266173696	394990977024	--	--	--	--	--	--	--
15	950	Attack	HiggsBozo	INFINITE	SS REVENANT	YES	Borg Type 03.1	--	Borg Type 03.1	NO	--	--	NO	20703733760	0	155113904	0	56464637952	32557257136	44766228480	--	--	--	--	--	--	--
15	951	Attack	HiggsBozo	INFINITE	SS REVENANT	YES	Borg Type 03.1	--	Borg Type 03.1	NO	--	--	NO	20879486976	0	156430640	0	56943960064	32833630512	45146247168	--	--	--	--	--	--	--
15	952	Attack	HiggsBozo	INFINITE	SS REVENANT	YES	Borg Type 03.1	--	Borg Type 03.1	NO	--	--	NO	21038419968	0	157621376	0	57377415168	33083563136	45489893376	--	--	--	--	--	--	--
15	953	Attack	HiggsBozo	INFINITE	SS REVENANT	YES	Borg Type 03.1	--	Borg Type 03.1	NO	--	--	NO	21049651200	0	157705536	0	57408049152	33101223232	45514182656	--	--	--	--	--	--	--
15	954	Attack	HiggsBozo	INFINITE	SS REVENANT	YES	Borg Type 03.1	--	Borg Type 03.1	NO	--	--	NO	21998702592	0	164815888	0	59996364800	34593633296	47566249984	--	--	--	--	--	--	--
15	955	Officer Ability	HiggsBozo	INFINITE	SS REVENANT	YES	--	--	SS REVENANT	NO	--	--	--	--	--	--	--	--	--	--	Officer	0.05	Excessive Measures	Byr Ch'Kelrer	--	--	--
15	956	Attack	Borg Type 03.1	--	Borg Type 03.1	NO	HiggsBozo	INFINITE	SS REVENANT	YES	--	--	NO	970104	0	2398313	0	0	3368417	0	--	--	--	--	--	--	--
15	957	Attack	Borg Type 03.1	--	Borg Type 03.1	NO	HiggsBozo	INFINITE	SS REVENANT	YES	--	--	NO	943787	0	2333250	0	0	3277037	0	--	--	--	--	--	--	--
15	958	Attack	Borg Type 03.1	--	Borg Type 03.1	NO	HiggsBozo	INFINITE	SS REVENANT	YES	--	--	NO	918542	0	2270840	0	0	3189382	0	--	--	--	--	--	--	--
15	959	Attack	Borg Type 03.1	--	Borg Type 03.1	NO	HiggsBozo	INFINITE	SS REVENANT	YES	--	--	NO	923596	0	2283334	0	0	3206930	0	--	--	--	--	--	--	--
15	960	Attack	HiggsBozo	INFINITE	SS REVENANT	YES	Borg Type 03.1	--	Borg Type 03.1	NO	--	--	NO	14655744000	0	239114784	0	39970148352	23101055520	31763951616	--	--	--	--	--	--	--
15	961	Attack	HiggsBozo	INFINITE	SS REVENANT	YES	Borg Type 03.1	--	Borg Type 03.1	NO	--	--	NO	15318729728	0	249931664	0	41778286592	24146084752	33200863232	--	--	--	--	--	--	--
15	962	Attack	HiggsBozo	INFINITE	SS REVENANT	YES	Borg Type 03.1	--	Borg Type 03.1	NO	--	--	NO	16473606144	0	268773984	0	44927942656	25966449248	35703873536	--	--	--	--	--	--	--
15	963	Attack	HiggsBozo	INFINITE	SS REVENANT	YES	Borg Type 03.1	--	Borg Type 03.1	NO	--	--	NO	16450271232	0	268393248	0	44864303104	25929671456	35653296128	--	--	--	--	--	--	--
15	964	Attack	HiggsBozo	INFINITE	SS REVENANT	YES	Borg Type 03.1	--	Borg Type 03.1	NO	--	--	NO	17188026368	0	280430048	0	46876360704	27092553184	37252263936	--	--	--	--	--	--	--
15	965	Attack	HiggsBozo	INFINITE	SS REVENANT	YES	Borg Type 03.1	--	Borg Type 03.1	NO	--	--	NO	16123497472	0	263061792	0	43973103616	25414593824	34945069056	--	--	--	--	--	--	--
15	966	Attack	HiggsBozo	INFINITE	SS REVENANT	YES	Borg Type 03.1	--	Borg Type 03.1	NO	--	--	NO	16706855936	0	272579552	0	45564080128	26334113760	36209401856	--	--	--	--	--	--	--
15	967	Attack	HiggsBozo	INFINITE	SS REVENANT	YES	Borg Type 03.1	--	Borg Type 03.1	NO	--	--	NO	15648078848	0	255305136	0	42676510720	24665219504	33914675200	--	--	--	--	--	--	--
15	968	Attack	HiggsBozo	INFINITE	SS REVENANT	YES	Borg Type 03.1	--	Borg Type 03.1	NO	--	--	NO	14664711168	0	239261088	0	39994601472	23115186592	31783387136	--	--	--	--	--	--	--
15	969	Attack	HiggsBozo	INFINITE	SS REVENANT	YES	Borg Type 03.1	--	Borg Type 03.1	NO	--	--	NO	15534476288	0	253451664	0	42366685184	24486152592	33668460544	--	--	--	--	--	--	--
15	970	Attack	HiggsBozo	INFINITE	SS REVENANT	YES	Borg Type 03.1	--	Borg Type 03.1	NO	--	--	NO	16308575232	0	266081424	0	44477861888	25706324112	35346194432	--	--	--	--	--	--	--
15	971	Attack	HiggsBozo	INFINITE	SS REVENANT	YES	Borg Type 03.1	--	Borg Type 03.1	NO	--	--	NO	16048381952	0	261836256	0	43768242176	25296190944	34782269440	--	--	--	--	--	--	--
15	972	Attack	HiggsBozo	INFINITE	SS REVENANT	YES	Borg Type 03.1	--	Borg Type 03.1	NO	--	--	NO	17069900800	0	278502784	0	46554198016	26906358144	36996243456	--	--	--	--	--	--	--
15	973	Attack	HiggsBozo	INFINITE	SS REVENANT	YES	Borg Type 03.1	--	Borg Type 03.1	NO	--	--	NO	16391613440	0	267436240	0	44704329728	25837210832	35526168576	--	--	--	--	--	--	--
16	975	battle_action_type_{0}	HiggsBozo	INFINITE	SS REVENANT	YES	--	--	SS REVENANT	NO	--	--	--	--	--	--	--	--	--	--	--	--	1292597	--	--	--	--
16	976	Officer Ability	HiggsBozo	INFINITE	SS REVENANT	YES	--	--	SS REVENANT	NO	--	--	--	--	--	--	--	--	--	--	Officer	1	Knock it Down	B'Elanna Torres	--	--	--
16	977	Officer Ability	HiggsBozo	INFINITE	SS REVENANT	YES	--	--	SS REVENANT	NO	--	--	--	--	--	--	--	--	--	--	Officer	1	Now We're Cooking	Neelix	--	--	--
16	978	Officer Ability	HiggsBozo	INFINITE	SS REVENANT	YES	--	--	SS REVENANT	NO	--	--	--	--	--	--	--	--	--	--	Officer	0.05	Excessive Measures	Byr Ch'Kelrer	--	--	--
16	979	Officer Ability	HiggsBozo	INFINITE	SS REVENANT	YES	--	--	SS REVENANT	NO	--	--	--	--	--	--	--	--	--	--	Officer	1	The Looking Glass	Toli	--	--	--
16	980	Attack	Borg Type 03.1	--	Borg Type 03.1	NO	HiggsBozo	INFINITE	SS REVENANT	YES	--	--	NO	1604612	0	3966956	0	0	5571568	0	--	--	--	--	--	--	--
16	981	Attack	Borg Type 03.1	--	Borg Type 03.1	NO	HiggsBozo	INFINITE	SS REVENANT	YES	--	--	YES	813649	0	2011520	0	0	2825169	0	--	--	--	--	--	--	--
16	982	Attack	HiggsBozo	INFINITE	SS REVENANT	YES	Borg Type 03.1	--	Borg Type 03.1	NO	--	--	YES	39538421760	0	198674000	0	107831885824	62134302288	85434679296	--	--	--	--	--	--	--
16	983	Attack	HiggsBozo	INFINITE	SS REVENANT	YES	Borg Type 03.1	--	Borg Type 03.1	NO	--	--	NO	5087710720	0	25564900	0	13875552256	7995295972	10993531904	--	--	--	--	--	--	--
16	984	Attack	HiggsBozo	INFINITE	SS REVENANT	YES	Borg Type 03.1	--	Borg Type 03.1	NO	--	--	NO	5104174080	0	25647626	0	13920452608	8021167626	11029106688	--	--	--	--	--	--	--
16	985	Attack	HiggsBozo	INFINITE	SS REVENANT	YES	Borg Type 03.1	--	Borg Type 03.1	NO	--	--	NO	5279878656	0	26530512	0	14399646720	8297286864	11408769024	--	--	--	--	--	--	--
16	986	Attack	HiggsBozo	INFINITE	SS REVENANT	YES	Borg Type 03.1	--	Borg Type 03.1	NO	--	--	YES	45108121600	0	226660800	0	123021950976	70887047616	97469685760	--	--	--	--	--	--	--
16	987	Attack	HiggsBozo	INFINITE	SS REVENANT	YES	Borg Type 03.1	--	Borg Type 03.1	NO	--	--	NO	5410500096	0	27186862	0	14755885056	8502556846	11691015168	--	--	--	--	--	--	--
16	988	Attack	HiggsBozo	INFINITE	SS REVENANT	YES	Borg Type 03.1	--	Borg Type 03.1	NO	--	--	NO	5022959616	0	25239536	0	13698959360	7893540848	10853617664	--	--	--	--	--	--	--
16	989	Attack	HiggsBozo	INFINITE	SS REVENANT	YES	Borg Type 03.1	--	Borg Type 03.1	NO	--	--	NO	5461804544	0	27444658	0	14895806464	8583181234	11801874432	--	--	--	--	--	--	--
16	990	Attack	HiggsBozo	INFINITE	SS REVENANT	YES	Borg Type 03.1	--	Borg Type 03.1	NO	--	--	YES	40927277056	0	205652752	0	111619670016	64316887824	88435712000	--	--	--	--	--	--	--
16	991	Attack	HiggsBozo	INFINITE	SS REVENANT	YES	Borg Type 03.1	--	Borg Type 03.1	NO	--	--	NO	5865958912	0	29475466	0	15998044160	9218307210	12675171328	--	--	--	--	--	--	--
16	992	Attack	HiggsBozo	INFINITE	SS REVENANT	YES	Borg Type 03.1	--	Borg Type 03.1	NO	--	--	YES	44742955008	0	224825904	0	122026049536	70313189936	96680640512	--	--	--	--	--	--	--
16	993	Attack	HiggsBozo	INFINITE	SS REVENANT	YES	Borg Type 03.1	--	Borg Type 03.1	NO	--	--	NO	4840487936	0	24322646	0	13201309696	7606787670	10459332608	--	--	--	--	--	--	--
16	994	Attack	HiggsBozo	INFINITE	SS REVENANT	YES	Borg Type 03.1	--	Borg Type 03.1	NO	--	--	NO	5661406208	0	28447624	0	15440174080	8896853896	12233174016	--	--	--	--	--	--	--
16	995	Attack	HiggsBozo	INFINITE	SS REVENANT	YES	Borg Type 03.1	--	Borg Type 03.1	NO	--	--	YES	42150735872	0	211800432	0	114956369920	66239537520	91079368704	--	--	--	--	--	--	--
16	996	Officer Ability	HiggsBozo	INFINITE	SS REVENANT	YES	--	--	SS REVENANT	NO	--	--	--	--	--	--	--	--	--	--	Officer	0.05	Excessive Measures	Byr Ch'Kelrer	--	--	--
16	997	Charging Weapons	Borg Type 03.1	--	Borg Type 03.1	NO	Borg Type 03.1	--	Borg Type 03.1	NO	--	--	--	--	--	--	--	--	--	--	--	--	--	--	--	--	100
16	998	Attack	HiggsBozo	INFINITE	SS REVENANT	YES	Borg Type 03.1	--	Borg Type 03.1	NO	--	--	NO	10145120256	0	57422624	0	27668463616	15945685792	21925320704	--	--	--	--	--	--	--
16	999	Attack	HiggsBozo	INFINITE	SS REVENANT	YES	Borg Type 03.1	--	Borg Type 03.1	NO	--	--	NO	11163599872	0	63187348	0	30446133248	17546493332	24126427136	--	--	--	--	--	--	--
16	1000	Attack	HiggsBozo	INFINITE	SS REVENANT	YES	Borg Type 03.1	--	Borg Type 03.1	NO	--	--	NO	11292115968	0	63914760	0	30796630016	17748487944	24404172800	--	--	--	--	--	--	--
16	1001	Attack	HiggsBozo	INFINITE	SS REVENANT	YES	Borg Type 03.1	--	Borg Type 03.1	NO	--	--	NO	11376173056	0	64390536	0	31025876992	17880606088	24585834496	--	--	--	--	--	--	--
16	1002	Attack	HiggsBozo	INFINITE	SS REVENANT	YES	Borg Type 03.1	--	Borg Type 03.1	NO	--	--	NO	10345426944	0	58556388	0	28214755328	16260521956	22358216704	--	--	--	--	--	--	--
16	1003	Attack	HiggsBozo	INFINITE	SS REVENANT	YES	Borg Type 03.1	--	Borg Type 03.1	NO	--	--	NO	12079066112	0	68369000	0	32942854144	18985383528	26104905728	--	--	--	--	--	--	--
16	1004	Attack	HiggsBozo	INFINITE	SS REVENANT	YES	Borg Type 03.1	--	Borg Type 03.1	NO	--	--	NO	10496508928	0	59411528	0	28626796544	16497985608	22684731392	--	--	--	--	--	--	--
16	1005	Attack	HiggsBozo	INFINITE	SS REVENANT	YES	Borg Type 03.1	--	Borg Type 03.1	NO	--	--	YES	87007649792	0	492473952	0	237293207552	136755097184	188038234112	--	--	--	--	--	--	--
16	1006	Attack	HiggsBozo	INFINITE	SS REVENANT	YES	Borg Type 03.1	--	Borg Type 03.1	NO	--	--	NO	11576702976	0	65525560	0	31572774912	18195789624	25019213824	--	--	--	--	--	--	--
16	1007	Attack	HiggsBozo	INFINITE	SS REVENANT	YES	Borg Type 03.1	--	Borg Type 03.1	NO	--	--	NO	10860206080	0	61470100	0	29618696192	17069630868	23470741504	--	--	--	--	--	--	--
16	1008	Attack	HiggsBozo	INFINITE	SS REVENANT	YES	Borg Type 03.1	--	Borg Type 03.1	NO	--	--	NO	12220526592	0	69169680	0	33328654336	19207725584	26410625024	--	--	--	--	--	--	--
16	1009	Attack	HiggsBozo	INFINITE	SS REVENANT	YES	Borg Type 03.1	--	Borg Type 03.1	NO	--	--	NO	11309244416	0	64011712	0	30843344896	17775410624	24441190400	--	--	--	--	--	--	--
16	1010	Attack	Borg Type 03.1	--	Borg Type 03.1	NO	HiggsBozo	INFINITE	SS REVENANT	YES	--	--	NO	901112	0	2227749	0	0	3128861	0	--	--	--	--	--	--	--
16	1011	Attack	Borg Type 03.1	--	Borg Type 03.1	NO	HiggsBozo	INFINITE	SS REVENANT	YES	--	--	NO	950272	0	2349283	0	0	3299555	0	--	--	--	--	--	--	--
16	1012	Attack	Borg Type 03.1	--	Borg Type 03.1	NO	HiggsBozo	INFINITE	SS REVENANT	YES	--	--	NO	965150	0	2386066	0	0	3351216	0	--	--	--	--	--	--	--
16	1013	Attack	Borg Type 03.1	--	Borg Type 03.1	NO	HiggsBozo	INFINITE	SS REVENANT	YES	--	--	NO	921161	0	2277315	0	0	3198476	0	--	--	--	--	--	--	--
16	1014	Charging Weapons	HiggsBozo	INFINITE	SS REVENANT	YES	Borg Type 03.1	--	Borg Type 03.1	NO	--	--	--	--	--	--	--	--	--	--	--	--	--	--	--	--	100
16	1015	Officer Ability	HiggsBozo	INFINITE	SS REVENANT	YES	--	--	SS REVENANT	NO	--	--	--	--	--	--	--	--	--	--	Officer	0.05	Excessive Measures	Byr Ch'Kelrer	--	--	--
16	1016	Attack	Borg Type 03.1	--	Borg Type 03.1	NO	HiggsBozo	INFINITE	SS REVENANT	YES	--	--	NO	936012	0	2314030	0	0	3250042	0	--	--	--	--	--	--	--
16	1017	Attack	Borg Type 03.1	--	Borg Type 03.1	NO	HiggsBozo	INFINITE	SS REVENANT	YES	--	--	NO	912030	0	2254741	0	0	3166771	0	--	--	--	--	--	--	--
16	1018	Attack	Borg Type 03.1	--	Borg Type 03.1	NO	HiggsBozo	INFINITE	SS REVENANT	YES	--	--	NO	927471	0	2292914	0	0	3220385	0	--	--	--	--	--	--	--
16	1019	Attack	Borg Type 03.1	--	Borg Type 03.1	NO	HiggsBozo	INFINITE	SS REVENANT	YES	--	--	NO	953354	0	2356903	0	0	3310257	0	--	--	--	--	--	--	--
16	1020	Charging Weapons	HiggsBozo	INFINITE	SS REVENANT	YES	Borg Type 03.1	--	Borg Type 03.1	NO	--	--	--	--	--	--	--	--	--	--	--	--	--	--	--	--	100
17	1022	battle_action_type_{0}	HiggsBozo	INFINITE	SS REVENANT	YES	--	--	SS REVENANT	NO	--	--	--	--	--	--	--	--	--	--	--	--	1186179	--	--	--	--
17	1023	Officer Ability	HiggsBozo	INFINITE	SS REVENANT	YES	--	--	SS REVENANT	NO	--	--	--	--	--	--	--	--	--	--	Officer	1	Knock it Down	B'Elanna Torres	--	--	--
17	1024	Officer Ability	HiggsBozo	INFINITE	SS REVENANT	YES	--	--	SS REVENANT	NO	--	--	--	--	--	--	--	--	--	--	Officer	1	Now We're Cooking	Neelix	--	--	--
17	1025	Officer Ability	HiggsBozo	INFINITE	SS REVENANT	YES	--	--	SS REVENANT	NO	--	--	--	--	--	--	--	--	--	--	Officer	0.05	Excessive Measures	Byr Ch'Kelrer	--	--	--
17	1026	Officer Ability	HiggsBozo	INFINITE	SS REVENANT	YES	--	--	SS REVENANT	NO	--	--	--	--	--	--	--	--	--	--	Officer	1	The Looking Glass	Toli	--	--	--
17	1027	Attack	Borg Type 03.1	--	Borg Type 03.1	NO	HiggsBozo	INFINITE	SS REVENANT	YES	--	--	NO	1596726	0	3947461	0	0	5544187	0	--	--	--	--	--	--	--
17	1028	Attack	Borg Type 03.1	--	Borg Type 03.1	NO	HiggsBozo	INFINITE	SS REVENANT	YES	--	--	NO	1540060	0	3807369	0	0	5347429	0	--	--	--	--	--	--	--
17	1029	Attack	HiggsBozo	INFINITE	SS REVENANT	YES	Borg Type 03.1	--	Borg Type 03.1	NO	--	--	NO	5126478848	0	19211938	0	13981282304	8053462690	11073510400	--	--	--	--	--	--	--
17	1030	Attack	HiggsBozo	INFINITE	SS REVENANT	YES	Borg Type 03.1	--	Borg Type 03.1	NO	--	--	NO	5108601856	0	19144944	0	13932527616	8025378032	11034896384	--	--	--	--	--	--	--
17	1031	Attack	HiggsBozo	INFINITE	SS REVENANT	YES	Borg Type 03.1	--	Borg Type 03.1	NO	--	--	NO	4868138496	0	18243784	0	13276719104	7647621832	10515479552	--	--	--	--	--	--	--
17	1032	Attack	HiggsBozo	INFINITE	SS REVENANT	YES	Borg Type 03.1	--	Borg Type 03.1	NO	--	--	NO	5613596160	0	21037456	0	15309783040	8818701200	12125715456	--	--	--	--	--	--	--
17	1033	Attack	HiggsBozo	INFINITE	SS REVENANT	YES	Borg Type 03.1	--	Borg Type 03.1	NO	--	--	YES	41210945536	0	154441712	0	112393306112	64740505584	89018187776	--	--	--	--	--	--	--
17	1034	Attack	HiggsBozo	INFINITE	SS REVENANT	YES	Borg Type 03.1	--	Borg Type 03.1	NO	--	--	YES	43073241088	0	161420848	0	117472288768	67666081328	93040869376	--	--	--	--	--	--	--
17	1035	Attack	HiggsBozo	INFINITE	SS REVENANT	YES	Borg Type 03.1	--	Borg Type 03.1	NO	--	--	NO	5582045696	0	20919216	0	15223736320	8769138096	12057563136	--	--	--	--	--	--	--
17	1036	Attack	HiggsBozo	INFINITE	SS REVENANT	YES	Borg Type 03.1	--	Borg Type 03.1	NO	--	--	NO	5167367680	0	19365174	0	14092797952	8117697334	11161833472	--	--	--	--	--	--	--
17	1037	Attack	HiggsBozo	INFINITE	SS REVENANT	YES	Borg Type 03.1	--	Borg Type 03.1	NO	--	--	NO	4874371584	0	18267144	0	13293719552	7657414152	10528944128	--	--	--	--	--	--	--
17	1038	Attack	HiggsBozo	INFINITE	SS REVENANT	YES	Borg Type 03.1	--	Borg Type 03.1	NO	--	--	NO	5561661952	0	20842826	0	15168144384	8737115978	12013533184	--	--	--	--	--	--	--
17	1039	Attack	HiggsBozo	INFINITE	SS REVENANT	YES	Borg Type 03.1	--	Borg Type 03.1	NO	--	--	NO	5031524352	0	18856088	0	13722316800	7904294040	10868403200	--	--	--	--	--	--	--
17	1040	Attack	HiggsBozo	INFINITE	SS REVENANT	YES	Borg Type 03.1	--	Borg Type 03.1	NO	--	--	NO	5830278144	0	21849490	0	15900732416	9159098770	12593761280	--	--	--	--	--	--	--
17	1041	Attack	HiggsBozo	INFINITE	SS REVENANT	YES	Borg Type 03.1	--	Borg Type 03.1	NO	--	--	NO	5372009472	0	20132088	0	14650910720	8439179512	11603872768	--	--	--	--	--	--	--
17	1042	Attack	HiggsBozo	INFINITE	SS REVENANT	YES	Borg Type 03.1	--	Borg Type 03.1	NO	--	--	YES	45047373824	0	168819072	0	122856275968	70767352192	97305116672	--	--	--	--	--	--	--
17	1043	Officer Ability	HiggsBozo	INFINITE	SS REVENANT	YES	--	--	SS REVENANT	NO	--	--	--	--	--	--	--	--	--	--	Officer	0.05	Excessive Measures	Byr Ch'Kelrer	--	--	--
17	1044	Charging Weapons	Borg Type 03.1	--	Borg Type 03.1	NO	Borg Type 03.1	--	Borg Type 03.1	NO	--	--	--	--	--	--	--	--	--	--	--	--	--	--	--	--	100
17	1045	Attack	HiggsBozo	INFINITE	SS REVENANT	YES	Borg Type 03.1	--	Borg Type 03.1	NO	--	--	NO	10862176256	0	46408848	0	29624070144	17066380432	23466274816	--	--	--	--	--	--	--
17	1046	Attack	HiggsBozo	INFINITE	SS REVENANT	YES	Borg Type 03.1	--	Borg Type 03.1	NO	--	--	YES	90086850560	0	384897696	0	245691006976	141542216352	194620538880	--	--	--	--	--	--	--
17	1047	Attack	HiggsBozo	INFINITE	SS REVENANT	YES	Borg Type 03.1	--	Borg Type 03.1	NO	--	--	NO	10480003072	0	44776004	0	28581779456	16465918532	22640640000	--	--	--	--	--	--	--
17	1048	Attack	HiggsBozo	INFINITE	SS REVENANT	YES	Borg Type 03.1	--	Borg Type 03.1	NO	--	--	NO	11346216960	0	48476916	0	30944178176	17826894580	24511977472	--	--	--	--	--	--	--
17	1049	Attack	HiggsBozo	INFINITE	SS REVENANT	YES	Borg Type 03.1	--	Borg Type 03.1	NO	--	--	NO	11049000960	0	47207060	0	30133590016	17359913620	23869884416	--	--	--	--	--	--	--
17	1050	Attack	HiggsBozo	INFINITE	SS REVENANT	YES	Borg Type 03.1	--	Borg Type 03.1	NO	--	--	NO	11667662848	0	49850304	0	31820849152	18331942848	25206419456	--	--	--	--	--	--	--
17	1051	Attack	HiggsBozo	INFINITE	SS REVENANT	YES	Borg Type 03.1	--	Borg Type 03.1	NO	--	--	YES	95298461696	0	407164416	0	259904471040	149730571776	205879525376	--	--	--	--	--	--	--
17	1052	Attack	HiggsBozo	INFINITE	SS REVENANT	YES	Borg Type 03.1	--	Borg Type 03.1	NO	--	--	NO	10283287552	0	43935532	0	28045283328	16156844844	22215661568	--	--	--	--	--	--	--
17	1053	Attack	HiggsBozo	INFINITE	SS REVENANT	YES	Borg Type 03.1	--	Borg Type 03.1	NO	--	--	NO	11187069952	0	47796960	0	30510141440	17576845024	24168163328	--	--	--	--	--	--	--
17	1054	Attack	HiggsBozo	INFINITE	SS REVENANT	YES	Borg Type 03.1	--	Borg Type 03.1	NO	--	--	NO	10177409024	0	43483164	0	27756525568	15990491164	21986926592	--	--	--	--	--	--	--
17	1055	Attack	HiggsBozo	INFINITE	SS REVENANT	YES	Borg Type 03.1	--	Borg Type 03.1	NO	--	--	NO	12181678080	0	52046444	0	33222705152	19139549804	26316879872	--	--	--	--	--	--	--
17	1056	Attack	HiggsBozo	INFINITE	SS REVENANT	YES	Borg Type 03.1	--	Borg Type 03.1	NO	--	--	NO	12254812160	0	52358908	0	33422159872	19254454012	26474876928	--	--	--	--	--	--	--
17	1057	Attack	Borg Type 03.1	--	Borg Type 03.1	NO	HiggsBozo	INFINITE	SS REVENANT	YES	--	--	NO	964042	0	2383326	0	0	3347368	0	--	--	--	--	--	--	--
17	1058	Attack	Borg Type 03.1	--	Borg Type 03.1	NO	HiggsBozo	INFINITE	SS REVENANT	YES	--	--	NO	919811	0	2273976	0	0	3193787	0	--	--	--	--	--	--	--
17	1059	Attack	Borg Type 03.1	--	Borg Type 03.1	NO	HiggsBozo	INFINITE	SS REVENANT	YES	--	--	NO	929710	0	2298450	0	0	3228160	0	--	--	--	--	--	--	--
17	1060	Attack	Borg Type 03.1	--	Borg Type 03.1	NO	HiggsBozo	INFINITE	SS REVENANT	YES	--	--	NO	898972	0	2222459	0	0	3121431	0	--	--	--	--	--	--	--
17	1061	Attack	HiggsBozo	INFINITE	SS REVENANT	YES	Borg Type 03.1	--	Borg Type 03.1	NO	--	--	NO	20956717056	0	89537952	0	57154592768	32926674336	45274173440	--	--	--	--	--	--	--
17	1062	Attack	HiggsBozo	INFINITE	SS REVENANT	YES	Borg Type 03.1	--	Borg Type 03.1	NO	--	--	NO	24421101568	0	104339600	0	66602893312	38369826960	52758507520	--	--	--	--	--	--	--
17	1063	Attack	HiggsBozo	INFINITE	SS REVENANT	YES	Borg Type 03.1	--	Borg Type 03.1	NO	--	--	NO	23761379328	0	101520920	0	64803655680	37333284376	51333271552	--	--	--	--	--	--	--
17	1064	Attack	HiggsBozo	INFINITE	SS REVENANT	YES	Borg Type 03.1	--	Borg Type 03.1	NO	--	--	NO	23538374656	0	100568128	0	64195461120	36982907968	50851495936	--	--	--	--	--	--	--
17	1065	Attack	HiggsBozo	INFINITE	SS REVENANT	YES	Borg Type 03.1	--	Borg Type 03.1	NO	--	--	NO	21557706752	0	92105696	0	58793652224	33870932960	46572531712	--	--	--	--	--	--	--
17	1066	Attack	HiggsBozo	INFINITE	SS REVENANT	YES	Borg Type 03.1	--	Borg Type 03.1	NO	--	--	YES	158820237312	0	678562368	0	433145413632	249534384704	343109828608	--	--	--	--	--	--	--
17	1067	Attack	HiggsBozo	INFINITE	SS REVENANT	YES	Borg Type 03.1	--	Borg Type 03.1	NO	--	--	YES	179407847424	0	766523264	0	489293316096	281881130880	387586555904	--	--	--	--	--	--	--
17	1068	Attack	HiggsBozo	INFINITE	SS REVENANT	YES	Borg Type 03.1	--	Borg Type 03.1	NO	--	--	NO	22846138368	0	97610544	0	62307553280	35895284528	49356017664	--	--	--	--	--	--	--
17	1069	Attack	HiggsBozo	INFINITE	SS REVENANT	YES	Borg Type 03.1	--	Borg Type 03.1	NO	--	--	NO	22462525440	0	95971552	0	61261336576	35292563680	48527269888	--	--	--	--	--	--	--
17	1070	Attack	HiggsBozo	INFINITE	SS REVENANT	YES	Borg Type 03.1	--	Borg Type 03.1	NO	--	--	NO	22206605312	0	94878120	0	60563369984	34890465704	47974387712	--	--	--	--	--	--	--
17	1071	Attack	HiggsBozo	INFINITE	SS REVENANT	YES	Borg Type 03.1	--	Borg Type 03.1	NO	--	--	NO	20728727552	0	88563864	0	56532799488	32568457368	44781633536	--	--	--	--	--	--	--
17	1072	Attack	HiggsBozo	INFINITE	SS REVENANT	YES	Borg Type 03.1	--	Borg Type 03.1	NO	--	--	NO	24159045632	0	103219960	0	65888198656	37958089464	52192374784	--	--	--	--	--	--	--
17	1073	Officer Ability	HiggsBozo	INFINITE	SS REVENANT	YES	--	--	SS REVENANT	NO	--	--	--	--	--	--	--	--	--	--	Officer	0.05	Excessive Measures	Byr Ch'Kelrer	--	--	--
17	1074	Attack	Borg Type 03.1	--	Borg Type 03.1	NO	HiggsBozo	INFINITE	SS REVENANT	YES	--	--	NO	955207	0	2361483	0	0	3316690	0	--	--	--	--	--	--	--
17	1075	Attack	Borg Type 03.1	--	Borg Type 03.1	NO	HiggsBozo	INFINITE	SS REVENANT	YES	--	--	NO	971029	0	2400599	0	0	3371628	0	--	--	--	--	--	--	--
17	1076	Attack	Borg Type 03.1	--	Borg Type 03.1	NO	HiggsBozo	INFINITE	SS REVENANT	YES	--	--	NO	949470	0	2347301	0	0	3296771	0	--	--	--	--	--	--	--
17	1077	Attack	Borg Type 03.1	--	Borg Type 03.1	NO	HiggsBozo	INFINITE	SS REVENANT	YES	--	--	NO	965882	0	2387874	0	0	3353756	0	--	--	--	--	--	--	--
17	1078	Attack	HiggsBozo	INFINITE	SS REVENANT	YES	Borg Type 03.1	--	Borg Type 03.1	NO	--	--	NO	15430366208	0	171414912	0	42082746368	24288221568	33396305920	--	--	--	--	--	--	--
17	1079	Attack	HiggsBozo	INFINITE	SS REVENANT	YES	Borg Type 03.1	--	Borg Type 03.1	NO	--	--	NO	15549741056	0	172741040	0	42408316928	24476125616	33654673408	--	--	--	--	--	--	--
17	1080	Attack	HiggsBozo	INFINITE	SS REVENANT	YES	Borg Type 03.1	--	Borg Type 03.1	NO	--	--	NO	15027535872	0	166939888	0	40984121344	23654145264	32524451840	--	--	--	--	--	--	--
17	1081	Attack	HiggsBozo	INFINITE	SS REVENANT	YES	Borg Type 03.1	--	Borg Type 03.1	NO	--	--	NO	17404645376	0	193347056	0	47467139072	27395845616	37669285888	--	--	--	--	--	--	--
17	1082	Attack	HiggsBozo	INFINITE	SS REVENANT	YES	Borg Type 03.1	--	Borg Type 03.1	NO	--	--	NO	17014681600	0	189014960	0	46403600384	26782020528	36825276416	--	--	--	--	--	--	--
17	1083	Attack	HiggsBozo	INFINITE	SS REVENANT	YES	Borg Type 03.1	--	Borg Type 03.1	NO	--	--	NO	16930970624	0	188085024	0	46175301632	26650255136	36644102144	--	--	--	--	--	--	--
17	1084	Attack	HiggsBozo	INFINITE	SS REVENANT	YES	Borg Type 03.1	--	Borg Type 03.1	NO	--	--	NO	15881297920	0	176424288	0	43312562176	24998016352	34372268032	--	--	--	--	--	--	--
17	1085	Attack	HiggsBozo	INFINITE	SS REVENANT	YES	Borg Type 03.1	--	Borg Type 03.1	NO	--	--	NO	17503109120	0	194440864	0	47735672832	27550830240	37882392576	--	--	--	--	--	--	--
17	1086	Attack	HiggsBozo	INFINITE	SS REVENANT	YES	Borg Type 03.1	--	Borg Type 03.1	NO	--	--	NO	17202059264	0	191096528	0	46914629632	27076959952	37230825472	--	--	--	--	--	--	--
17	1087	Attack	HiggsBozo	INFINITE	SS REVENANT	YES	Borg Type 03.1	--	Borg Type 03.1	NO	--	--	NO	14770825216	0	164088112	0	40284004352	23250071856	31968845824	--	--	--	--	--	--	--
17	1088	Attack	HiggsBozo	INFINITE	SS REVENANT	YES	Borg Type 03.1	--	Borg Type 03.1	NO	--	--	NO	14656809984	0	162821520	0	39973052416	23070603664	31722080256	--	--	--	--	--	--	--
17	1089	Attack	HiggsBozo	INFINITE	SS REVENANT	YES	Borg Type 03.1	--	Borg Type 03.1	NO	--	--	YES	132509884416	0	1472043392	0	361390014464	208577657216	286794285056	--	--	--	--	--	--	--
17	1090	Attack	HiggsBozo	INFINITE	SS REVENANT	YES	Borg Type 03.1	--	Borg Type 03.1	NO	--	--	NO	15318293504	0	170169904	0	41777094656	24111813168	33153744896	--	--	--	--	--	--	--
17	1091	Attack	HiggsBozo	INFINITE	SS REVENANT	YES	Borg Type 03.1	--	Borg Type 03.1	NO	--	--	YES	130358329344	0	1448141952	0	355522150400	205190997120	282137624576	--	--	--	--	--	--	--
18	1093	battle_action_type_{0}	HiggsBozo	INFINITE	SS REVENANT	YES	--	--	SS REVENANT	NO	--	--	--	--	--	--	--	--	--	--	--	--	1282909	--	--	--	--
18	1094	Officer Ability	HiggsBozo	INFINITE	SS REVENANT	YES	--	--	SS REVENANT	NO	--	--	--	--	--	--	--	--	--	--	Officer	1	Knock it Down	B'Elanna Torres	--	--	--
18	1095	Officer Ability	HiggsBozo	INFINITE	SS REVENANT	YES	--	--	SS REVENANT	NO	--	--	--	--	--	--	--	--	--	--	Officer	1	Now We're Cooking	Neelix	--	--	--
18	1096	Officer Ability	HiggsBozo	INFINITE	SS REVENANT	YES	--	--	SS REVENANT	NO	--	--	--	--	--	--	--	--	--	--	Officer	0.05	Excessive Measures	Byr Ch'Kelrer	--	--	--
18	1097	Officer Ability	HiggsBozo	INFINITE	SS REVENANT	YES	--	--	SS REVENANT	NO	--	--	--	--	--	--	--	--	--	--	Officer	0.3	No Locked Doors	Dajash Tolra	--	--	--
18	1098	Officer Ability	HiggsBozo	INFINITE	SS REVENANT	YES	--	--	SS REVENANT	NO	--	--	--	--	--	--	--	--	--	--	Officer	1	The Looking Glass	Toli	--	--	--
18	1099	Attack	Borg Type 03.1	--	Borg Type 03.1	NO	HiggsBozo	INFINITE	SS REVENANT	YES	--	--	NO	1583753	0	3915390	0	0	5499143	0	--	--	--	--	--	--	--
18	1100	Attack	Borg Type 03.1	--	Borg Type 03.1	NO	HiggsBozo	INFINITE	SS REVENANT	YES	--	--	NO	1615146	0	3993000	0	0	5608146	0	--	--	--	--	--	--	--
18	1101	Attack	HiggsBozo	INFINITE	SS REVENANT	YES	Borg Type 03.1	--	Borg Type 03.1	NO	--	--	NO	4991639552	0	13943173	0	13613540352	7839630725	10779492352	--	--	--	--	--	--	--
18	1102	Attack	HiggsBozo	INFINITE	SS REVENANT	YES	Borg Type 03.1	--	Borg Type 03.1	NO	--	--	NO	5132901888	0	14337762	0	13998800896	8061490402	11084550144	--	--	--	--	--	--	--
18	1103	Attack	HiggsBozo	INFINITE	SS REVENANT	YES	Borg Type 03.1	--	Borg Type 03.1	NO	--	--	YES	44209344512	0	123490192	0	120570740736	69433081744	95470493696	--	--	--	--	--	--	--
18	1104	Attack	HiggsBozo	INFINITE	SS REVENANT	YES	Borg Type 03.1	--	Borg Type 03.1	NO	--	--	NO	4980197888	0	13911212	0	13582336000	7821660844	10754784256	--	--	--	--	--	--	--
18	1105	Attack	HiggsBozo	INFINITE	SS REVENANT	YES	Borg Type 03.1	--	Borg Type 03.1	NO	--	--	NO	5124998144	0	14315684	0	13977245696	8049077412	11067482112	--	--	--	--	--	--	--
18	1106	Attack	HiggsBozo	INFINITE	SS REVENANT	YES	Borg Type 03.1	--	Borg Type 03.1	NO	--	--	NO	5140347392	0	14358559	0	14019106816	8073184799	11100627968	--	--	--	--	--	--	--
18	1107	Attack	HiggsBozo	INFINITE	SS REVENANT	YES	Borg Type 03.1	--	Borg Type 03.1	NO	--	--	YES	46356013056	0	129486496	0	126425284608	72804535968	100106248192	--	--	--	--	--	--	--
18	1108	Attack	HiggsBozo	INFINITE	SS REVENANT	YES	Borg Type 03.1	--	Borg Type 03.1	NO	--	--	NO	5817524736	0	16250122	0	15865950208	9136725770	12562999296	--	--	--	--	--	--	--
18	1109	Attack	HiggsBozo	INFINITE	SS REVENANT	YES	Borg Type 03.1	--	Borg Type 03.1	NO	--	--	YES	43095707648	0	120379464	0	117533556736	67684059208	93065584640	--	--	--	--	--	--	--
18	1110	Attack	HiggsBozo	INFINITE	SS REVENANT	YES	Borg Type 03.1	--	Borg Type 03.1	NO	--	--	NO	5009128448	0	13992025	0	13661237248	7867098201	10817259520	--	--	--	--	--	--	--
18	1111	Attack	HiggsBozo	INFINITE	SS REVENANT	YES	Borg Type 03.1	--	Borg Type 03.1	NO	--	--	NO	5544972288	0	15488800	0	15122627584	8708669216	11974419456	--	--	--	--	--	--	--
18	1112	Attack	HiggsBozo	INFINITE	SS REVENANT	YES	Borg Type 03.1	--	Borg Type 03.1	NO	--	--	NO	5281743872	0	14753522	0	14404731904	8295254770	11405974528	--	--	--	--	--	--	--
18	1113	Attack	HiggsBozo	INFINITE	SS REVENANT	YES	Borg Type 03.1	--	Borg Type 03.1	NO	--	--	NO	5225060864	0	14595190	0	14250143744	8206231158	11283568640	--	--	--	--	--	--	--
18	1114	Attack	HiggsBozo	INFINITE	SS REVENANT	YES	Borg Type 03.1	--	Borg Type 03.1	NO	--	--	YES	41933017088	0	117131712	0	114362589184	65857993152	90554744832	--	--	--	--	--	--	--
18	1115	Attack	HiggsBozo	INFINITE	SS REVENANT	YES	Borg Type 03.1	--	Borg Type 03.1	NO	--	--	NO	5684986880	0	15879904	0	15504485376	8928569056	12276783104	--	--	--	--	--	--	--
18	1116	Attack	HiggsBozo	INFINITE	SS REVENANT	YES	Borg Type 03.1	--	Borg Type 03.1	NO	--	--	NO	5440812032	0	15197849	0	14838554624	8545079961	11749484544	--	--	--	--	--	--	--
18	1117	Attack	HiggsBozo	INFINITE	SS REVENANT	YES	Borg Type 03.1	--	Borg Type 03.1	NO	--	--	YES	45591134208	0	127349952	0	124339257344	71603262656	98454478848	--	--	--	--	--	--	--
18	1118	Attack	HiggsBozo	INFINITE	SS REVENANT	YES	Borg Type 03.1	--	Borg Type 03.1	NO	--	--	NO	5064384512	0	14146372	0	13811936256	7953880900	10936586240	--	--	--	--	--	--	--
18	1119	Officer Ability	HiggsBozo	INFINITE	SS REVENANT	YES	--	--	SS REVENANT	NO	--	--	--	--	--	--	--	--	--	--	Officer	0.05	Excessive Measures	Byr Ch'Kelrer	--	--	--
18	1120	Charging Weapons	Borg Type 03.1	--	Borg Type 03.1	NO	Borg Type 03.1	--	Borg Type 03.1	NO	--	--	--	--	--	--	--	--	--	--	--	--	--	--	--	--	100
18	1121	Attack	HiggsBozo	INFINITE	SS REVENANT	YES	Borg Type 03.1	--	Borg Type 03.1	NO	--	--	YES	96934428672	0	312423072	0	264366194688	152258130592	209354915840	--	--	--	--	--	--	--
18	1122	Attack	HiggsBozo	INFINITE	SS REVENANT	YES	Borg Type 03.1	--	Borg Type 03.1	NO	--	--	NO	11532662784	0	37170180	0	31452665856	18114737156	24907761664	--	--	--	--	--	--	--
18	1123	Attack	HiggsBozo	INFINITE	SS REVENANT	YES	Borg Type 03.1	--	Borg Type 03.1	NO	--	--	NO	10148418560	0	32708710	0	27677458432	15940457574	21918128128	--	--	--	--	--	--	--
18	1124	Attack	HiggsBozo	INFINITE	SS REVENANT	YES	Borg Type 03.1	--	Borg Type 03.1	NO	--	--	NO	11369049088	0	36642844	0	31006445568	17857741852	24554395648	--	--	--	--	--	--	--
18	1125	Attack	HiggsBozo	INFINITE	SS REVENANT	YES	Borg Type 03.1	--	Borg Type 03.1	NO	--	--	YES	85376573440	0	275171712	0	232844820480	134103820672	184392744960	--	--	--	--	--	--	--
18	1126	Attack	HiggsBozo	INFINITE	SS REVENANT	YES	Borg Type 03.1	--	Borg Type 03.1	NO	--	--	NO	11702354944	0	37717104	0	31915460608	18381277296	25274255360	--	--	--	--	--	--	--
18	1127	Attack	HiggsBozo	INFINITE	SS REVENANT	YES	Borg Type 03.1	--	Borg Type 03.1	NO	--	--	NO	11436744704	0	36861032	0	31191072768	17964076136	24700602368	--	--	--	--	--	--	--
18	1128	Attack	HiggsBozo	INFINITE	SS REVENANT	YES	Borg Type 03.1	--	Borg Type 03.1	NO	--	--	NO	12038228992	0	38799636	0	32831481856	18908847380	25999663104	--	--	--	--	--	--	--
18	1129	Attack	HiggsBozo	INFINITE	SS REVENANT	YES	Borg Type 03.1	--	Borg Type 03.1	NO	--	--	NO	12183093248	0	39266540	0	33226563584	19136387308	26312536064	--	--	--	--	--	--	--
18	1130	Attack	HiggsBozo	INFINITE	SS REVENANT	YES	Borg Type 03.1	--	Borg Type 03.1	NO	--	--	NO	11037743104	0	35575036	0	30102886400	17337349372	23838855168	--	--	--	--	--	--	--
18	1131	Attack	HiggsBozo	INFINITE	SS REVENANT	YES	Borg Type 03.1	--	Borg Type 03.1	NO	--	--	NO	11417726976	0	36799736	0	31139203072	17934202104	24659527680	--	--	--	--	--	--	--
18	1132	Attack	HiggsBozo	INFINITE	SS REVENANT	YES	Borg Type 03.1	--	Borg Type 03.1	NO	--	--	NO	10509877248	0	33873708	0	28663257088	16508215084	22698792960	--	--	--	--	--	--	--
18	1133	Attack	HiggsBozo	INFINITE	SS REVENANT	YES	Borg Type 03.1	--	Borg Type 03.1	NO	--	--	YES	89049350144	0	287009184	0	242861473792	139872774560	192325058560	--	--	--	--	--	--	--
18	1134	Attack	HiggsBozo	INFINITE	SS REVENANT	YES	Borg Type 03.1	--	Borg Type 03.1	NO	--	--	YES	87928299520	0	283396000	0	239804071936	138111903648	189903863808	--	--	--	--	--	--	--
18	1135	Attack	Borg Type 03.1	--	Borg Type 03.1	NO	HiggsBozo	INFINITE	SS REVENANT	YES	--	--	NO	946361	0	2339615	0	0	3285976	0	--	--	--	--	--	--	--
18	1136	Attack	Borg Type 03.1	--	Borg Type 03.1	NO	HiggsBozo	INFINITE	SS REVENANT	YES	--	--	NO	959342	0	2371707	0	0	3331049	0	--	--	--	--	--	--	--
18	1137	Attack	Borg Type 03.1	--	Borg Type 03.1	NO	HiggsBozo	INFINITE	SS REVENANT	YES	--	--	NO	951889	0	2353281	0	0	3305170	0	--	--	--	--	--	--	--
18	1138	Attack	Borg Type 03.1	--	Borg Type 03.1	NO	HiggsBozo	INFINITE	SS REVENANT	YES	--	--	YES	475996	0	1176767	0	0	1652763	0	--	--	--	--	--	--	--
18	1139	Charging Weapons	HiggsBozo	INFINITE	SS REVENANT	YES	Borg Type 03.1	--	Borg Type 03.1	NO	--	--	--	--	--	--	--	--	--	--	--	--	--	--	--	--	100
18	1140	Officer Ability	HiggsBozo	INFINITE	SS REVENANT	YES	--	--	SS REVENANT	NO	--	--	--	--	--	--	--	--	--	--	Officer	0.05	Excessive Measures	Byr Ch'Kelrer	--	--	--
18	1141	Attack	Borg Type 03.1	--	Borg Type 03.1	NO	HiggsBozo	INFINITE	SS REVENANT	YES	--	--	YES	465835	0	1151648	0	0	1617483	0	--	--	--	--	--	--	--
18	1142	Attack	Borg Type 03.1	--	Borg Type 03.1	NO	HiggsBozo	INFINITE	SS REVENANT	YES	--	--	NO	950185	0	2349068	0	0	3299253	0	--	--	--	--	--	--	--
18	1143	Attack	Borg Type 03.1	--	Borg Type 03.1	NO	HiggsBozo	INFINITE	SS REVENANT	YES	--	--	NO	968985	0	2395546	0	0	3364531	0	--	--	--	--	--	--	--
18	1144	Attack	Borg Type 03.1	--	Borg Type 03.1	NO	HiggsBozo	INFINITE	SS REVENANT	YES	--	--	NO	898968	0	2222449	0	0	3121417	0	--	--	--	--	--	--	--
18	1145	Charging Weapons	HiggsBozo	INFINITE	SS REVENANT	YES	Borg Type 03.1	--	Borg Type 03.1	NO	--	--	--	--	--	--	--	--	--	--	--	--	--	--	--	--	100
19	1147	battle_action_type_{0}	HiggsBozo	INFINITE	SS REVENANT	YES	--	--	SS REVENANT	NO	--	--	--	--	--	--	--	--	--	--	--	--	1177975	--	--	--	--
19	1148	Officer Ability	HiggsBozo	INFINITE	SS REVENANT	YES	--	--	SS REVENANT	NO	--	--	--	--	--	--	--	--	--	--	Officer	1	Knock it Down	B'Elanna Torres	--	--	--
19	1149	Officer Ability	HiggsBozo	INFINITE	SS REVENANT	YES	--	--	SS REVENANT	NO	--	--	--	--	--	--	--	--	--	--	Officer	1	Now We're Cooking	Neelix	--	--	--
19	1150	Officer Ability	HiggsBozo	INFINITE	SS REVENANT	YES	--	--	SS REVENANT	NO	--	--	--	--	--	--	--	--	--	--	Officer	0.05	Excessive Measures	Byr Ch'Kelrer	--	--	--
19	1151	Officer Ability	HiggsBozo	INFINITE	SS REVENANT	YES	--	--	SS REVENANT	NO	--	--	--	--	--	--	--	--	--	--	Officer	1	The Looking Glass	Toli	--	--	--
19	1152	Attack	Borg Type 03.1	--	Borg Type 03.1	NO	HiggsBozo	INFINITE	SS REVENANT	YES	--	--	NO	1604902	0	3967674	0	0	5572576	0	--	--	--	--	--	--	--
19	1153	Attack	Borg Type 03.1	--	Borg Type 03.1	NO	HiggsBozo	INFINITE	SS REVENANT	YES	--	--	NO	1667164	0	4121600	0	0	5788764	0	--	--	--	--	--	--	--
19	1154	Attack	HiggsBozo	INFINITE	SS REVENANT	YES	Borg Type 03.1	--	Borg Type 03.1	NO	--	--	YES	45061918720	0	93777200	0	122895941632	70758579504	97293058048	--	--	--	--	--	--	--
19	1155	Attack	HiggsBozo	INFINITE	SS REVENANT	YES	Borg Type 03.1	--	Borg Type 03.1	NO	--	--	YES	42928304128	0	89336992	0	117077008384	67408272544	92686376960	--	--	--	--	--	--	--
19	1156	Attack	HiggsBozo	INFINITE	SS REVENANT	YES	Borg Type 03.1	--	Borg Type 03.1	NO	--	--	NO	5508877824	0	11464384	0	15024188416	8650329280	11894201344	--	--	--	--	--	--	--
19	1157	Attack	HiggsBozo	INFINITE	SS REVENANT	YES	Borg Type 03.1	--	Borg Type 03.1	NO	--	--	NO	4820468224	0	10031752	0	13146710016	7569351816	10407858176	--	--	--	--	--	--	--
19	1158	Attack	HiggsBozo	INFINITE	SS REVENANT	YES	Borg Type 03.1	--	Borg Type 03.1	NO	--	--	NO	5128104960	0	10671967	0	13985718272	8052418399	11072076800	--	--	--	--	--	--	--
19	1159	Attack	HiggsBozo	INFINITE	SS REVENANT	YES	Borg Type 03.1	--	Borg Type 03.1	NO	--	--	NO	5442242560	0	11325711	0	14842456064	8545693967	11750330368	--	--	--	--	--	--	--
19	1160	Attack	HiggsBozo	INFINITE	SS REVENANT	YES	Borg Type 03.1	--	Borg Type 03.1	NO	--	--	NO	4865819648	0	10126132	0	13270394880	7640564532	10505776128	--	--	--	--	--	--	--
19	1161	Attack	HiggsBozo	INFINITE	SS REVENANT	YES	Borg Type 03.1	--	Borg Type 03.1	NO	--	--	NO	5051904000	0	10513387	0	13777897472	7932764139	10907550720	--	--	--	--	--	--	--
19	1162	Attack	HiggsBozo	INFINITE	SS REVENANT	YES	Borg Type 03.1	--	Borg Type 03.1	NO	--	--	NO	5586817024	0	11626582	0	15236749312	8772712534	12062480384	--	--	--	--	--	--	--
19	1163	Attack	HiggsBozo	INFINITE	SS REVENANT	YES	Borg Type 03.1	--	Borg Type 03.1	NO	--	--	NO	4955339264	0	10312429	0	13514540032	7781133549	10699058176	--	--	--	--	--	--	--
19	1164	Attack	HiggsBozo	INFINITE	SS REVENANT	YES	Borg Type 03.1	--	Borg Type 03.1	NO	--	--	NO	5568587264	0	11588644	0	15187032064	8744087076	12023120896	--	--	--	--	--	--	--
19	1165	Attack	HiggsBozo	INFINITE	SS REVENANT	YES	Borg Type 03.1	--	Borg Type 03.1	NO	--	--	YES	44549619712	0	92711072	0	121498771456	69954152608	96186949632	--	--	--	--	--	--	--
19	1166	Attack	HiggsBozo	INFINITE	SS REVENANT	YES	Borg Type 03.1	--	Borg Type 03.1	NO	--	--	YES	38189772800	0	79475760	0	104153759744	59967579184	82455429120	--	--	--	--	--	--	--
19	1167	Attack	HiggsBozo	INFINITE	SS REVENANT	YES	Borg Type 03.1	--	Borg Type 03.1	NO	--	--	YES	45435428864	0	94554504	0	123914608640	71345097096	98099494912	--	--	--	--	--	--	--
19	1168	Attack	HiggsBozo	INFINITE	SS REVENANT	YES	Borg Type 03.1	--	Borg Type 03.1	NO	--	--	NO	5694096384	0	11849837	0	15529328640	8941168749	12294106112	--	--	--	--	--	--	--
19	1169	Attack	HiggsBozo	INFINITE	SS REVENANT	YES	Borg Type 03.1	--	Borg Type 03.1	NO	--	--	NO	4903744512	0	10205057	0	13373827072	7700116353	10587660288	--	--	--	--	--	--	--
19	1170	Attack	HiggsBozo	INFINITE	SS REVENANT	YES	Borg Type 03.1	--	Borg Type 03.1	NO	--	--	NO	5085189632	0	10582658	0	13868677120	7985031298	10979418112	--	--	--	--	--	--	--
19	1171	Attack	HiggsBozo	INFINITE	SS REVENANT	YES	Borg Type 03.1	--	Borg Type 03.1	NO	--	--	NO	4833513984	0	10058902	0	13182289920	7589837462	10436025344	--	--	--	--	--	--	--
19	1172	Officer Ability	HiggsBozo	INFINITE	SS REVENANT	YES	--	--	SS REVENANT	NO	--	--	--	--	--	--	--	--	--	--	Officer	0.05	Excessive Measures	Byr Ch'Kelrer	--	--	--
19	1173	Charging Weapons	Borg Type 03.1	--	Borg Type 03.1	NO	Borg Type 03.1	--	Borg Type 03.1	NO	--	--	--	--	--	--	--	--	--	--	--	--	--	--	--	--	100
19	1174	Attack	HiggsBozo	INFINITE	SS REVENANT	YES	Borg Type 03.1	--	Borg Type 03.1	NO	--	--	NO	10323072000	0	25086830	0	28153786368	16211345262	22290599936	--	--	--	--	--	--	--
19	1175	Attack	HiggsBozo	INFINITE	SS REVENANT	YES	Borg Type 03.1	--	Borg Type 03.1	NO	--	--	NO	11716023296	0	28471940	0	31952738304	18398836356	25298397184	--	--	--	--	--	--	--
19	1176	Attack	HiggsBozo	INFINITE	SS REVENANT	YES	Borg Type 03.1	--	Borg Type 03.1	NO	--	--	NO	11847577600	0	28791638	0	32311521280	18605427542	25582462976	--	--	--	--	--	--	--
19	1177	Attack	HiggsBozo	INFINITE	SS REVENANT	YES	Borg Type 03.1	--	Borg Type 03.1	NO	--	--	NO	11934160896	0	29002052	0	32547657728	18741397828	25769422848	--	--	--	--	--	--	--
19	1178	Attack	HiggsBozo	INFINITE	SS REVENANT	YES	Borg Type 03.1	--	Borg Type 03.1	NO	--	--	NO	11473846272	0	27883408	0	31292256256	18018520976	24775464960	--	--	--	--	--	--	--
19	1179	Attack	HiggsBozo	INFINITE	SS REVENANT	YES	Borg Type 03.1	--	Borg Type 03.1	NO	--	--	NO	11997299712	0	29155490	0	32719855616	18840552610	25905758208	--	--	--	--	--	--	--
19	1180	Attack	HiggsBozo	INFINITE	SS REVENANT	YES	Borg Type 03.1	--	Borg Type 03.1	NO	--	--	NO	11870264320	0	28846772	0	32373395456	18641055412	25631451136	--	--	--	--	--	--	--
19	1181	Attack	HiggsBozo	INFINITE	SS REVENANT	YES	Borg Type 03.1	--	Borg Type 03.1	NO	--	--	NO	11887528960	0	28888728	0	32420481024	18668167832	25668730880	--	--	--	--	--	--	--
19	1182	Attack	HiggsBozo	INFINITE	SS REVENANT	YES	Borg Type 03.1	--	Borg Type 03.1	NO	--	--	NO	11102423040	0	26980788	0	30279288832	17435238836	23973453824	--	--	--	--	--	--	--
19	1183	Attack	HiggsBozo	INFINITE	SS REVENANT	YES	Borg Type 03.1	--	Borg Type 03.1	NO	--	--	NO	11233145856	0	27298466	0	30635802624	17640525474	24255721472	--	--	--	--	--	--	--
19	1184	Attack	HiggsBozo	INFINITE	SS REVENANT	YES	Borg Type 03.1	--	Borg Type 03.1	NO	--	--	YES	94909243392	0	230645696	0	258842984448	149045428160	204937445376	--	--	--	--	--	--	--
19	1185	Attack	HiggsBozo	INFINITE	SS REVENANT	YES	Borg Type 03.1	--	Borg Type 03.1	NO	--	--	YES	96488931328	0	234484608	0	263151206400	151526159232	208348463104	--	--	--	--	--	--	--
19	1186	Attack	HiggsBozo	INFINITE	SS REVENANT	YES	Borg Type 03.1	--	Borg Type 03.1	NO	--	--	NO	11391395840	0	27683040	0	31067392000	17889040608	24597430272	--	--	--	--	--	--	--
19	1187	Attack	HiggsBozo	INFINITE	SS REVENANT	YES	Borg Type 03.1	--	Borg Type 03.1	NO	--	--	YES	86772301824	0	210871536	0	236651347968	136267162864	187367358464	--	--	--	--	--	--	--
19	1188	Attack	Borg Type 03.1	--	Borg Type 03.1	NO	HiggsBozo	INFINITE	SS REVENANT	YES	--	--	NO	906552	0	2241198	0	0	3147750	0	--	--	--	--	--	--	--
19	1189	Attack	Borg Type 03.1	--	Borg Type 03.1	NO	HiggsBozo	INFINITE	SS REVENANT	YES	--	--	NO	925101	0	2287055	0	0	3212156	0	--	--	--	--	--	--	--
19	1190	Attack	Borg Type 03.1	--	Borg Type 03.1	NO	HiggsBozo	INFINITE	SS REVENANT	YES	--	--	NO	917070	0	2267201	0	0	3184271	0	--	--	--	--	--	--	--
19	1191	Attack	Borg Type 03.1	--	Borg Type 03.1	NO	HiggsBozo	INFINITE	SS REVENANT	YES	--	--	NO	970075	0	2398241	0	0	3368316	0	--	--	--	--	--	--	--
19	1192	Attack	HiggsBozo	INFINITE	SS REVENANT	YES	Borg Type 03.1	--	Borg Type 03.1	NO	--	--	NO	20607469568	0	50079672	0	56202096640	32361955256	44497690624	--	--	--	--	--	--	--
19	1193	Attack	HiggsBozo	INFINITE	SS REVENANT	YES	Borg Type 03.1	--	Borg Type 03.1	NO	--	--	YES	165220712448	0	401514592	0	450601222144	259462504544	356760944640	--	--	--	--	--	--	--
19	1194	Attack	HiggsBozo	INFINITE	SS REVENANT	YES	Borg Type 03.1	--	Borg Type 03.1	NO	--	--	NO	22239211520	0	54045084	0	60652294144	34924444060	48021106688	--	--	--	--	--	--	--
19	1195	Attack	HiggsBozo	INFINITE	SS REVENANT	YES	Borg Type 03.1	--	Borg Type 03.1	NO	--	--	YES	168850309120	0	410335136	0	460500107264	265162422176	364598329344	--	--	--	--	--	--	--
19	1196	Attack	HiggsBozo	INFINITE	SS REVENANT	YES	Borg Type 03.1	--	Borg Type 03.1	NO	--	--	NO	23334477824	0	56706772	0	63639384064	36644452052	50386116608	--	--	--	--	--	--	--
19	1197	Attack	HiggsBozo	INFINITE	SS REVENANT	YES	Borg Type 03.1	--	Borg Type 03.1	NO	--	--	NO	21796104192	0	52968260	0	59443822592	34228585284	47064309760	--	--	--	--	--	--	--
19	1198	Attack	HiggsBozo	INFINITE	SS REVENANT	YES	Borg Type 03.1	--	Borg Type 03.1	NO	--	--	NO	24394461184	0	59282716	0	66530242560	38309045532	52674940928	--	--	--	--	--	--	--
19	1199	Attack	HiggsBozo	INFINITE	SS REVENANT	YES	Borg Type 03.1	--	Borg Type 03.1	NO	--	--	YES	160410632192	0	389825280	0	437482848256	251908768512	346374537216	--	--	--	--	--	--	--
19	1200	Attack	HiggsBozo	INFINITE	SS REVENANT	YES	Borg Type 03.1	--	Borg Type 03.1	NO	--	--	YES	195827417088	0	475894144	0	534073933824	307527274880	422849970176	--	--	--	--	--	--	--
19	1201	Attack	HiggsBozo	INFINITE	SS REVENANT	YES	Borg Type 03.1	--	Borg Type 03.1	NO	--	--	NO	24663760896	0	59937156	0	67264692224	38731956612	53256433664	--	--	--	--	--	--	--
19	1202	Attack	HiggsBozo	INFINITE	SS REVENANT	YES	Borg Type 03.1	--	Borg Type 03.1	NO	--	--	YES	165745426432	0	402789728	0	452032266240	260286518624	357893963776	--	--	--	--	--	--	--
19	1203	Attack	HiggsBozo	INFINITE	SS REVENANT	YES	Borg Type 03.1	--	Borg Type 03.1	NO	--	--	NO	22350379008	0	54315244	0	60955480064	35099017452	48261156864	--	--	--	--	--	--	--
19	1204	Attack	HiggsBozo	INFINITE	SS REVENANT	YES	Borg Type 03.1	--	Borg Type 03.1	NO	--	--	YES	180065304576	0	437589504	0	491086413824	282774443520	388814864384	--	--	--	--	--	--	--
19	1205	Attack	HiggsBozo	INFINITE	SS REVENANT	YES	Borg Type 03.1	--	Borg Type 03.1	NO	--	--	YES	162309685248	0	394440288	0	442662060032	254891028064	350475157504	--	--	--	--	--	--	--
19	1206	Officer Ability	HiggsBozo	INFINITE	SS REVENANT	YES	--	--	SS REVENANT	NO	--	--	--	--	--	--	--	--	--	--	Officer	0.05	Excessive Measures	Byr Ch'Kelrer	--	--	--
19	1207	Attack	Borg Type 03.1	--	Borg Type 03.1	NO	HiggsBozo	INFINITE	SS REVENANT	YES	--	--	NO	937530	0	2317783	0	0	3255313	0	--	--	--	--	--	--	--
19	1208	Attack	Borg Type 03.1	--	Borg Type 03.1	NO	HiggsBozo	INFINITE	SS REVENANT	YES	--	--	NO	965876	0	2387860	0	0	3353736	0	--	--	--	--	--	--	--
19	1209	Attack	Borg Type 03.1	--	Borg Type 03.1	NO	HiggsBozo	INFINITE	SS REVENANT	YES	--	--	YES	467328	0	1155338	0	0	1622666	0	--	--	--	--	--	--	--
19	1210	Attack	Borg Type 03.1	--	Borg Type 03.1	NO	HiggsBozo	INFINITE	SS REVENANT	YES	--	--	NO	965827	0	2387739	0	0	3353566	0	--	--	--	--	--	--	--
19	1211	Attack	HiggsBozo	INFINITE	SS REVENANT	YES	Borg Type 03.1	--	Borg Type 03.1	NO	--	--	NO	16324481024	0	123090936	0	44521242624	25671079928	35297734656	--	--	--	--	--	--	--
19	1212	Attack	HiggsBozo	INFINITE	SS REVENANT	YES	Borg Type 03.1	--	Borg Type 03.1	NO	--	--	YES	129606443008	0	977267072	0	353471528960	203812718976	280242520064	--	--	--	--	--	--	--
19	1213	Attack	HiggsBozo	INFINITE	SS REVENANT	YES	Borg Type 03.1	--	Borg Type 03.1	NO	--	--	NO	15297763328	0	115349208	0	41721106432	24056514264	33077704704	--	--	--	--	--	--	--
19	1214	Attack	HiggsBozo	INFINITE	SS REVENANT	YES	Borg Type 03.1	--	Borg Type 03.1	NO	--	--	NO	17609168896	0	132777816	0	48024924160	27691315032	38075555840	--	--	--	--	--	--	--
19	1215	Attack	HiggsBozo	INFINITE	SS REVENANT	YES	Borg Type 03.1	--	Borg Type 03.1	NO	--	--	NO	15393145856	0	116068424	0	41981239296	24206505032	33283948544	--	--	--	--	--	--	--
19	1216	Attack	HiggsBozo	INFINITE	SS REVENANT	YES	Borg Type 03.1	--	Borg Type 03.1	NO	--	--	NO	14705334272	0	110882136	0	40105390080	23124886872	31796719616	--	--	--	--	--	--	--
19	1217	Attack	HiggsBozo	INFINITE	SS REVENANT	YES	Borg Type 03.1	--	Borg Type 03.1	NO	--	--	NO	17405147136	0	131239440	0	47468503040	27370477072	37634412544	--	--	--	--	--	--	--
19	1218	Attack	HiggsBozo	INFINITE	SS REVENANT	YES	Borg Type 03.1	--	Borg Type 03.1	NO	--	--	YES	116822745088	0	880874560	0	318606966784	183709725760	252600860672	--	--	--	--	--	--	--
19	1219	Attack	HiggsBozo	INFINITE	SS REVENANT	YES	Borg Type 03.1	--	Borg Type 03.1	NO	--	--	YES	129005379584	0	972734912	0	351832309760	202867548608	278942875648	--	--	--	--	--	--	--
19	1220	Attack	HiggsBozo	INFINITE	SS REVENANT	YES	Borg Type 03.1	--	Borg Type 03.1	NO	--	--	NO	16404622336	0	123695216	0	44739809280	25797106800	35471020032	--	--	--	--	--	--	--
19	1221	Attack	HiggsBozo	INFINITE	SS REVENANT	YES	Borg Type 03.1	--	Borg Type 03.1	NO	--	--	NO	15013138432	0	113203064	0	40944857088	23608924024	32462274560	--	--	--	--	--	--	--
19	1222	Attack	HiggsBozo	INFINITE	SS REVENANT	YES	Borg Type 03.1	--	Borg Type 03.1	NO	--	--	NO	15745766400	0	118727264	0	42942930944	24761022048	34046402560	--	--	--	--	--	--	--
19	1223	Attack	HiggsBozo	INFINITE	SS REVENANT	YES	Borg Type 03.1	--	Borg Type 03.1	NO	--	--	NO	16369328128	0	123429096	0	44643549184	25741603048	35394703360	--	--	--	--	--	--	--
19	1224	Attack	HiggsBozo	INFINITE	SS REVENANT	YES	Borg Type 03.1	--	Borg Type 03.1	NO	--	--	YES	127513362432	0	961484672	0	347763146752	200521258880	275716734976	--	--	--	--	--	--	--
19	1225	Attack	HiggsBozo	INFINITE	SS REVENANT	YES	Borg Type 03.1	--	Borg Type 03.1	NO	--	--	NO	14452882432	0	108978576	0	39416889344	22727896464	31250853888	--	--	--	--	--	--	--
19	1226	Attack	HiggsBozo	INFINITE	SS REVENANT	YES	Borg Type 03.1	--	Borg Type 03.1	NO	--	--	NO	15979344896	0	120488512	0	43579961344	25128334912	34551459840	--	--	--	--	--	--	--
19	1227	Attack	HiggsBozo	INFINITE	SS REVENANT	YES	Borg Type 03.1	--	Borg Type 03.1	NO	--	--	NO	15751770112	0	118772536	0	42959302656	24770460472	34059384832	--	--	--	--	--	--	--
19	1228	Attack	HiggsBozo	INFINITE	SS REVENANT	YES	Borg Type 03.1	--	Borg Type 03.1	NO	--	--	NO	15200351232	0	114614696	0	41455435776	23903325608	32867076096	--	--	--	--	--	--	--
20	1230	battle_action_type_{0}	HiggsBozo	INFINITE	SS REVENANT	YES	--	--	SS REVENANT	NO	--	--	--	--	--	--	--	--	--	--	--	--	1239291	--	--	--	--
20	1231	Officer Ability	HiggsBozo	INFINITE	SS REVENANT	YES	--	--	SS REVENANT	NO	--	--	--	--	--	--	--	--	--	--	Officer	1	Knock it Down	B'Elanna Torres	--	--	--
20	1232	Officer Ability	HiggsBozo	INFINITE	SS REVENANT	YES	--	--	SS REVENANT	NO	--	--	--	--	--	--	--	--	--	--	Officer	1	Now We're Cooking	Neelix	--	--	--
20	1233	Officer Ability	HiggsBozo	INFINITE	SS REVENANT	YES	--	--	SS REVENANT	NO	--	--	--	--	--	--	--	--	--	--	Officer	0.05	Excessive Measures	Byr Ch'Kelrer	--	--	--
20	1234	Officer Ability	HiggsBozo	INFINITE	SS REVENANT	YES	--	--	SS REVENANT	NO	--	--	--	--	--	--	--	--	--	--	Officer	0.3	No Locked Doors	Dajash Tolra	--	--	--
20	1235	Officer Ability	HiggsBozo	INFINITE	SS REVENANT	YES	--	--	SS REVENANT	NO	--	--	--	--	--	--	--	--	--	--	Officer	1	The Looking Glass	Toli	--	--	--
20	1236	Attack	Borg Type 03.1	--	Borg Type 03.1	NO	HiggsBozo	INFINITE	SS REVENANT	YES	--	--	NO	1644945	0	4066669	0	0	5711614	0	--	--	--	--	--	--	--
20	1237	Attack	Borg Type 03.1	--	Borg Type 03.1	NO	HiggsBozo	INFINITE	SS REVENANT	YES	--	--	NO	1625174	0	4017792	0	0	5642966	0	--	--	--	--	--	--	--
20	1238	Attack	HiggsBozo	INFINITE	SS REVENANT	YES	Borg Type 03.1	--	Borg Type 03.1	NO	--	--	NO	5366489088	0	8317636	0	14635855872	8425542340	11585120256	--	--	--	--	--	--	--
20	1239	Attack	HiggsBozo	INFINITE	SS REVENANT	YES	Borg Type 03.1	--	Borg Type 03.1	NO	--	--	YES	45273456640	0	70170296	0	123472863232	71080629944	97735860224	--	--	--	--	--	--	--
20	1240	Attack	HiggsBozo	INFINITE	SS REVENANT	YES	Borg Type 03.1	--	Borg Type 03.1	NO	--	--	YES	38247010304	0	59279860	0	104309858304	60048906740	82567241728	--	--	--	--	--	--	--
20	1241	Attack	HiggsBozo	INFINITE	SS REVENANT	YES	Borg Type 03.1	--	Borg Type 03.1	NO	--	--	NO	5253729792	0	8142868	0	14328330240	8248506900	11341696000	--	--	--	--	--	--	--
20	1242	Attack	HiggsBozo	INFINITE	SS REVENANT	YES	Borg Type 03.1	--	Borg Type 03.1	NO	--	--	NO	5065140736	0	7850570	0	13813998592	7952416842	10934573056	--	--	--	--	--	--	--
20	1243	Attack	HiggsBozo	INFINITE	SS REVENANT	YES	Borg Type 03.1	--	Borg Type 03.1	NO	--	--	NO	5657724928	0	8769029	0	15430134784	8882790917	12213837824	--	--	--	--	--	--	--
20	1244	Attack	HiggsBozo	INFINITE	SS REVENANT	YES	Borg Type 03.1	--	Borg Type 03.1	NO	--	--	NO	5450886656	0	8448446	0	14866030592	8558048190	11767317504	--	--	--	--	--	--	--
20	1245	Attack	HiggsBozo	INFINITE	SS REVENANT	YES	Borg Type 03.1	--	Borg Type 03.1	NO	--	--	YES	39565770752	0	61323836	0	107906473984	62119402044	85414166528	--	--	--	--	--	--	--
20	1246	Attack	HiggsBozo	INFINITE	SS REVENANT	YES	Borg Type 03.1	--	Borg Type 03.1	NO	--	--	NO	4986333696	0	7728425	0	13599069184	7828686633	10764444672	--	--	--	--	--	--	--
20	1247	Attack	HiggsBozo	INFINITE	SS REVENANT	YES	Borg Type 03.1	--	Borg Type 03.1	NO	--	--	NO	4861476864	0	7534907	0	13258552320	7632658747	10494905344	--	--	--	--	--	--	--
20	1248	Attack	HiggsBozo	INFINITE	SS REVENANT	YES	Borg Type 03.1	--	Borg Type 03.1	NO	--	--	NO	5242826240	0	8125969	0	14298594304	8231388177	11318158336	--	--	--	--	--	--	--
20	1249	Attack	HiggsBozo	INFINITE	SS REVENANT	YES	Borg Type 03.1	--	Borg Type 03.1	NO	--	--	NO	4839580160	0	7500968	0	13198832640	7598279336	10447634432	--	--	--	--	--	--	--
20	1250	Attack	HiggsBozo	INFINITE	SS REVENANT	YES	Borg Type 03.1	--	Borg Type 03.1	NO	--	--	NO	4868094976	0	7545164	0	13276600320	7643048268	10509192192	--	--	--	--	--	--	--
20	1251	Attack	HiggsBozo	INFINITE	SS REVENANT	YES	Borg Type 03.1	--	Borg Type 03.1	NO	--	--	YES	42139947008	0	65313608	0	114926944256	66160929608	90971275264	--	--	--	--	--	--	--
20	1252	Attack	HiggsBozo	INFINITE	SS REVENANT	YES	Borg Type 03.1	--	Borg Type 03.1	NO	--	--	YES	40893865984	0	63382280	0	111528550400	64204546824	88281251840	--	--	--	--	--	--	--
20	1253	Attack	HiggsBozo	INFINITE	SS REVENANT	YES	Borg Type 03.1	--	Borg Type 03.1	NO	--	--	YES	44215222272	0	68530120	0	120586780672	69419175880	95451357184	--	--	--	--	--	--	--
20	1254	Attack	HiggsBozo	INFINITE	SS REVENANT	YES	Borg Type 03.1	--	Borg Type 03.1	NO	--	--	NO	5695621120	0	8827765	0	15533487104	8942288757	12295647232	--	--	--	--	--	--	--
20	1255	Attack	HiggsBozo	INFINITE	SS REVENANT	YES	Borg Type 03.1	--	Borg Type 03.1	NO	--	--	NO	5046938624	0	7822358	0	13764355072	7923837974	10895278080	--	--	--	--	--	--	--
20	1256	Officer Ability	HiggsBozo	INFINITE	SS REVENANT	YES	--	--	SS REVENANT	NO	--	--	--	--	--	--	--	--	--	--	Officer	0.05	Excessive Measures	Byr Ch'Kelrer	--	--	--
20	1257	Charging Weapons	Borg Type 03.1	--	Borg Type 03.1	NO	Borg Type 03.1	--	Borg Type 03.1	NO	--	--	--	--	--	--	--	--	--	--	--	--	--	--	--	--	100
20	1258	Attack	HiggsBozo	INFINITE	SS REVENANT	YES	Borg Type 03.1	--	Borg Type 03.1	NO	--	--	NO	12117705728	0	22195806	0	33048233984	19026582110	26161553408	--	--	--	--	--	--	--
20	1259	Attack	HiggsBozo	INFINITE	SS REVENANT	YES	Borg Type 03.1	--	Borg Type 03.1	NO	--	--	NO	11931491328	0	21854720	0	32540377088	18734198272	25759524864	--	--	--	--	--	--	--
20	1260	Attack	HiggsBozo	INFINITE	SS REVENANT	YES	Borg Type 03.1	--	Borg Type 03.1	NO	--	--	NO	12252237824	0	22442226	0	33415139328	19237818610	26452000768	--	--	--	--	--	--	--
20	1261	Attack	HiggsBozo	INFINITE	SS REVENANT	YES	Borg Type 03.1	--	Borg Type 03.1	NO	--	--	NO	11822751744	0	21655544	0	32243816448	18563463160	25524760576	--	--	--	--	--	--	--
20	1262	Attack	HiggsBozo	INFINITE	SS REVENANT	YES	Borg Type 03.1	--	Borg Type 03.1	NO	--	--	YES	88086675456	0	161346944	0	240236003328	138309072256	190174953472	--	--	--	--	--	--	--
20	1263	Attack	HiggsBozo	INFINITE	SS REVENANT	YES	Borg Type 03.1	--	Borg Type 03.1	NO	--	--	NO	11027737600	0	20199330	0	30075600896	17315173282	23808364544	--	--	--	--	--	--	--
20	1264	Attack	HiggsBozo	INFINITE	SS REVENANT	YES	Borg Type 03.1	--	Borg Type 03.1	NO	--	--	NO	11054325760	0	20248030	0	30148114432	17356922334	23865765888	--	--	--	--	--	--	--
20	1265	Attack	HiggsBozo	INFINITE	SS REVENANT	YES	Borg Type 03.1	--	Borg Type 03.1	NO	--	--	YES	83600859136	0	153130336	0	228001972224	131265672544	180490289152	--	--	--	--	--	--	--
20	1266	Attack	HiggsBozo	INFINITE	SS REVENANT	YES	Borg Type 03.1	--	Borg Type 03.1	NO	--	--	NO	10885273600	0	19938380	0	29687062528	17091484748	23500789760	--	--	--	--	--	--	--
20	1267	Attack	HiggsBozo	INFINITE	SS REVENANT	YES	Borg Type 03.1	--	Borg Type 03.1	NO	--	--	YES	92274196480	0	169017152	0	251656486912	144884072256	199215628288	--	--	--	--	--	--	--
20	1268	Attack	HiggsBozo	INFINITE	SS REVENANT	YES	Borg Type 03.1	--	Borg Type 03.1	NO	--	--	NO	10047709184	0	18404226	0	27402799104	15776383874	21692528640	--	--	--	--	--	--	--
20	1269	Attack	HiggsBozo	INFINITE	SS REVENANT	YES	Borg Type 03.1	--	Borg Type 03.1	NO	--	--	YES	89412222976	0	163774912	0	243851116544	140390367680	193036746752	--	--	--	--	--	--	--
20	1270	Attack	HiggsBozo	INFINITE	SS REVENANT	YES	Borg Type 03.1	--	Borg Type 03.1	NO	--	--	NO	10057063424	0	18421360	0	27428308992	15791071856	21712721920	--	--	--	--	--	--	--
20	1271	Attack	HiggsBozo	INFINITE	SS REVENANT	YES	Borg Type 03.1	--	Borg Type 03.1	NO	--	--	NO	12067042304	0	22103006	0	32910061568	18947035102	26052171776	--	--	--	--	--	--	--
20	1272	Attack	Borg Type 03.1	--	Borg Type 03.1	NO	HiggsBozo	INFINITE	SS REVENANT	YES	--	--	NO	974267	0	2408604	0	0	3382871	0	--	--	--	--	--	--	--
20	1273	Attack	Borg Type 03.1	--	Borg Type 03.1	NO	HiggsBozo	INFINITE	SS REVENANT	YES	--	--	NO	966713	0	2389930	0	0	3356643	0	--	--	--	--	--	--	--
20	1274	Attack	Borg Type 03.1	--	Borg Type 03.1	NO	HiggsBozo	INFINITE	SS REVENANT	YES	--	--	NO	964464	0	2384369	0	0	3348833	0	--	--	--	--	--	--	--
20	1275	Attack	Borg Type 03.1	--	Borg Type 03.1	NO	HiggsBozo	INFINITE	SS REVENANT	YES	--	--	NO	911376	0	2253124	0	0	3164500	0	--	--	--	--	--	--	--
20	1276	Charging Weapons	HiggsBozo	INFINITE	SS REVENANT	YES	Borg Type 03.1	--	Borg Type 03.1	NO	--	--	--	--	--	--	--	--	--	--	--	--	--	--	--	--	100
20	1277	Officer Ability	HiggsBozo	INFINITE	SS REVENANT	YES	--	--	SS REVENANT	NO	--	--	--	--	--	--	--	--	--	--	Officer	0.05	Excessive Measures	Byr Ch'Kelrer	--	--	--
20	1278	Attack	Borg Type 03.1	--	Borg Type 03.1	NO	HiggsBozo	INFINITE	SS REVENANT	YES	--	--	NO	916063	0	2264710	0	0	3180773	0	--	--	--	--	--	--	--
20	1279	Attack	Borg Type 03.1	--	Borg Type 03.1	NO	HiggsBozo	INFINITE	SS REVENANT	YES	--	--	NO	953787	0	2357973	0	0	3311760	0	--	--	--	--	--	--	--
20	1280	Attack	Borg Type 03.1	--	Borg Type 03.1	NO	HiggsBozo	INFINITE	SS REVENANT	YES	--	--	NO	955825	0	2363012	0	0	3318837	0	--	--	--	--	--	--	--
20	1281	Attack	Borg Type 03.1	--	Borg Type 03.1	NO	HiggsBozo	INFINITE	SS REVENANT	YES	--	--	NO	966640	0	2389749	0	0	3356389	0	--	--	--	--	--	--	--
20	1282	Charging Weapons	HiggsBozo	INFINITE	SS REVENANT	YES	Borg Type 03.1	--	Borg Type 03.1	NO	--	--	--	--	--	--	--	--	--	--	--	--	--	--	--	--	100
21	1284	battle_action_type_{0}	HiggsBozo	INFINITE	SS REVENANT	YES	--	--	SS REVENANT	NO	--	--	--	--	--	--	--	--	--	--	--	--	1305511	--	--	--	--
21	1285	Officer Ability	HiggsBozo	INFINITE	SS REVENANT	YES	--	--	SS REVENANT	NO	--	--	--	--	--	--	--	--	--	--	Officer	1	Knock it Down	B'Elanna Torres	--	--	--
21	1286	Officer Ability	HiggsBozo	INFINITE	SS REVENANT	YES	--	--	SS REVENANT	NO	--	--	--	--	--	--	--	--	--	--	Officer	1	Now We're Cooking	Neelix	--	--	--
21	1287	Officer Ability	HiggsBozo	INFINITE	SS REVENANT	YES	--	--	SS REVENANT	NO	--	--	--	--	--	--	--	--	--	--	Officer	0.05	Excessive Measures	Byr Ch'Kelrer	--	--	--
21	1288	Officer Ability	HiggsBozo	INFINITE	SS REVENANT	YES	--	--	SS REVENANT	NO	--	--	--	--	--	--	--	--	--	--	Officer	1	The Looking Glass	Toli	--	--	--
21	1289	Attack	Borg Type 03.1	--	Borg Type 03.1	NO	HiggsBozo	INFINITE	SS REVENANT	YES	--	--	NO	1578184	0	3901621	0	0	5479805	0	--	--	--	--	--	--	--
21	1290	Attack	Borg Type 03.1	--	Borg Type 03.1	NO	HiggsBozo	INFINITE	SS REVENANT	YES	--	--	NO	1610850	0	3982379	0	0	5593229	0	--	--	--	--	--	--	--
21	1291	Attack	HiggsBozo	INFINITE	SS REVENANT	YES	Borg Type 03.1	--	Borg Type 03.1	NO	--	--	NO	5043479040	0	5820393	0	13754920960	7917566441	10886653952	--	--	--	--	--	--	--
21	1292	Attack	HiggsBozo	INFINITE	SS REVENANT	YES	Borg Type 03.1	--	Borg Type 03.1	NO	--	--	YES	43088769024	0	49726304	0	117514633216	67643421536	93009707008	--	--	--	--	--	--	--
21	1293	Attack	HiggsBozo	INFINITE	SS REVENANT	YES	Borg Type 03.1	--	Borg Type 03.1	NO	--	--	YES	44923559936	0	51843736	0	122518609920	70523794072	96970219520	--	--	--	--	--	--	--
21	1294	Attack	HiggsBozo	INFINITE	SS REVENANT	YES	Borg Type 03.1	--	Borg Type 03.1	NO	--	--	NO	5558461440	0	6414705	0	15159415808	8726017393	11998274560	--	--	--	--	--	--	--
21	1295	Attack	HiggsBozo	INFINITE	SS REVENANT	YES	Borg Type 03.1	--	Borg Type 03.1	NO	--	--	NO	4869399040	0	5619497	0	13280157696	7644284201	10510892032	--	--	--	--	--	--	--
21	1296	Attack	HiggsBozo	INFINITE	SS REVENANT	YES	Borg Type 03.1	--	Borg Type 03.1	NO	--	--	YES	38439145472	0	44360440	0	104833867776	60344152824	82973220864	--	--	--	--	--	--	--
21	1297	Attack	HiggsBozo	INFINITE	SS REVENANT	YES	Borg Type 03.1	--	Borg Type 03.1	NO	--	--	YES	43845996544	0	50600180	0	119579803648	68832168180	94644232192	--	--	--	--	--	--	--
21	1298	Attack	HiggsBozo	INFINITE	SS REVENANT	YES	Borg Type 03.1	--	Borg Type 03.1	NO	--	--	NO	5336944640	0	6159065	0	14555279360	8378266329	11520116736	--	--	--	--	--	--	--
21	1299	Attack	HiggsBozo	INFINITE	SS REVENANT	YES	Borg Type 03.1	--	Borg Type 03.1	NO	--	--	NO	5196581376	0	5997079	0	14172471296	8157916183	11217133568	--	--	--	--	--	--	--
21	1300	Attack	HiggsBozo	INFINITE	SS REVENANT	YES	Borg Type 03.1	--	Borg Type 03.1	NO	--	--	NO	5036175872	0	5811965	0	13735002112	7906100477	10870889472	--	--	--	--	--	--	--
21	1301	Attack	HiggsBozo	INFINITE	SS REVENANT	YES	Borg Type 03.1	--	Borg Type 03.1	NO	--	--	NO	5137827328	0	5929275	0	14012233728	8065680187	11090310144	--	--	--	--	--	--	--
21	1302	Attack	HiggsBozo	INFINITE	SS REVENANT	YES	Borg Type 03.1	--	Borg Type 03.1	NO	--	--	NO	5270288896	0	6082141	0	14373491712	8273626205	11376236544	--	--	--	--	--	--	--
21	1303	Attack	HiggsBozo	INFINITE	SS REVENANT	YES	Borg Type 03.1	--	Borg Type 03.1	NO	--	--	YES	43326021632	0	50000104	0	118161686528	68015878376	93521829888	--	--	--	--	--	--	--
21	1304	Attack	HiggsBozo	INFINITE	SS REVENANT	YES	Borg Type 03.1	--	Borg Type 03.1	NO	--	--	NO	5699856896	0	6577881	0	15545038848	8947988697	12303484928	--	--	--	--	--	--	--
21	1305	Attack	HiggsBozo	INFINITE	SS REVENANT	YES	Borg Type 03.1	--	Borg Type 03.1	NO	--	--	YES	46107430912	0	53209972	0	125747331072	72382298996	99525672960	--	--	--	--	--	--	--
21	1306	Attack	HiggsBozo	INFINITE	SS REVENANT	YES	Borg Type 03.1	--	Borg Type 03.1	NO	--	--	YES	44879572992	0	51792972	0	122398646272	70454746188	96875266048	--	--	--	--	--	--	--
21	1307	Attack	HiggsBozo	INFINITE	SS REVENANT	YES	Borg Type 03.1	--	Borg Type 03.1	NO	--	--	NO	5646722560	0	6516562	0	15400127488	8864575826	12188790784	--	--	--	--	--	--	--
21	1308	Attack	HiggsBozo	INFINITE	SS REVENANT	YES	Borg Type 03.1	--	Borg Type 03.1	NO	--	--	NO	5673056768	0	6546953	0	15471947776	8905916425	12245635072	--	--	--	--	--	--	--
21	1309	Officer Ability	HiggsBozo	INFINITE	SS REVENANT	YES	--	--	SS REVENANT	NO	--	--	--	--	--	--	--	--	--	--	Officer	0.05	Excessive Measures	Byr Ch'Kelrer	--	--	--
21	1310	Charging Weapons	Borg Type 03.1	--	Borg Type 03.1	NO	Borg Type 03.1	--	Borg Type 03.1	NO	--	--	--	--	--	--	--	--	--	--	--	--	--	--	--	--	100
21	1311	Attack	HiggsBozo	INFINITE	SS REVENANT	YES	Borg Type 03.1	--	Borg Type 03.1	NO	--	--	YES	91605909504	0	126435304	0	249833881600	143817359336	197748867072	--	--	--	--	--	--	--
21	1312	Attack	HiggsBozo	INFINITE	SS REVENANT	YES	Borg Type 03.1	--	Borg Type 03.1	NO	--	--	YES	95473336320	0	131773168	0	260381409280	149889069808	206097448960	--	--	--	--	--	--	--
21	1313	Attack	HiggsBozo	INFINITE	SS REVENANT	YES	Borg Type 03.1	--	Borg Type 03.1	NO	--	--	NO	10376553472	0	14321813	0	28299644928	16290745493	22399774720	--	--	--	--	--	--	--
21	1314	Attack	HiggsBozo	INFINITE	SS REVENANT	YES	Borg Type 03.1	--	Borg Type 03.1	NO	--	--	YES	87474462720	0	120733056	0	238566342656	137331170688	188830367744	--	--	--	--	--	--	--
21	1315	Attack	HiggsBozo	INFINITE	SS REVENANT	YES	Borg Type 03.1	--	Borg Type 03.1	NO	--	--	NO	10888708096	0	15028694	0	29696428032	17094805974	23505358848	--	--	--	--	--	--	--
21	1316	Attack	HiggsBozo	INFINITE	SS REVENANT	YES	Borg Type 03.1	--	Borg Type 03.1	NO	--	--	NO	11554842624	0	15948099	0	31513157632	18140610883	24943337472	--	--	--	--	--	--	--
21	1317	Attack	HiggsBozo	INFINITE	SS REVENANT	YES	Borg Type 03.1	--	Borg Type 03.1	NO	--	--	YES	93832060928	0	129507864	0	255905202176	147312329240	202554441728	--	--	--	--	--	--	--
21	1318	Attack	HiggsBozo	INFINITE	SS REVENANT	YES	Borg Type 03.1	--	Borg Type 03.1	NO	--	--	NO	10540955648	0	14548722	0	28748013568	16548849394	22754668544	--	--	--	--	--	--	--
21	1319	Attack	HiggsBozo	INFINITE	SS REVENANT	YES	Borg Type 03.1	--	Borg Type 03.1	NO	--	--	YES	85781307392	0	118396136	0	233948643328	134672987368	185175359488	--	--	--	--	--	--	--
21	1320	Attack	HiggsBozo	INFINITE	SS REVENANT	YES	Borg Type 03.1	--	Borg Type 03.1	NO	--	--	YES	97499693056	0	134569952	0	265907814400	153070346208	210471731200	--	--	--	--	--	--	--
21	1321	Attack	HiggsBozo	INFINITE	SS REVENANT	YES	Borg Type 03.1	--	Borg Type 03.1	NO	--	--	YES	91704901632	0	126571936	0	250103873536	143972783520	197962563584	--	--	--	--	--	--	--
21	1322	Attack	HiggsBozo	INFINITE	SS REVENANT	YES	Borg Type 03.1	--	Borg Type 03.1	NO	--	--	NO	11294350336	0	15588565	0	30802722816	17731647701	24381014016	--	--	--	--	--	--	--
21	1323	Attack	HiggsBozo	INFINITE	SS REVENANT	YES	Borg Type 03.1	--	Borg Type 03.1	NO	--	--	NO	11699399680	0	16147618	0	31907401728	18367557794	25255391232	--	--	--	--	--	--	--
21	1324	Attack	HiggsBozo	INFINITE	SS REVENANT	YES	Borg Type 03.1	--	Borg Type 03.1	NO	--	--	NO	12062795776	0	16649181	0	32898482176	18938074077	26039853056	--	--	--	--	--	--	--
21	1325	Attack	Borg Type 03.1	--	Borg Type 03.1	NO	HiggsBozo	INFINITE	SS REVENANT	YES	--	--	NO	932118	0	2304403	0	0	3236521	0	--	--	--	--	--	--	--
21	1326	Attack	Borg Type 03.1	--	Borg Type 03.1	NO	HiggsBozo	INFINITE	SS REVENANT	YES	--	--	NO	957024	0	2365975	0	0	3322999	0	--	--	--	--	--	--	--
21	1327	Attack	Borg Type 03.1	--	Borg Type 03.1	NO	HiggsBozo	INFINITE	SS REVENANT	YES	--	--	NO	924398	0	2285316	0	0	3209714	0	--	--	--	--	--	--	--
21	1328	Attack	Borg Type 03.1	--	Borg Type 03.1	NO	HiggsBozo	INFINITE	SS REVENANT	YES	--	--	NO	908182	0	2245228	0	0	3153410	0	--	--	--	--	--	--	--
21	1329	Attack	HiggsBozo	INFINITE	SS REVENANT	YES	Borg Type 03.1	--	Borg Type 03.1	NO	--	--	NO	20758775808	0	28651452	0	56614752256	32590391228	44811788288	--	--	--	--	--	--	--
21	1330	Attack	HiggsBozo	INFINITE	SS REVENANT	YES	Borg Type 03.1	--	Borg Type 03.1	NO	--	--	NO	23134240768	0	31930090	0	63093284864	36319770346	49939685376	--	--	--	--	--	--	--
21	1331	Attack	HiggsBozo	INFINITE	SS REVENANT	YES	Borg Type 03.1	--	Borg Type 03.1	NO	--	--	NO	23462948864	0	32383774	0	63989755904	36835828510	50649260032	--	--	--	--	--	--	--
21	1332	Attack	HiggsBozo	INFINITE	SS REVENANT	YES	Borg Type 03.1	--	Borg Type 03.1	NO	--	--	NO	20677234688	0	28538906	0	56392368128	32462374938	44635766784	--	--	--	--	--	--	--
21	1333	Attack	HiggsBozo	INFINITE	SS REVENANT	YES	Borg Type 03.1	--	Borg Type 03.1	NO	--	--	YES	194001043456	0	267762000	0	529092902912	304573364560	418788343808	--	--	--	--	--	--	--
21	1334	Attack	HiggsBozo	INFINITE	SS REVENANT	YES	Borg Type 03.1	--	Borg Type 03.1	NO	--	--	YES	185394298880	0	255882896	0	505620004864	291061134992	400209051648	--	--	--	--	--	--	--
21	1335	Attack	HiggsBozo	INFINITE	SS REVENANT	YES	Borg Type 03.1	--	Borg Type 03.1	NO	--	--	NO	23847583744	0	32914654	0	65038761984	37439687902	51479572480	--	--	--	--	--	--	--
21	1336	Attack	HiggsBozo	INFINITE	SS REVENANT	YES	Borg Type 03.1	--	Borg Type 03.1	NO	--	--	NO	24141348864	0	33320110	0	65839935488	37900885166	52113719296	--	--	--	--	--	--	--
21	1337	Attack	HiggsBozo	INFINITE	SS REVENANT	YES	Borg Type 03.1	--	Borg Type 03.1	NO	--	--	YES	196551999488	0	271282848	0	536050040832	308578218656	424295104512	--	--	--	--	--	--	--
21	1338	Attack	HiggsBozo	INFINITE	SS REVENANT	YES	Borg Type 03.1	--	Borg Type 03.1	NO	--	--	NO	21657198592	0	29891464	0	59064991744	34000874376	46751207424	--	--	--	--	--	--	--
21	1339	Attack	HiggsBozo	INFINITE	SS REVENANT	YES	Borg Type 03.1	--	Borg Type 03.1	NO	--	--	NO	24776103936	0	34196204	0	67571085312	38897423084	53483962368	--	--	--	--	--	--	--
21	1340	Attack	HiggsBozo	INFINITE	SS REVENANT	YES	Borg Type 03.1	--	Borg Type 03.1	NO	--	--	NO	22816849920	0	31492024	0	62227673088	35821479864	49254535168	--	--	--	--	--	--	--
21	1341	Attack	HiggsBozo	INFINITE	SS REVENANT	YES	Borg Type 03.1	--	Borg Type 03.1	NO	--	--	NO	20006979584	0	27613814	0	54564401152	31410102902	43188891648	--	--	--	--	--	--	--
21	1342	Attack	HiggsBozo	INFINITE	SS REVENANT	YES	Borg Type 03.1	--	Borg Type 03.1	NO	--	--	NO	20524675072	0	28328344	0	55976296448	32222863768	44306436096	--	--	--	--	--	--	--
21	1343	Officer Ability	HiggsBozo	INFINITE	SS REVENANT	YES	--	--	SS REVENANT	NO	--	--	--	--	--	--	--	--	--	--	Officer	0.05	Excessive Measures	Byr Ch'Kelrer	--	--	--
21	1344	Attack	Borg Type 03.1	--	Borg Type 03.1	NO	HiggsBozo	INFINITE	SS REVENANT	YES	--	--	NO	971762	0	2402410	0	0	3374172	0	--	--	--	--	--	--	--
21	1345	Attack	Borg Type 03.1	--	Borg Type 03.1	NO	HiggsBozo	INFINITE	SS REVENANT	YES	--	--	NO	953857	0	2358145	0	0	3312002	0	--	--	--	--	--	--	--
21	1346	Attack	Borg Type 03.1	--	Borg Type 03.1	NO	HiggsBozo	INFINITE	SS REVENANT	YES	--	--	NO	910416	0	2250751	0	0	3161167	0	--	--	--	--	--	--	--
21	1347	Attack	Borg Type 03.1	--	Borg Type 03.1	NO	HiggsBozo	INFINITE	SS REVENANT	YES	--	--	NO	971329	0	2401340	0	0	3372669	0	--	--	--	--	--	--	--
21	1348	Attack	HiggsBozo	INFINITE	SS REVENANT	YES	Borg Type 03.1	--	Borg Type 03.1	NO	--	--	YES	131317366784	0	670630080	0	358137692160	206368702656	283756986368	--	--	--	--	--	--	--
21	1349	Attack	HiggsBozo	INFINITE	SS REVENANT	YES	Borg Type 03.1	--	Borg Type 03.1	NO	--	--	NO	16399370240	0	83750616	0	44725481472	25772041944	35436560384	--	--	--	--	--	--	--
21	1350	Attack	HiggsBozo	INFINITE	SS REVENANT	YES	Borg Type 03.1	--	Borg Type 03.1	NO	--	--	NO	14460725248	0	73850072	0	39438278656	22725412056	31247441920	--	--	--	--	--	--	--
21	1351	Attack	HiggsBozo	INFINITE	SS REVENANT	YES	Borg Type 03.1	--	Borg Type 03.1	NO	--	--	NO	14934988800	0	76272104	0	40731721728	23470729704	32272252928	--	--	--	--	--	--	--
21	1352	Attack	HiggsBozo	INFINITE	SS REVENANT	YES	Borg Type 03.1	--	Borg Type 03.1	NO	--	--	NO	15299431424	0	78133296	0	41725652992	24043459632	33059758080	--	--	--	--	--	--	--
21	1353	Attack	HiggsBozo	INFINITE	SS REVENANT	YES	Borg Type 03.1	--	Borg Type 03.1	NO	--	--	NO	15069120512	0	76957112	0	41097535488	23681521080	32562092032	--	--	--	--	--	--	--
21	1354	Attack	HiggsBozo	INFINITE	SS REVENANT	YES	Borg Type 03.1	--	Borg Type 03.1	NO	--	--	NO	17569105920	0	89724384	0	47915663360	27610312160	37964181504	--	--	--	--	--	--	--
21	1355	Attack	HiggsBozo	INFINITE	SS REVENANT	YES	Borg Type 03.1	--	Borg Type 03.1	NO	--	--	NO	15306211328	0	78167920	0	41744146432	24054116208	33074409472	--	--	--	--	--	--	--
21	1356	Attack	HiggsBozo	INFINITE	SS REVENANT	YES	Borg Type 03.1	--	Borg Type 03.1	NO	--	--	YES	130090369024	0	664363840	0	354791358464	204440462144	281105629184	--	--	--	--	--	--	--
21	1357	Attack	HiggsBozo	INFINITE	SS REVENANT	YES	Borg Type 03.1	--	Borg Type 03.1	NO	--	--	NO	14738020352	0	75266200	0	40194535424	23161188504	31846633472	--	--	--	--	--	--	--
21	1358	Attack	HiggsBozo	INFINITE	SS REVENANT	YES	Borg Type 03.1	--	Borg Type 03.1	NO	--	--	NO	16638468096	0	84971680	0	45377568768	26147791008	35953217536	--	--	--	--	--	--	--
21	1359	Attack	HiggsBozo	INFINITE	SS REVENANT	YES	Borg Type 03.1	--	Borg Type 03.1	NO	--	--	NO	16958366720	0	86605376	0	46250016768	26650522176	36644466688	--	--	--	--	--	--	--
21	1360	Attack	HiggsBozo	INFINITE	SS REVENANT	YES	Borg Type 03.1	--	Borg Type 03.1	NO	--	--	YES	136896012288	0	699119872	0	373352169472	215135721728	295811579904	--	--	--	--	--	--	--
21	1361	Attack	HiggsBozo	INFINITE	SS REVENANT	YES	Borg Type 03.1	--	Borg Type 03.1	NO	--	--	NO	15473676288	0	79023152	0	42200866816	24317289520	33436276736	--	--	--	--	--	--	--
21	1362	Attack	HiggsBozo	INFINITE	SS REVENANT	YES	Borg Type 03.1	--	Borg Type 03.1	NO	--	--	NO	17026928640	0	86955520	0	46437003264	26758268416	36792619008	--	--	--	--	--	--	--
21	1363	Attack	HiggsBozo	INFINITE	SS REVENANT	YES	Borg Type 03.1	--	Borg Type 03.1	NO	--	--	YES	121805774848	0	622054912	0	332197036032	191420984832	263203880960	--	--	--	--	--	--	--
21	1364	Attack	HiggsBozo	INFINITE	SS REVENANT	YES	Borg Type 03.1	--	Borg Type 03.1	NO	--	--	NO	15598158848	0	79658880	0	42540363776	24512916352	33705265152	--	--	--	--	--	--	--
21	1365	Attack	HiggsBozo	INFINITE	SS REVENANT	YES	Borg Type 03.1	--	Borg Type 03.1	NO	--	--	NO	15082033152	0	77023056	0	41132752896	23701815120	32589993984	--	--	--	--	--	--	--
22	1367	battle_action_type_{0}	HiggsBozo	INFINITE	SS REVENANT	YES	--	--	SS REVENANT	NO	--	--	--	--	--	--	--	--	--	--	--	--	1286174	--	--	--	--
22	1368	Officer Ability	HiggsBozo	INFINITE	SS REVENANT	YES	--	--	SS REVENANT	NO	--	--	--	--	--	--	--	--	--	--	Officer	1	Knock it Down	B'Elanna Torres	--	--	--
22	1369	Officer Ability	HiggsBozo	INFINITE	SS REVENANT	YES	--	--	SS REVENANT	NO	--	--	--	--	--	--	--	--	--	--	Officer	1	Now We're Cooking	Neelix	--	--	--
22	1370	Officer Ability	HiggsBozo	INFINITE	SS REVENANT	YES	--	--	SS REVENANT	NO	--	--	--	--	--	--	--	--	--	--	Officer	0.05	Excessive Measures	Byr Ch'Kelrer	--	--	--
22	1371	Officer Ability	HiggsBozo	INFINITE	SS REVENANT	YES	--	--	SS REVENANT	NO	--	--	--	--	--	--	--	--	--	--	Officer	1	The Looking Glass	Toli	--	--	--
22	1372	Attack	Borg Type 03.1	--	Borg Type 03.1	NO	HiggsBozo	INFINITE	SS REVENANT	YES	--	--	NO	1637305	0	4047781	0	0	5685086	0	--	--	--	--	--	--	--
22	1373	Attack	Borg Type 03.1	--	Borg Type 03.1	NO	HiggsBozo	INFINITE	SS REVENANT	YES	--	--	NO	1634432	0	4040679	0	0	5675111	0	--	--	--	--	--	--	--
22	1374	Attack	HiggsBozo	INFINITE	SS REVENANT	YES	Borg Type 03.1	--	Borg Type 03.1	NO	--	--	NO	5379141632	0	4621317	0	14670363648	8443842565	11610284032	--	--	--	--	--	--	--
22	1375	Attack	HiggsBozo	INFINITE	SS REVENANT	YES	Borg Type 03.1	--	Borg Type 03.1	NO	--	--	NO	5567817728	0	4783412	0	15184932864	8740014388	12017519616	--	--	--	--	--	--	--
22	1376	Attack	HiggsBozo	INFINITE	SS REVENANT	YES	Borg Type 03.1	--	Borg Type 03.1	NO	--	--	YES	40733712384	0	34995068	0	111091769344	63941254012	87919222784	--	--	--	--	--	--	--
22	1377	Attack	HiggsBozo	INFINITE	SS REVENANT	YES	Borg Type 03.1	--	Borg Type 03.1	NO	--	--	NO	5224152576	0	4488164	0	14247666688	8200550884	11275756544	--	--	--	--	--	--	--
22	1378	Attack	HiggsBozo	INFINITE	SS REVENANT	YES	Borg Type 03.1	--	Borg Type 03.1	NO	--	--	NO	5021677056	0	4314213	0	13695460352	7882715749	10838735872	--	--	--	--	--	--	--
22	1379	Attack	HiggsBozo	INFINITE	SS REVENANT	YES	Borg Type 03.1	--	Borg Type 03.1	NO	--	--	NO	5659817984	0	4862451	0	15435841536	8884430323	12216091648	--	--	--	--	--	--	--
22	1380	Attack	HiggsBozo	INFINITE	SS REVENANT	YES	Borg Type 03.1	--	Borg Type 03.1	NO	--	--	YES	41923571712	0	36017296	0	114336833536	65809015952	90487406592	--	--	--	--	--	--	--
22	1381	Attack	HiggsBozo	INFINITE	SS REVENANT	YES	Borg Type 03.1	--	Borg Type 03.1	NO	--	--	NO	5605714944	0	4815970	0	15288288256	8799503458	12099315712	--	--	--	--	--	--	--
22	1382	Attack	HiggsBozo	INFINITE	SS REVENANT	YES	Borg Type 03.1	--	Borg Type 03.1	NO	--	--	NO	5240921088	0	4502569	0	14293397504	8226872361	11311948800	--	--	--	--	--	--	--
22	1383	Attack	HiggsBozo	INFINITE	SS REVENANT	YES	Borg Type 03.1	--	Borg Type 03.1	NO	--	--	YES	44137062400	0	37918944	0	120373616640	69283625184	95264972800	--	--	--	--	--	--	--
22	1384	Attack	HiggsBozo	INFINITE	SS REVENANT	YES	Borg Type 03.1	--	Borg Type 03.1	NO	--	--	YES	39852662784	0	34238140	0	108688900096	62558228156	86017572864	--	--	--	--	--	--	--
22	1385	Attack	HiggsBozo	INFINITE	SS REVENANT	YES	Borg Type 03.1	--	Borg Type 03.1	NO	--	--	YES	44085575680	0	37874712	0	120233197568	69202799640	95153848320	--	--	--	--	--	--	--
22	1386	Attack	HiggsBozo	INFINITE	SS REVENANT	YES	Borg Type 03.1	--	Borg Type 03.1	NO	--	--	NO	5512581632	0	4735958	0	15034289152	8653308374	11898298368	--	--	--	--	--	--	--
22	1387	Attack	HiggsBozo	INFINITE	SS REVENANT	YES	Borg Type 03.1	--	Borg Type 03.1	NO	--	--	NO	4989623296	0	4286675	0	13608041472	7832400083	10769551360	--	--	--	--	--	--	--
22	1388	Officer Ability	HiggsBozo	INFINITE	SS REVENANT	YES	--	--	SS REVENANT	NO	--	--	--	--	--	--	--	--	--	--	Officer	0.05	Excessive Measures	Byr Ch'Kelrer	--	--	--
22	1389	Charging Weapons	Borg Type 03.1	--	Borg Type 03.1	NO	Borg Type 03.1	--	Borg Type 03.1	NO	--	--	--	--	--	--	--	--	--	--	--	--	--	--	--	--	100
22	1390	Attack	HiggsBozo	INFINITE	SS REVENANT	YES	Borg Type 03.1	--	Borg Type 03.1	NO	--	--	NO	10749908992	0	11177742	0	29317888000	16875357966	23203616768	--	--	--	--	--	--	--
22	1391	Attack	HiggsBozo	INFINITE	SS REVENANT	YES	Borg Type 03.1	--	Borg Type 03.1	NO	--	--	YES	88285306880	0	91798952	0	240777723904	138591493544	190563336192	--	--	--	--	--	--	--
22	1392	Attack	HiggsBozo	INFINITE	SS REVENANT	YES	Borg Type 03.1	--	Borg Type 03.1	NO	--	--	NO	11409759232	0	11863853	0	31117475840	17911198509	24627900416	--	--	--	--	--	--	--
22	1393	Attack	HiggsBozo	INFINITE	SS REVENANT	YES	Borg Type 03.1	--	Borg Type 03.1	NO	--	--	YES	85240963072	0	88633448	0	232474984448	133812457576	183992123392	--	--	--	--	--	--	--
22	1394	Attack	HiggsBozo	INFINITE	SS REVENANT	YES	Borg Type 03.1	--	Borg Type 03.1	NO	--	--	NO	10606513152	0	11028639	0	28926808064	16650251423	22894098432	--	--	--	--	--	--	--
22	1395	Attack	HiggsBozo	INFINITE	SS REVENANT	YES	Borg Type 03.1	--	Borg Type 03.1	NO	--	--	NO	12235545600	0	12722504	0	33369616384	19207531848	26410352640	--	--	--	--	--	--	--
22	1396	Attack	HiggsBozo	INFINITE	SS REVENANT	YES	Borg Type 03.1	--	Borg Type 03.1	NO	--	--	NO	10988417024	0	11425741	0	29968361472	17249771469	23718432768	--	--	--	--	--	--	--
22	1397	Attack	HiggsBozo	INFINITE	SS REVENANT	YES	Borg Type 03.1	--	Borg Type 03.1	NO	--	--	NO	12141116416	0	12624317	0	33112082432	19059293629	26206529536	--	--	--	--	--	--	--
22	1398	Attack	HiggsBozo	INFINITE	SS REVENANT	YES	Borg Type 03.1	--	Borg Type 03.1	NO	--	--	NO	10156724224	0	10560948	0	27700111360	15944166836	21923229696	--	--	--	--	--	--	--
22	1399	Attack	HiggsBozo	INFINITE	SS REVENANT	YES	Borg Type 03.1	--	Borg Type 03.1	NO	--	--	NO	11081577472	0	11522610	0	30222434304	17396014642	23919519744	--	--	--	--	--	--	--
22	1400	Attack	HiggsBozo	INFINITE	SS REVENANT	YES	Borg Type 03.1	--	Borg Type 03.1	NO	--	--	NO	10326014976	0	10736978	0	28161814528	16209922386	22288644096	--	--	--	--	--	--	--
22	1401	Attack	HiggsBozo	INFINITE	SS REVENANT	YES	Borg Type 03.1	--	Borg Type 03.1	NO	--	--	YES	90355720192	0	93951760	0	246424289280	141841659664	195032301568	--	--	--	--	--	--	--
22	1402	Attack	Borg Type 03.1	--	Borg Type 03.1	NO	HiggsBozo	INFINITE	SS REVENANT	YES	--	--	NO	967747	0	2392485	0	0	3360232	0	--	--	--	--	--	--	--
22	1403	Attack	Borg Type 03.1	--	Borg Type 03.1	NO	HiggsBozo	INFINITE	SS REVENANT	YES	--	--	NO	964770	0	2385125	0	0	3349895	0	--	--	--	--	--	--	--
22	1404	Attack	Borg Type 03.1	--	Borg Type 03.1	NO	HiggsBozo	INFINITE	SS REVENANT	YES	--	--	NO	958509	0	2369646	0	0	3328155	0	--	--	--	--	--	--	--
22	1405	Attack	Borg Type 03.1	--	Borg Type 03.1	NO	HiggsBozo	INFINITE	SS REVENANT	YES	--	--	NO	952361	0	2354447	0	0	3306808	0	--	--	--	--	--	--	--
22	1406	Charging Weapons	HiggsBozo	INFINITE	SS REVENANT	YES	Borg Type 03.1	--	Borg Type 03.1	NO	--	--	--	--	--	--	--	--	--	--	--	--	--	--	--	--	100
22	1407	Officer Ability	HiggsBozo	INFINITE	SS REVENANT	YES	--	--	SS REVENANT	NO	--	--	--	--	--	--	--	--	--	--	Officer	0.05	Excessive Measures	Byr Ch'Kelrer	--	--	--
22	1408	Attack	Borg Type 03.1	--	Borg Type 03.1	NO	HiggsBozo	INFINITE	SS REVENANT	YES	--	--	NO	932210	0	2304630	0	0	3236840	0	--	--	--	--	--	--	--
22	1409	Attack	Borg Type 03.1	--	Borg Type 03.1	NO	HiggsBozo	INFINITE	SS REVENANT	YES	--	--	NO	929190	0	2297164	0	0	3226354	0	--	--	--	--	--	--	--
22	1410	Attack	Borg Type 03.1	--	Borg Type 03.1	NO	HiggsBozo	INFINITE	SS REVENANT	YES	--	--	NO	909010	0	2247275	0	0	3156285	0	--	--	--	--	--	--	--
22	1411	Attack	Borg Type 03.1	--	Borg Type 03.1	NO	HiggsBozo	INFINITE	SS REVENANT	YES	--	--	NO	923095	0	2282096	0	0	3205191	0	--	--	--	--	--	--	--
22	1412	Charging Weapons	HiggsBozo	INFINITE	SS REVENANT	YES	Borg Type 03.1	--	Borg Type 03.1	NO	--	--	--	--	--	--	--	--	--	--	--	--	--	--	--	--	100
23	1414	battle_action_type_{0}	HiggsBozo	INFINITE	SS REVENANT	YES	--	--	SS REVENANT	NO	--	--	--	--	--	--	--	--	--	--	--	--	1297036	--	--	--	--
23	1415	Officer Ability	HiggsBozo	INFINITE	SS REVENANT	YES	--	--	SS REVENANT	NO	--	--	--	--	--	--	--	--	--	--	Officer	1	Knock it Down	B'Elanna Torres	--	--	--
23	1416	Officer Ability	HiggsBozo	INFINITE	SS REVENANT	YES	--	--	SS REVENANT	NO	--	--	--	--	--	--	--	--	--	--	Officer	1	Now We're Cooking	Neelix	--	--	--
23	1417	Officer Ability	HiggsBozo	INFINITE	SS REVENANT	YES	--	--	SS REVENANT	NO	--	--	--	--	--	--	--	--	--	--	Officer	0.05	Excessive Measures	Byr Ch'Kelrer	--	--	--
23	1418	Officer Ability	HiggsBozo	INFINITE	SS REVENANT	YES	--	--	SS REVENANT	NO	--	--	--	--	--	--	--	--	--	--	Officer	1	The Looking Glass	Toli	--	--	--
23	1419	Attack	Borg Type 03.1	--	Borg Type 03.1	NO	HiggsBozo	INFINITE	SS REVENANT	YES	--	--	NO	1618413	0	4001076	0	0	5619489	0	--	--	--	--	--	--	--
23	1420	Attack	Borg Type 03.1	--	Borg Type 03.1	NO	HiggsBozo	INFINITE	SS REVENANT	YES	--	--	YES	806115	0	1992895	0	0	2799010	0	--	--	--	--	--	--	--
23	1421	Attack	HiggsBozo	INFINITE	SS REVENANT	YES	Borg Type 03.1	--	Borg Type 03.1	NO	--	--	NO	5317490176	0	3400395	0	14502222848	8346574027	11476539392	--	--	--	--	--	--	--
23	1422	Attack	HiggsBozo	INFINITE	SS REVENANT	YES	Borg Type 03.1	--	Borg Type 03.1	NO	--	--	NO	4922590720	0	3147867	0	13425226752	7726722651	10624242688	--	--	--	--	--	--	--
23	1423	Attack	HiggsBozo	INFINITE	SS REVENANT	YES	Borg Type 03.1	--	Borg Type 03.1	NO	--	--	NO	5663630336	0	3621742	0	15446239232	8889891694	12223599616	--	--	--	--	--	--	--
23	1424	Attack	HiggsBozo	INFINITE	SS REVENANT	YES	Borg Type 03.1	--	Borg Type 03.1	NO	--	--	YES	43361124352	0	27728298	0	118257426432	68061591978	93584687104	--	--	--	--	--	--	--
23	1425	Attack	HiggsBozo	INFINITE	SS REVENANT	YES	Borg Type 03.1	--	Borg Type 03.1	NO	--	--	NO	5187230208	0	3317097	0	14146968576	8142112617	11195403264	--	--	--	--	--	--	--
23	1426	Attack	HiggsBozo	INFINITE	SS REVENANT	YES	Borg Type 03.1	--	Borg Type 03.1	NO	--	--	NO	5781914624	0	3697382	0	15768833024	9075556070	12478888960	--	--	--	--	--	--	--
23	1427	Attack	HiggsBozo	INFINITE	SS REVENANT	YES	Borg Type 03.1	--	Borg Type 03.1	NO	--	--	NO	4875376640	0	3117675	0	13296459776	7652611691	10522342400	--	--	--	--	--	--	--
23	1428	Attack	HiggsBozo	INFINITE	SS REVENANT	YES	Borg Type 03.1	--	Borg Type 03.1	NO	--	--	NO	5812410880	0	3716884	0	15852004352	9123423508	12544708608	--	--	--	--	--	--	--
23	1429	Attack	HiggsBozo	INFINITE	SS REVENANT	YES	Borg Type 03.1	--	Borg Type 03.1	NO	--	--	NO	4862791680	0	3109627	0	13262137344	7632858875	10495179776	--	--	--	--	--	--	--
23	1430	Attack	HiggsBozo	INFINITE	SS REVENANT	YES	Borg Type 03.1	--	Borg Type 03.1	NO	--	--	NO	5172759040	0	3307843	0	14107502592	8119398211	11164171264	--	--	--	--	--	--	--
23	1431	Attack	HiggsBozo	INFINITE	SS REVENANT	YES	Borg Type 03.1	--	Borg Type 03.1	NO	--	--	NO	5198039552	0	3324009	0	14176448512	8159079017	11218733056	--	--	--	--	--	--	--
23	1432	Attack	HiggsBozo	INFINITE	SS REVENANT	YES	Borg Type 03.1	--	Borg Type 03.1	NO	--	--	NO	5761608192	0	3684396	0	15713451008	9043681836	12435061760	--	--	--	--	--	--	--
23	1433	Attack	HiggsBozo	INFINITE	SS REVENANT	YES	Borg Type 03.1	--	Borg Type 03.1	NO	--	--	YES	44415234048	0	28402374	0	121132261376	69716169414	95859728384	--	--	--	--	--	--	--
23	1434	Attack	HiggsBozo	INFINITE	SS REVENANT	YES	Borg Type 03.1	--	Borg Type 03.1	NO	--	--	NO	5716279808	0	3655410	0	15589828608	8972531954	12337231872	--	--	--	--	--	--	--
23	1435	Officer Ability	HiggsBozo	INFINITE	SS REVENANT	YES	--	--	SS REVENANT	NO	--	--	--	--	--	--	--	--	--	--	Officer	0.05	Excessive Measures	Byr Ch'Kelrer	--	--	--
23	1436	Charging Weapons	Borg Type 03.1	--	Borg Type 03.1	NO	Borg Type 03.1	--	Borg Type 03.1	NO	--	--	--	--	--	--	--	--	--	--	--	--	--	--	--	--	100
23	1437	Attack	HiggsBozo	INFINITE	SS REVENANT	YES	Borg Type 03.1	--	Borg Type 03.1	NO	--	--	YES	94574419968	0	74072928	0	257929822208	148454024032	204124291072	--	--	--	--	--	--	--
23	1438	Attack	HiggsBozo	INFINITE	SS REVENANT	YES	Borg Type 03.1	--	Borg Type 03.1	NO	--	--	NO	11389156352	0	8920257	0	31061284864	17877625025	24581736448	--	--	--	--	--	--	--
23	1439	Attack	HiggsBozo	INFINITE	SS REVENANT	YES	Borg Type 03.1	--	Borg Type 03.1	NO	--	--	YES	90249519104	0	70685568	0	246134652928	141665203072	194789654528	--	--	--	--	--	--	--
23	1440	Attack	HiggsBozo	INFINITE	SS REVENANT	YES	Borg Type 03.1	--	Borg Type 03.1	NO	--	--	NO	10520090624	0	8239584	0	28691109888	16513448416	22705991680	--	--	--	--	--	--	--
23	1441	Attack	HiggsBozo	INFINITE	SS REVENANT	YES	Borg Type 03.1	--	Borg Type 03.1	NO	--	--	NO	10912663552	0	8547057	0	29761761280	17129671409	23553300480	--	--	--	--	--	--	--
23	1442	Attack	HiggsBozo	INFINITE	SS REVENANT	YES	Borg Type 03.1	--	Borg Type 03.1	NO	--	--	NO	12193228800	0	9550026	0	33254207488	19139784906	26317201408	--	--	--	--	--	--	--
23	1443	Attack	HiggsBozo	INFINITE	SS REVENANT	YES	Borg Type 03.1	--	Borg Type 03.1	NO	--	--	NO	11961164800	0	9368268	0	32621305856	18775510732	25816328192	--	--	--	--	--	--	--
23	1444	Attack	HiggsBozo	INFINITE	SS REVENANT	YES	Borg Type 03.1	--	Borg Type 03.1	NO	--	--	YES	82295324672	0	64455652	0	224441434112	129179452388	177621762048	--	--	--	--	--	--	--
23	1445	Attack	HiggsBozo	INFINITE	SS REVENANT	YES	Borg Type 03.1	--	Borg Type 03.1	NO	--	--	NO	10892861440	0	8531548	0	29707755520	17098587740	23510560768	--	--	--	--	--	--	--
23	1446	Attack	HiggsBozo	INFINITE	SS REVENANT	YES	Borg Type 03.1	--	Borg Type 03.1	NO	--	--	NO	10564923392	0	8274698	0	28813379584	16583822090	22802755584	--	--	--	--	--	--	--
23	1447	Attack	HiggsBozo	INFINITE	SS REVENANT	YES	Borg Type 03.1	--	Borg Type 03.1	NO	--	--	YES	96638083072	0	75689240	0	263557988352	151693380888	208578379776	--	--	--	--	--	--	--
23	1448	Attack	HiggsBozo	INFINITE	SS REVENANT	YES	Borg Type 03.1	--	Borg Type 03.1	NO	--	--	NO	10210308096	0	7996955	0	27846250496	16027182619	22037372928	--	--	--	--	--	--	--
23	1449	Attack	Borg Type 03.1	--	Borg Type 03.1	NO	HiggsBozo	INFINITE	SS REVENANT	YES	--	--	NO	907171	0	2242727	0	0	3149898	0	--	--	--	--	--	--	--
23	1450	Attack	Borg Type 03.1	--	Borg Type 03.1	NO	HiggsBozo	INFINITE	SS REVENANT	YES	--	--	NO	968224	0	2393665	0	0	3361889	0	--	--	--	--	--	--	--
23	1451	Attack	Borg Type 03.1	--	Borg Type 03.1	NO	HiggsBozo	INFINITE	SS REVENANT	YES	--	--	NO	930527	0	2300469	0	0	3230996	0	--	--	--	--	--	--	--
23	1452	Attack	Borg Type 03.1	--	Borg Type 03.1	NO	HiggsBozo	INFINITE	SS REVENANT	YES	--	--	NO	921952	0	2279270	0	0	3201222	0	--	--	--	--	--	--	--
23	1453	Attack	HiggsBozo	INFINITE	SS REVENANT	YES	Borg Type 03.1	--	Borg Type 03.1	NO	--	--	NO	20528271360	0	16078229	0	55986106368	32223352213	44307103744	--	--	--	--	--	--	--
23	1454	Attack	HiggsBozo	INFINITE	SS REVENANT	YES	Borg Type 03.1	--	Borg Type 03.1	NO	--	--	NO	22875516928	0	17916646	0	62387671040	35907834598	49373270016	--	--	--	--	--	--	--
23	1455	Attack	HiggsBozo	INFINITE	SS REVENANT	YES	Borg Type 03.1	--	Borg Type 03.1	NO	--	--	NO	20784377856	0	16278819	0	56684576768	32625358115	44859875328	--	--	--	--	--	--	--
23	1456	Attack	HiggsBozo	INFINITE	SS REVENANT	YES	Borg Type 03.1	--	Borg Type 03.1	NO	--	--	YES	190694195200	0	149356224	0	520074231808	299333811904	411583971328	--	--	--	--	--	--	--
23	1457	Attack	HiggsBozo	INFINITE	SS REVENANT	YES	Borg Type 03.1	--	Borg Type 03.1	NO	--	--	YES	190447796224	0	149163232	0	519402258432	298947038432	411052179456	--	--	--	--	--	--	--
23	1458	Attack	HiggsBozo	INFINITE	SS REVENANT	YES	Borg Type 03.1	--	Borg Type 03.1	NO	--	--	NO	21300588544	0	16683126	0	58092417024	33435656310	45974032384	--	--	--	--	--	--	--
23	1459	Attack	HiggsBozo	INFINITE	SS REVENANT	YES	Borg Type 03.1	--	Borg Type 03.1	NO	--	--	NO	20976531456	0	16429317	0	57208631296	32926984453	45274607616	--	--	--	--	--	--	--
23	1460	Attack	HiggsBozo	INFINITE	SS REVENANT	YES	Borg Type 03.1	--	Borg Type 03.1	NO	--	--	NO	21499619328	0	16839012	0	58635227136	33748076900	46403608576	--	--	--	--	--	--	--
23	1461	Attack	HiggsBozo	INFINITE	SS REVENANT	YES	Borg Type 03.1	--	Borg Type 03.1	NO	--	--	NO	22548238336	0	17660314	0	61495095296	35394103706	48666890240	--	--	--	--	--	--	--
23	1462	Attack	HiggsBozo	INFINITE	SS REVENANT	YES	Borg Type 03.1	--	Borg Type 03.1	NO	--	--	NO	24492869632	0	19183396	0	66798624768	38446599972	52864077824	--	--	--	--	--	--	--
23	1463	Attack	HiggsBozo	INFINITE	SS REVENANT	YES	Borg Type 03.1	--	Borg Type 03.1	NO	--	--	NO	24213178368	0	18964336	0	66035834880	38007568240	52260409344	--	--	--	--	--	--	--
23	1464	Attack	HiggsBozo	INFINITE	SS REVENANT	YES	Borg Type 03.1	--	Borg Type 03.1	NO	--	--	NO	20744409088	0	16247513	0	56575569920	32562621145	44773605376	--	--	--	--	--	--	--
23	1465	Officer Ability	HiggsBozo	INFINITE	SS REVENANT	YES	--	--	SS REVENANT	NO	--	--	--	--	--	--	--	--	--	--	Officer	0.05	Excessive Measures	Byr Ch'Kelrer	--	--	--
23	1466	Attack	Borg Type 03.1	--	Borg Type 03.1	NO	HiggsBozo	INFINITE	SS REVENANT	YES	--	--	NO	947550	0	2342553	0	0	3290103	0	--	--	--	--	--	--	--
23	1467	Attack	Borg Type 03.1	--	Borg Type 03.1	NO	HiggsBozo	INFINITE	SS REVENANT	YES	--	--	NO	914428	0	2260668	0	0	3175096	0	--	--	--	--	--	--	--
23	1468	Attack	Borg Type 03.1	--	Borg Type 03.1	NO	HiggsBozo	INFINITE	SS REVENANT	YES	--	--	NO	912090	0	2254889	0	0	3166979	0	--	--	--	--	--	--	--
23	1469	Attack	Borg Type 03.1	--	Borg Type 03.1	NO	HiggsBozo	INFINITE	SS REVENANT	YES	--	--	NO	955481	0	2362162	0	0	3317643	0	--	--	--	--	--	--	--
23	1470	Attack	HiggsBozo	INFINITE	SS REVENANT	YES	Borg Type 03.1	--	Borg Type 03.1	NO	--	--	NO	16412611584	0	56685452	0	44761595904	25781430156	35449462784	--	--	--	--	--	--	--
23	1471	Attack	HiggsBozo	INFINITE	SS REVENANT	YES	Borg Type 03.1	--	Borg Type 03.1	NO	--	--	NO	16633530368	0	57448452	0	45364101120	26128457732	35926622208	--	--	--	--	--	--	--
23	1472	Attack	HiggsBozo	INFINITE	SS REVENANT	YES	Borg Type 03.1	--	Borg Type 03.1	NO	--	--	YES	119548329984	0	412892928	0	326040387584	187790147328	258211463168	--	--	--	--	--	--	--
23	1473	Attack	HiggsBozo	INFINITE	SS REVENANT	YES	Borg Type 03.1	--	Borg Type 03.1	NO	--	--	YES	122831069184	0	424230752	0	334993293312	192946773856	265301819392	--	--	--	--	--	--	--
23	1474	Attack	HiggsBozo	INFINITE	SS REVENANT	YES	Borg Type 03.1	--	Borg Type 03.1	NO	--	--	NO	15837549568	0	54699320	0	43193249792	24878104888	34207393792	--	--	--	--	--	--	--
23	1475	Attack	HiggsBozo	INFINITE	SS REVENANT	YES	Borg Type 03.1	--	Borg Type 03.1	NO	--	--	NO	17137897472	0	59190424	0	46739644416	26920729752	37016002560	--	--	--	--	--	--	--
23	1476	Attack	HiggsBozo	INFINITE	SS REVENANT	YES	Borg Type 03.1	--	Borg Type 03.1	NO	--	--	NO	17067698176	0	58947972	0	46548193280	26810458500	36864380928	--	--	--	--	--	--	--
23	1477	Attack	HiggsBozo	INFINITE	SS REVENANT	YES	Borg Type 03.1	--	Borg Type 03.1	NO	--	--	YES	130825789440	0	451842688	0	356797022208	205505114752	282569539584	--	--	--	--	--	--	--
23	1478	Attack	HiggsBozo	INFINITE	SS REVENANT	YES	Borg Type 03.1	--	Borg Type 03.1	NO	--	--	YES	139758895104	0	482695648	0	381159997440	219537496544	301864091648	--	--	--	--	--	--	--
23	1479	Attack	HiggsBozo	INFINITE	SS REVENANT	YES	Borg Type 03.1	--	Borg Type 03.1	NO	--	--	NO	17363910656	0	59971020	0	47356039168	27275757004	37504163840	--	--	--	--	--	--	--
23	1480	Attack	HiggsBozo	INFINITE	SS REVENANT	YES	Borg Type 03.1	--	Borg Type 03.1	NO	--	--	YES	134765248512	0	465448704	0	367540994048	211693350656	291078340608	--	--	--	--	--	--	--
23	1481	Attack	HiggsBozo	INFINITE	SS REVENANT	YES	Borg Type 03.1	--	Borg Type 03.1	NO	--	--	YES	133461893120	0	460947232	0	363986386944	209645985568	288263241728	--	--	--	--	--	--	--
23	1482	Attack	HiggsBozo	INFINITE	SS REVENANT	YES	Borg Type 03.1	--	Borg Type 03.1	NO	--	--	NO	15632150528	0	53989912	0	42633068544	24555457048	33763751936	--	--	--	--	--	--	--
23	1483	Attack	HiggsBozo	INFINITE	SS REVENANT	YES	Borg Type 03.1	--	Borg Type 03.1	NO	--	--	NO	14940645376	0	51601612	0	40747147264	23469217996	32270176256	--	--	--	--	--	--	--
24	1485	battle_action_type_{0}	HiggsBozo	INFINITE	SS REVENANT	YES	--	--	SS REVENANT	NO	--	--	--	--	--	--	--	--	--	--	--	--	1185834	--	--	--	--
24	1486	Officer Ability	HiggsBozo	INFINITE	SS REVENANT	YES	--	--	SS REVENANT	NO	--	--	--	--	--	--	--	--	--	--	Officer	1	Knock it Down	B'Elanna Torres	--	--	--
24	1487	Officer Ability	HiggsBozo	INFINITE	SS REVENANT	YES	--	--	SS REVENANT	NO	--	--	--	--	--	--	--	--	--	--	Officer	1	Now We're Cooking	Neelix	--	--	--
24	1488	Officer Ability	HiggsBozo	INFINITE	SS REVENANT	YES	--	--	SS REVENANT	NO	--	--	--	--	--	--	--	--	--	--	Officer	0.05	Excessive Measures	Byr Ch'Kelrer	--	--	--
24	1489	Officer Ability	HiggsBozo	INFINITE	SS REVENANT	YES	--	--	SS REVENANT	NO	--	--	--	--	--	--	--	--	--	--	Officer	1	The Looking Glass	Toli	--	--	--
24	1490	Attack	Borg Type 03.1	--	Borg Type 03.1	NO	HiggsBozo	INFINITE	SS REVENANT	YES	--	--	NO	1629903	0	4029483	0	0	5659386	0	--	--	--	--	--	--	--
24	1491	Attack	Borg Type 03.1	--	Borg Type 03.1	NO	HiggsBozo	INFINITE	SS REVENANT	YES	--	--	NO	1555287	0	3845014	0	0	5400301	0	--	--	--	--	--	--	--
24	1492	Attack	HiggsBozo	INFINITE	SS REVENANT	YES	Borg Type 03.1	--	Borg Type 03.1	NO	--	--	NO	5027098112	0	2392569	0	13710245888	7890415609	10849320960	--	--	--	--	--	--	--
24	1493	Attack	HiggsBozo	INFINITE	SS REVENANT	YES	Borg Type 03.1	--	Borg Type 03.1	NO	--	--	NO	5524255232	0	2629183	0	15066126336	8670741567	11922269184	--	--	--	--	--	--	--
24	1494	Attack	HiggsBozo	INFINITE	SS REVENANT	YES	Borg Type 03.1	--	Borg Type 03.1	NO	--	--	YES	42733858816	0	20338518	0	116546699264	67074058070	92226838528	--	--	--	--	--	--	--
24	1495	Attack	HiggsBozo	INFINITE	SS REVENANT	YES	Borg Type 03.1	--	Borg Type 03.1	NO	--	--	NO	5302162432	0	2523482	0	14460419072	8322149722	11442955264	--	--	--	--	--	--	--
24	1496	Attack	HiggsBozo	INFINITE	SS REVENANT	YES	Borg Type 03.1	--	Borg Type 03.1	NO	--	--	YES	42358751232	0	20159992	0	115523682304	66485304824	91417288704	--	--	--	--	--	--	--
24	1497	Attack	HiggsBozo	INFINITE	SS REVENANT	YES	Borg Type 03.1	--	Borg Type 03.1	NO	--	--	NO	5613327360	0	2671576	0	15309049856	8810547160	12114501632	--	--	--	--	--	--	--
24	1498	Attack	HiggsBozo	INFINITE	SS REVENANT	YES	Borg Type 03.1	--	Borg Type 03.1	NO	--	--	NO	4890700800	0	2327653	0	13338253312	7676329061	10554952704	--	--	--	--	--	--	--
24	1499	Attack	HiggsBozo	INFINITE	SS REVENANT	YES	Borg Type 03.1	--	Borg Type 03.1	NO	--	--	NO	5598039552	0	2664300	0	15267356672	8786552172	12081508352	--	--	--	--	--	--	--
24	1500	Attack	HiggsBozo	INFINITE	SS REVENANT	YES	Borg Type 03.1	--	Borg Type 03.1	NO	--	--	YES	44677918720	0	21263764	0	121848676352	70125413780	96422445056	--	--	--	--	--	--	--
24	1501	Attack	HiggsBozo	INFINITE	SS REVENANT	YES	Borg Type 03.1	--	Borg Type 03.1	NO	--	--	YES	39455715328	0	18778336	0	107606327296	61928765664	85152055296	--	--	--	--	--	--	--
24	1502	Attack	HiggsBozo	INFINITE	SS REVENANT	YES	Borg Type 03.1	--	Borg Type 03.1	NO	--	--	NO	5330304512	0	2536875	0	14537170944	8366321579	11503690752	--	--	--	--	--	--	--
24	1503	Attack	HiggsBozo	INFINITE	SS REVENANT	YES	Borg Type 03.1	--	Borg Type 03.1	NO	--	--	NO	5499422720	0	2617365	0	14998401024	8631765013	11868676096	--	--	--	--	--	--	--
24	1504	Attack	HiggsBozo	INFINITE	SS REVENANT	YES	Borg Type 03.1	--	Borg Type 03.1	NO	--	--	NO	4897043968	0	2330672	0	13355551744	7686284848	10568641536	--	--	--	--	--	--	--
24	1505	Attack	HiggsBozo	INFINITE	SS REVENANT	YES	Borg Type 03.1	--	Borg Type 03.1	NO	--	--	YES	43534864384	0	20719746	0	118731259904	68331296898	93955547136	--	--	--	--	--	--	--
24	1506	Officer Ability	HiggsBozo	INFINITE	SS REVENANT	YES	--	--	SS REVENANT	NO	--	--	--	--	--	--	--	--	--	--	Officer	0.05	Excessive Measures	Byr Ch'Kelrer	--	--	--
24	1507	Charging Weapons	Borg Type 03.1	--	Borg Type 03.1	NO	Borg Type 03.1	--	Borg Type 03.1	NO	--	--	--	--	--	--	--	--	--	--	--	--	--	--	--	--	100
24	1508	Attack	HiggsBozo	INFINITE	SS REVENANT	YES	Borg Type 03.1	--	Borg Type 03.1	NO	--	--	NO	10600723456	0	6253264	0	28911017984	16639155920	22878838784	--	--	--	--	--	--	--
24	1509	Attack	HiggsBozo	INFINITE	SS REVENANT	YES	Borg Type 03.1	--	Borg Type 03.1	NO	--	--	NO	10757504000	0	6345748	0	29338601472	16885241876	23217209344	--	--	--	--	--	--	--
24	1510	Attack	HiggsBozo	INFINITE	SS REVENANT	YES	Borg Type 03.1	--	Borg Type 03.1	NO	--	--	NO	10225070080	0	6031670	0	27886510080	16049520950	22068090880	--	--	--	--	--	--	--
24	1511	Attack	HiggsBozo	INFINITE	SS REVENANT	YES	Borg Type 03.1	--	Borg Type 03.1	NO	--	--	YES	82770731008	0	48825656	0	225737998336	129918969144	178638585856	--	--	--	--	--	--	--
24	1512	Attack	HiggsBozo	INFINITE	SS REVENANT	YES	Borg Type 03.1	--	Borg Type 03.1	NO	--	--	NO	10239005696	0	6039890	0	27924516864	16071394642	22098167808	--	--	--	--	--	--	--
24	1513	Attack	HiggsBozo	INFINITE	SS REVENANT	YES	Borg Type 03.1	--	Borg Type 03.1	NO	--	--	NO	11242701824	0	6631961	0	30661865472	17646820889	24264378368	--	--	--	--	--	--	--
24	1514	Attack	HiggsBozo	INFINITE	SS REVENANT	YES	Borg Type 03.1	--	Borg Type 03.1	NO	--	--	NO	11728216064	0	6918361	0	31985991680	18408894681	25312231424	--	--	--	--	--	--	--
24	1515	Attack	HiggsBozo	INFINITE	SS REVENANT	YES	Borg Type 03.1	--	Borg Type 03.1	NO	--	--	NO	11109581824	0	6553435	0	30298810368	17437870939	23977074688	--	--	--	--	--	--	--
24	1516	Attack	HiggsBozo	INFINITE	SS REVENANT	YES	Borg Type 03.1	--	Borg Type 03.1	NO	--	--	NO	11349221376	0	6694796	0	30952372224	17814015884	24494272512	--	--	--	--	--	--	--
24	1517	Attack	HiggsBozo	INFINITE	SS REVENANT	YES	Borg Type 03.1	--	Borg Type 03.1	NO	--	--	NO	11987564544	0	7071348	0	32693305344	18815975028	25871966208	--	--	--	--	--	--	--
24	1518	Attack	HiggsBozo	INFINITE	SS REVENANT	YES	Borg Type 03.1	--	Borg Type 03.1	NO	--	--	YES	84727611392	0	49979996	0	231074922496	132990542428	182861971456	--	--	--	--	--	--	--
24	1519	Attack	HiggsBozo	INFINITE	SS REVENANT	YES	Borg Type 03.1	--	Borg Type 03.1	NO	--	--	NO	11590286336	0	6836997	0	31609821184	18192398085	25014546432	--	--	--	--	--	--	--
24	1520	Attack	Borg Type 03.1	--	Borg Type 03.1	NO	HiggsBozo	INFINITE	SS REVENANT	YES	--	--	NO	961558	0	2377185	0	0	3338743	0	--	--	--	--	--	--	--
24	1521	Attack	Borg Type 03.1	--	Borg Type 03.1	NO	HiggsBozo	INFINITE	SS REVENANT	YES	--	--	NO	908930	0	2247077	0	0	3156007	0	--	--	--	--	--	--	--
24	1522	Attack	Borg Type 03.1	--	Borg Type 03.1	NO	HiggsBozo	INFINITE	SS REVENANT	YES	--	--	YES	472812	0	1168897	0	0	1641709	0	--	--	--	--	--	--	--
24	1523	Attack	Borg Type 03.1	--	Borg Type 03.1	NO	HiggsBozo	INFINITE	SS REVENANT	YES	--	--	NO	946489	0	2339930	0	0	3286419	0	--	--	--	--	--	--	--
24	1524	Charging Weapons	HiggsBozo	INFINITE	SS REVENANT	YES	Borg Type 03.1	--	Borg Type 03.1	NO	--	--	--	--	--	--	--	--	--	--	--	--	--	--	--	--	100
24	1525	Officer Ability	HiggsBozo	INFINITE	SS REVENANT	YES	--	--	SS REVENANT	NO	--	--	--	--	--	--	--	--	--	--	Officer	0.05	Excessive Measures	Byr Ch'Kelrer	--	--	--
24	1526	Attack	Borg Type 03.1	--	Borg Type 03.1	NO	HiggsBozo	INFINITE	SS REVENANT	YES	--	--	NO	965019	0	2385740	0	0	3350759	0	--	--	--	--	--	--	--
24	1527	Attack	Borg Type 03.1	--	Borg Type 03.1	NO	HiggsBozo	INFINITE	SS REVENANT	YES	--	--	NO	902605	0	2231440	0	0	3134045	0	--	--	--	--	--	--	--
24	1528	Attack	Borg Type 03.1	--	Borg Type 03.1	NO	HiggsBozo	INFINITE	SS REVENANT	YES	--	--	NO	899077	0	2222718	0	0	3121795	0	--	--	--	--	--	--	--
24	1529	Attack	Borg Type 03.1	--	Borg Type 03.1	NO	HiggsBozo	INFINITE	SS REVENANT	YES	--	--	NO	948816	0	2345683	0	0	3294499	0	--	--	--	--	--	--	--
24	1530	Charging Weapons	HiggsBozo	INFINITE	SS REVENANT	YES	Borg Type 03.1	--	Borg Type 03.1	NO	--	--	--	--	--	--	--	--	--	--	--	--	--	--	--	--	100
25	1532	battle_action_type_{0}	HiggsBozo	INFINITE	SS REVENANT	YES	--	--	SS REVENANT	NO	--	--	--	--	--	--	--	--	--	--	--	--	1222860	--	--	--	--
25	1533	Officer Ability	HiggsBozo	INFINITE	SS REVENANT	YES	--	--	SS REVENANT	NO	--	--	--	--	--	--	--	--	--	--	Officer	1	Knock it Down	B'Elanna Torres	--	--	--
25	1534	Officer Ability	HiggsBozo	INFINITE	SS REVENANT	YES	--	--	SS REVENANT	NO	--	--	--	--	--	--	--	--	--	--	Officer	1	Now We're Cooking	Neelix	--	--	--
25	1535	Officer Ability	HiggsBozo	INFINITE	SS REVENANT	YES	--	--	SS REVENANT	NO	--	--	--	--	--	--	--	--	--	--	Officer	0.05	Excessive Measures	Byr Ch'Kelrer	--	--	--
25	1536	Officer Ability	HiggsBozo	INFINITE	SS REVENANT	YES	--	--	SS REVENANT	NO	--	--	--	--	--	--	--	--	--	--	Officer	0.3	No Locked Doors	Dajash Tolra	--	--	--
25	1537	Officer Ability	HiggsBozo	INFINITE	SS REVENANT	YES	--	--	SS REVENANT	NO	--	--	--	--	--	--	--	--	--	--	Officer	1	The Looking Glass	Toli	--	--	--
25	1538	Attack	Borg Type 03.1	--	Borg Type 03.1	NO	HiggsBozo	INFINITE	SS REVENANT	YES	--	--	NO	1635770	0	4043986	0	0	5679756	0	--	--	--	--	--	--	--
25	1539	Attack	Borg Type 03.1	--	Borg Type 03.1	NO	HiggsBozo	INFINITE	SS REVENANT	YES	--	--	NO	1538968	0	3804670	0	0	5343638	0	--	--	--	--	--	--	--
25	1540	Attack	HiggsBozo	INFINITE	SS REVENANT	YES	Borg Type 03.1	--	Borg Type 03.1	NO	--	--	NO	4869855744	0	1724860	0	13281402880	7643362236	10509621248	--	--	--	--	--	--	--
25	1541	Attack	HiggsBozo	INFINITE	SS REVENANT	YES	Borg Type 03.1	--	Borg Type 03.1	NO	--	--	NO	5619661824	0	1990435	0	15326325760	8820201251	12127776768	--	--	--	--	--	--	--
25	1542	Attack	HiggsBozo	INFINITE	SS REVENANT	YES	Borg Type 03.1	--	Borg Type 03.1	NO	--	--	NO	5102464512	0	1807248	0	13915789312	8008446352	11011614720	--	--	--	--	--	--	--
25	1543	Attack	HiggsBozo	INFINITE	SS REVENANT	YES	Borg Type 03.1	--	Borg Type 03.1	NO	--	--	NO	5192179200	0	1839025	0	14160465920	8149256625	11205227520	--	--	--	--	--	--	--
25	1544	Attack	HiggsBozo	INFINITE	SS REVENANT	YES	Borg Type 03.1	--	Borg Type 03.1	NO	--	--	NO	4995223040	0	1769264	0	13623313408	7840129328	10780176384	--	--	--	--	--	--	--
25	1545	Attack	HiggsBozo	INFINITE	SS REVENANT	YES	Borg Type 03.1	--	Borg Type 03.1	NO	--	--	NO	5331307008	0	1888303	0	14539905024	8367620655	11505479680	--	--	--	--	--	--	--
25	1546	Attack	HiggsBozo	INFINITE	SS REVENANT	YES	Borg Type 03.1	--	Borg Type 03.1	NO	--	--	NO	5744578560	0	2034680	0	15667007488	9016261624	12397359104	--	--	--	--	--	--	--
25	1547	Attack	HiggsBozo	INFINITE	SS REVENANT	YES	Borg Type 03.1	--	Borg Type 03.1	NO	--	--	YES	39996727296	0	14166495	0	109081804800	62775871967	86316826624	--	--	--	--	--	--	--
25	1548	Attack	HiggsBozo	INFINITE	SS REVENANT	YES	Borg Type 03.1	--	Borg Type 03.1	NO	--	--	NO	5763391488	0	2041343	0	15718315008	9045788159	12437959680	--	--	--	--	--	--	--
25	1549	Attack	HiggsBozo	INFINITE	SS REVENANT	YES	Borg Type 03.1	--	Borg Type 03.1	NO	--	--	NO	4877509632	0	1727571	0	13302277120	7655374931	10526139392	--	--	--	--	--	--	--
25	1550	Attack	HiggsBozo	INFINITE	SS REVENANT	YES	Borg Type 03.1	--	Borg Type 03.1	NO	--	--	NO	5673338368	0	2009447	0	15472715776	8904447847	12243615744	--	--	--	--	--	--	--
25	1551	Attack	HiggsBozo	INFINITE	SS REVENANT	YES	Borg Type 03.1	--	Borg Type 03.1	NO	--	--	NO	5305972736	0	1879329	0	14470811648	8327858465	11450805248	--	--	--	--	--	--	--
25	1552	Attack	HiggsBozo	INFINITE	SS REVENANT	YES	Borg Type 03.1	--	Borg Type 03.1	NO	--	--	NO	5362756096	0	1899441	0	14625674240	8416981425	11573348352	--	--	--	--	--	--	--
25	1553	Attack	HiggsBozo	INFINITE	SS REVENANT	YES	Borg Type 03.1	--	Borg Type 03.1	NO	--	--	NO	5509802496	0	1951524	0	15026710528	8647774500	11890690048	--	--	--	--	--	--	--
25	1554	Attack	HiggsBozo	INFINITE	SS REVENANT	YES	Borg Type 03.1	--	Borg Type 03.1	NO	--	--	NO	5015219712	0	1776347	0	13677849600	7871513819	10823331840	--	--	--	--	--	--	--
25	1555	Attack	HiggsBozo	INFINITE	SS REVENANT	YES	Borg Type 03.1	--	Borg Type 03.1	NO	--	--	YES	39674011648	0	14052193	0	108201680896	62269369185	85620375552	--	--	--	--	--	--	--
25	1556	Attack	HiggsBozo	INFINITE	SS REVENANT	YES	Borg Type 03.1	--	Borg Type 03.1	NO	--	--	NO	5381805056	0	1906189	0	14677626880	8446879245	11614458880	--	--	--	--	--	--	--
25	1557	Attack	HiggsBozo	INFINITE	SS REVENANT	YES	Borg Type 03.1	--	Borg Type 03.1	NO	--	--	NO	5375266304	0	1903872	0	14659793920	8436616960	11600347136	--	--	--	--	--	--	--
25	1558	Officer Ability	HiggsBozo	INFINITE	SS REVENANT	YES	--	--	SS REVENANT	NO	--	--	--	--	--	--	--	--	--	--	Officer	0.05	Excessive Measures	Byr Ch'Kelrer	--	--	--
25	1559	Charging Weapons	Borg Type 03.1	--	Borg Type 03.1	NO	Borg Type 03.1	--	Borg Type 03.1	NO	--	--	--	--	--	--	--	--	--	--	--	--	--	--	--	--	100
25	1560	Attack	HiggsBozo	INFINITE	SS REVENANT	YES	Borg Type 03.1	--	Borg Type 03.1	NO	--	--	NO	12042712064	0	5349861	0	32843708416	18901798373	25989971968	--	--	--	--	--	--	--
25	1561	Attack	HiggsBozo	INFINITE	SS REVENANT	YES	Borg Type 03.1	--	Borg Type 03.1	NO	--	--	YES	95079841792	0	42238324	0	259308257280	149233828212	205196509184	--	--	--	--	--	--	--
25	1562	Attack	HiggsBozo	INFINITE	SS REVENANT	YES	Borg Type 03.1	--	Borg Type 03.1	NO	--	--	YES	95731408896	0	42527772	0	261085233152	150256503836	206602665984	--	--	--	--	--	--	--
25	1563	Attack	HiggsBozo	INFINITE	SS REVENANT	YES	Borg Type 03.1	--	Borg Type 03.1	NO	--	--	NO	10639928320	0	4726687	0	29017939968	16700040095	22962554880	--	--	--	--	--	--	--
25	1564	Attack	HiggsBozo	INFINITE	SS REVENANT	YES	Borg Type 03.1	--	Borg Type 03.1	NO	--	--	NO	10816007168	0	4804909	0	29498155008	16976407853	23342559232	--	--	--	--	--	--	--
25	1565	Attack	HiggsBozo	INFINITE	SS REVENANT	YES	Borg Type 03.1	--	Borg Type 03.1	NO	--	--	NO	11080686592	0	4922490	0	30220005376	17391837306	23913777152	--	--	--	--	--	--	--
25	1566	Attack	HiggsBozo	INFINITE	SS REVENANT	YES	Borg Type 03.1	--	Borg Type 03.1	NO	--	--	NO	11493327872	0	5105802	0	31345387520	18039504010	24804317184	--	--	--	--	--	--	--
25	1567	Attack	HiggsBozo	INFINITE	SS REVENANT	YES	Borg Type 03.1	--	Borg Type 03.1	NO	--	--	NO	11851275264	0	5264817	0	32321607680	18601327025	25576820736	--	--	--	--	--	--	--
25	1568	Attack	HiggsBozo	INFINITE	SS REVENANT	YES	Borg Type 03.1	--	Borg Type 03.1	NO	--	--	YES	95391973376	0	42376984	0	260159520768	149723733784	205870137344	--	--	--	--	--	--	--
25	1569	Attack	HiggsBozo	INFINITE	SS REVENANT	YES	Borg Type 03.1	--	Borg Type 03.1	NO	--	--	NO	11503780864	0	5110446	0	31373897728	18055911086	24826877952	--	--	--	--	--	--	--
25	1570	Attack	HiggsBozo	INFINITE	SS REVENANT	YES	Borg Type 03.1	--	Borg Type 03.1	NO	--	--	YES	83850641408	0	37249856	0	228683202560	131608879936	180962213888	--	--	--	--	--	--	--
25	1571	Attack	HiggsBozo	INFINITE	SS REVENANT	YES	Borg Type 03.1	--	Borg Type 03.1	NO	--	--	YES	88730148864	0	39417532	0	241990926336	139267577532	191492915200	--	--	--	--	--	--	--
25	1572	Attack	HiggsBozo	INFINITE	SS REVENANT	YES	Borg Type 03.1	--	Borg Type 03.1	NO	--	--	YES	95245975552	0	42312124	0	259761324032	149494571452	205555040256	--	--	--	--	--	--	--
25	1573	Attack	HiggsBozo	INFINITE	SS REVENANT	YES	Borg Type 03.1	--	Borg Type 03.1	NO	--	--	NO	11947580416	0	5307600	0	32584257536	18752481488	25784664064	--	--	--	--	--	--	--
25	1574	Attack	Borg Type 03.1	--	Borg Type 03.1	NO	HiggsBozo	INFINITE	SS REVENANT	YES	--	--	NO	929037	0	2296786	0	0	3225823	0	--	--	--	--	--	--	--
25	1575	Attack	Borg Type 03.1	--	Borg Type 03.1	NO	HiggsBozo	INFINITE	SS REVENANT	YES	--	--	NO	970772	0	2399964	0	0	3370736	0	--	--	--	--	--	--	--
25	1576	Attack	Borg Type 03.1	--	Borg Type 03.1	NO	HiggsBozo	INFINITE	SS REVENANT	YES	--	--	NO	949066	0	2346301	0	0	3295367	0	--	--	--	--	--	--	--
25	1577	Attack	Borg Type 03.1	--	Borg Type 03.1	NO	HiggsBozo	INFINITE	SS REVENANT	YES	--	--	NO	921374	0	2277841	0	0	3199215	0	--	--	--	--	--	--	--
25	1578	Attack	HiggsBozo	INFINITE	SS REVENANT	YES	Borg Type 03.1	--	Borg Type 03.1	NO	--	--	YES	177963253760	0	79058488	0	485353521152	279324563000	384071270400	--	--	--	--	--	--	--
25	1579	Attack	HiggsBozo	INFINITE	SS REVENANT	YES	Borg Type 03.1	--	Borg Type 03.1	NO	--	--	NO	21301366784	0	9462931	0	58094542848	33433842835	45971529728	--	--	--	--	--	--	--
25	1580	Attack	HiggsBozo	INFINITE	SS REVENANT	YES	Borg Type 03.1	--	Borg Type 03.1	NO	--	--	YES	183539695616	0	81535776	0	500562001920	288077161248	396106072064	--	--	--	--	--	--	--
25	1581	Attack	HiggsBozo	INFINITE	SS REVENANT	YES	Borg Type 03.1	--	Borg Type 03.1	NO	--	--	YES	164391895040	0	73029544	0	448340787200	258023462824	354782248960	--	--	--	--	--	--	--
25	1582	Attack	HiggsBozo	INFINITE	SS REVENANT	YES	Borg Type 03.1	--	Borg Type 03.1	NO	--	--	NO	21744386048	0	9659738	0	59302772736	34129188186	46927630336	--	--	--	--	--	--	--
25	1583	Attack	HiggsBozo	INFINITE	SS REVENANT	YES	Borg Type 03.1	--	Borg Type 03.1	NO	--	--	NO	20025325568	0	8896062	0	54614437888	31431013950	43217645568	--	--	--	--	--	--	--
25	1584	Attack	HiggsBozo	INFINITE	SS REVENANT	YES	Borg Type 03.1	--	Borg Type 03.1	NO	--	--	NO	22129186816	0	9830682	0	60352229376	34733156634	47758090240	--	--	--	--	--	--	--
25	1585	Attack	HiggsBozo	INFINITE	SS REVENANT	YES	Borg Type 03.1	--	Borg Type 03.1	NO	--	--	YES	194860711936	0	86565032	0	531437453312	305846182056	420538548224	--	--	--	--	--	--	--
25	1586	Attack	HiggsBozo	INFINITE	SS REVENANT	YES	Borg Type 03.1	--	Borg Type 03.1	NO	--	--	NO	23213021184	0	10312166	0	63308140544	36434305510	50097168384	--	--	--	--	--	--	--
25	1587	Attack	HiggsBozo	INFINITE	SS REVENANT	YES	Borg Type 03.1	--	Borg Type 03.1	NO	--	--	NO	22594611200	0	10037443	0	61621567488	35463667907	48762548224	--	--	--	--	--	--	--
25	1588	Attack	HiggsBozo	INFINITE	SS REVENANT	YES	Borg Type 03.1	--	Borg Type 03.1	NO	--	--	YES	164966187008	0	73284664	0	449907032064	258924837944	356021665792	--	--	--	--	--	--	--
25	1589	Attack	HiggsBozo	INFINITE	SS REVENANT	YES	Borg Type 03.1	--	Borg Type 03.1	NO	--	--	NO	22081148928	0	9809342	0	60221218816	34657760702	47654416384	--	--	--	--	--	--	--
25	1590	Attack	HiggsBozo	INFINITE	SS REVENANT	YES	Borg Type 03.1	--	Borg Type 03.1	NO	--	--	NO	23755397120	0	10553110	0	64787341312	37285596950	51267694592	--	--	--	--	--	--	--
25	1591	Attack	HiggsBozo	INFINITE	SS REVENANT	YES	Borg Type 03.1	--	Borg Type 03.1	NO	--	--	YES	178102992896	0	79120568	0	485734645760	279543924920	384372834304	--	--	--	--	--	--	--
25	1592	Officer Ability	HiggsBozo	INFINITE	SS REVENANT	YES	--	--	SS REVENANT	NO	--	--	--	--	--	--	--	--	--	--	Officer	0.05	Excessive Measures	Byr Ch'Kelrer	--	--	--
25	1593	Attack	Borg Type 03.1	--	Borg Type 03.1	NO	HiggsBozo	INFINITE	SS REVENANT	YES	--	--	NO	947038	0	2341287	0	0	3288325	0	--	--	--	--	--	--	--
25	1594	Attack	Borg Type 03.1	--	Borg Type 03.1	NO	HiggsBozo	INFINITE	SS REVENANT	YES	--	--	NO	973498	0	2406702	0	0	3380200	0	--	--	--	--	--	--	--
25	1595	Attack	Borg Type 03.1	--	Borg Type 03.1	NO	HiggsBozo	INFINITE	SS REVENANT	YES	--	--	NO	922841	0	2281467	0	0	3204308	0	--	--	--	--	--	--	--
25	1596	Attack	Borg Type 03.1	--	Borg Type 03.1	NO	HiggsBozo	INFINITE	SS REVENANT	YES	--	--	NO	956223	0	2363995	0	0	3320218	0	--	--	--	--	--	--	--
25	1597	Attack	HiggsBozo	INFINITE	SS REVENANT	YES	Borg Type 03.1	--	Borg Type 03.1	NO	--	--	YES	142053392384	0	331469408	0	387417735168	223074783840	306727813120	--	--	--	--	--	--	--
25	1598	Attack	HiggsBozo	INFINITE	SS REVENANT	YES	Borg Type 03.1	--	Borg Type 03.1	NO	--	--	NO	15804638208	0	36878764	0	43103490048	24818951596	34126055424	--	--	--	--	--	--	--
25	1599	Attack	HiggsBozo	INFINITE	SS REVENANT	YES	Borg Type 03.1	--	Borg Type 03.1	NO	--	--	NO	15878189056	0	37050388	0	43304083456	24934453268	34284869632	--	--	--	--	--	--	--
25	1600	Attack	HiggsBozo	INFINITE	SS REVENANT	YES	Borg Type 03.1	--	Borg Type 03.1	NO	--	--	NO	15184067584	0	35430716	0	41411026944	23844433212	32786092032	--	--	--	--	--	--	--
25	1601	Attack	HiggsBozo	INFINITE	SS REVENANT	YES	Borg Type 03.1	--	Borg Type 03.1	NO	--	--	YES	130972860416	0	305613920	0	357198135296	205674351712	282802257920	--	--	--	--	--	--	--
25	1602	Attack	HiggsBozo	INFINITE	SS REVENANT	YES	Borg Type 03.1	--	Borg Type 03.1	NO	--	--	NO	15679380480	0	36586488	0	42761875456	24622247928	33855594496	--	--	--	--	--	--	--
25	1603	Attack	HiggsBozo	INFINITE	SS REVENANT	YES	Borg Type 03.1	--	Borg Type 03.1	NO	--	--	NO	17038102528	0	39756948	0	46467477504	26755929236	36789407744	--	--	--	--	--	--	--
25	1604	Attack	HiggsBozo	INFINITE	SS REVENANT	YES	Borg Type 03.1	--	Borg Type 03.1	NO	--	--	NO	15762294784	0	36779960	0	42988007424	24752455608	34034626560	--	--	--	--	--	--	--
25	1605	Attack	HiggsBozo	INFINITE	SS REVENANT	YES	Borg Type 03.1	--	Borg Type 03.1	NO	--	--	YES	135326769152	0	315773408	0	369072406528	212511551968	292203397120	--	--	--	--	--	--	--
25	1606	Attack	HiggsBozo	INFINITE	SS REVENANT	YES	Borg Type 03.1	--	Borg Type 03.1	NO	--	--	NO	17190793216	0	40113240	0	46883905536	26995709016	37119102976	--	--	--	--	--	--	--
25	1607	Attack	HiggsBozo	INFINITE	SS REVENANT	YES	Borg Type 03.1	--	Borg Type 03.1	NO	--	--	NO	17314484224	0	40401860	0	47221239808	27189947332	37386178560	--	--	--	--	--	--	--
25	1608	Attack	HiggsBozo	INFINITE	SS REVENANT	YES	Borg Type 03.1	--	Borg Type 03.1	NO	--	--	NO	15106232320	0	35249096	0	41198751744	23722204104	32618029056	--	--	--	--	--	--	--
25	1609	Attack	HiggsBozo	INFINITE	SS REVENANT	YES	Borg Type 03.1	--	Borg Type 03.1	NO	--	--	NO	14895887360	0	34758272	0	40625082368	23391885952	32163842048	--	--	--	--	--	--	--
25	1610	Attack	HiggsBozo	INFINITE	SS REVENANT	YES	Borg Type 03.1	--	Borg Type 03.1	NO	--	--	NO	16161684480	0	37711904	0	44077248512	25379638304	34897006592	--	--	--	--	--	--	--
25	1611	Attack	HiggsBozo	INFINITE	SS REVENANT	YES	Borg Type 03.1	--	Borg Type 03.1	NO	--	--	NO	16783948800	0	39163904	0	45774331904	26356818944	36240625664	--	--	--	--	--	--	--
25	1612	Attack	HiggsBozo	INFINITE	SS REVENANT	YES	Borg Type 03.1	--	Borg Type 03.1	NO	--	--	NO	16593171456	0	38718740	0	45254029312	26057228564	35828690944	--	--	--	--	--	--	--
25	1613	Attack	HiggsBozo	INFINITE	SS REVENANT	YES	Borg Type 03.1	--	Borg Type 03.1	NO	--	--	NO	14515417088	0	33870480	0	39587438592	22794410640	31342315520	--	--	--	--	--	--	--
25	1614	Attack	HiggsBozo	INFINITE	SS REVENANT	YES	Borg Type 03.1	--	Borg Type 03.1	NO	--	--	YES	136831246336	0	319283968	0	373175517184	214874129152	295451918336	--	--	--	--	--	--	--
26	1616	battle_action_type_{0}	HiggsBozo	INFINITE	SS REVENANT	YES	--	--	SS REVENANT	NO	--	--	--	--	--	--	--	--	--	--	--	--	1289351	--	--	--	--
26	1617	Officer Ability	HiggsBozo	INFINITE	SS REVENANT	YES	--	--	SS REVENANT	NO	--	--	--	--	--	--	--	--	--	--	Officer	1	Knock it Down	B'Elanna Torres	--	--	--
26	1618	Officer Ability	HiggsBozo	INFINITE	SS REVENANT	YES	--	--	SS REVENANT	NO	--	--	--	--	--	--	--	--	--	--	Officer	1	Now We're Cooking	Neelix	--	--	--
26	1619	Officer Ability	HiggsBozo	INFINITE	SS REVENANT	YES	--	--	SS REVENANT	NO	--	--	--	--	--	--	--	--	--	--	Officer	0.05	Excessive Measures	Byr Ch'Kelrer	--	--	--
26	1620	Officer Ability	HiggsBozo	INFINITE	SS REVENANT	YES	--	--	SS REVENANT	NO	--	--	--	--	--	--	--	--	--	--	Officer	1	The Looking Glass	Toli	--	--	--
26	1621	Attack	Borg Type 03.1	--	Borg Type 03.1	NO	HiggsBozo	INFINITE	SS REVENANT	YES	--	--	NO	1649610	0	4078203	0	0	5727813	0	--	--	--	--	--	--	--
26	1622	Attack	Borg Type 03.1	--	Borg Type 03.1	NO	HiggsBozo	INFINITE	SS REVENANT	YES	--	--	NO	1628324	0	4025579	0	0	5653903	0	--	--	--	--	--	--	--
26	1623	Attack	HiggsBozo	INFINITE	SS REVENANT	YES	Borg Type 03.1	--	Borg Type 03.1	NO	--	--	NO	5477526528	0	1443737	0	14938685440	8596907929	11820747776	--	--	--	--	--	--	--
26	1624	Attack	HiggsBozo	INFINITE	SS REVENANT	YES	Borg Type 03.1	--	Borg Type 03.1	NO	--	--	NO	5436363776	0	1432887	0	14826422272	8532303159	11731915776	--	--	--	--	--	--	--
26	1625	Attack	HiggsBozo	INFINITE	SS REVENANT	YES	Borg Type 03.1	--	Borg Type 03.1	NO	--	--	NO	5276504064	0	1390752	0	14390443008	8281405600	11386932224	--	--	--	--	--	--	--
26	1626	Attack	HiggsBozo	INFINITE	SS REVENANT	YES	Borg Type 03.1	--	Borg Type 03.1	NO	--	--	YES	45604474880	0	12020183	0	124375638016	71575632343	98416500736	--	--	--	--	--	--	--
26	1627	Attack	HiggsBozo	INFINITE	SS REVENANT	YES	Borg Type 03.1	--	Borg Type 03.1	NO	--	--	NO	5848004608	0	1541385	0	15949077504	9178368265	12620255232	--	--	--	--	--	--	--
26	1628	Attack	HiggsBozo	INFINITE	SS REVENANT	YES	Borg Type 03.1	--	Borg Type 03.1	NO	--	--	NO	5492138496	0	1447588	0	14978535424	8619840676	11852280832	--	--	--	--	--	--	--
26	1629	Attack	HiggsBozo	INFINITE	SS REVENANT	YES	Borg Type 03.1	--	Borg Type 03.1	NO	--	--	NO	5352351232	0	1410744	0	14597298176	8400446648	11550613504	--	--	--	--	--	--	--
26	1630	Attack	HiggsBozo	INFINITE	SS REVENANT	YES	Borg Type 03.1	--	Borg Type 03.1	NO	--	--	NO	5677393920	0	1496417	0	15483777024	8910596449	12252070912	--	--	--	--	--	--	--
26	1631	Attack	HiggsBozo	INFINITE	SS REVENANT	YES	Borg Type 03.1	--	Borg Type 03.1	NO	--	--	NO	4987003392	0	1314447	0	13600897024	7827037327	10762177536	--	--	--	--	--	--	--
26	1632	Attack	HiggsBozo	INFINITE	SS REVENANT	YES	Borg Type 03.1	--	Borg Type 03.1	NO	--	--	NO	5355662848	0	1411616	0	14606328832	8405643296	11557760000	--	--	--	--	--	--	--
26	1633	Attack	HiggsBozo	INFINITE	SS REVENANT	YES	Borg Type 03.1	--	Borg Type 03.1	NO	--	--	NO	5490850304	0	1447248	0	14975022080	8617818960	11849500672	--	--	--	--	--	--	--
26	1634	Attack	HiggsBozo	INFINITE	SS REVENANT	YES	Borg Type 03.1	--	Borg Type 03.1	NO	--	--	NO	5017968128	0	1322609	0	13685346304	7875637361	10828999680	--	--	--	--	--	--	--
26	1635	Attack	HiggsBozo	INFINITE	SS REVENANT	YES	Borg Type 03.1	--	Borg Type 03.1	NO	--	--	NO	5452033536	0	1437017	0	14869157888	8556896089	11765732352	--	--	--	--	--	--	--
26	1636	Attack	HiggsBozo	INFINITE	SS REVENANT	YES	Borg Type 03.1	--	Borg Type 03.1	NO	--	--	NO	5823856128	0	1535020	0	15883217920	9140467244	12568141824	--	--	--	--	--	--	--
26	1637	Attack	HiggsBozo	INFINITE	SS REVENANT	YES	Borg Type 03.1	--	Borg Type 03.1	NO	--	--	NO	5107287552	0	1346151	0	13928943616	8015821927	11021755392	--	--	--	--	--	--	--
26	1638	Attack	HiggsBozo	INFINITE	SS REVENANT	YES	Borg Type 03.1	--	Borg Type 03.1	NO	--	--	NO	5224409088	0	1377021	0	14248366080	8199642877	11274509312	--	--	--	--	--	--	--
26	1639	Attack	HiggsBozo	INFINITE	SS REVENANT	YES	Borg Type 03.1	--	Borg Type 03.1	NO	--	--	NO	5880491520	0	1549948	0	16037679104	9229356156	12690364416	--	--	--	--	--	--	--
26	1640	Attack	HiggsBozo	INFINITE	SS REVENANT	YES	Borg Type 03.1	--	Borg Type 03.1	NO	--	--	NO	5413450752	0	1426848	0	14763932672	8496341408	11682468864	--	--	--	--	--	--	--
26	1641	Officer Ability	HiggsBozo	INFINITE	SS REVENANT	YES	--	--	SS REVENANT	NO	--	--	--	--	--	--	--	--	--	--	Officer	0.05	Excessive Measures	Byr Ch'Kelrer	--	--	--
26	1642	Charging Weapons	Borg Type 03.1	--	Borg Type 03.1	NO	Borg Type 03.1	--	Borg Type 03.1	NO	--	--	--	--	--	--	--	--	--	--	--	--	--	--	--	--	100
26	1643	Attack	HiggsBozo	INFINITE	SS REVENANT	YES	Borg Type 03.1	--	Borg Type 03.1	NO	--	--	NO	11918138368	0	3986984	0	32503961600	18705721896	25720365056	--	--	--	--	--	--	--
26	1644	Attack	HiggsBozo	INFINITE	SS REVENANT	YES	Borg Type 03.1	--	Borg Type 03.1	NO	--	--	NO	10132600832	0	3389667	0	27634323456	15903289571	21867024384	--	--	--	--	--	--	--
26	1645	Attack	HiggsBozo	INFINITE	SS REVENANT	YES	Borg Type 03.1	--	Borg Type 03.1	NO	--	--	NO	12216625152	0	4086837	0	33318014976	19174200373	26364526592	--	--	--	--	--	--	--
26	1646	Attack	HiggsBozo	INFINITE	SS REVENANT	YES	Borg Type 03.1	--	Borg Type 03.1	NO	--	--	YES	85588803584	0	28632090	0	233423618048	134333080602	184707973120	--	--	--	--	--	--	--
26	1647	Attack	HiggsBozo	INFINITE	SS REVENANT	YES	Borg Type 03.1	--	Borg Type 03.1	NO	--	--	NO	11753578496	0	3931934	0	32055162880	18447441694	25365231616	--	--	--	--	--	--	--
26	1648	Attack	HiggsBozo	INFINITE	SS REVENANT	YES	Borg Type 03.1	--	Borg Type 03.1	NO	--	--	YES	83399802880	0	27899802	0	227453632512	130897409946	179983925248	--	--	--	--	--	--	--
26	1649	Attack	HiggsBozo	INFINITE	SS REVENANT	YES	Borg Type 03.1	--	Borg Type 03.1	NO	--	--	NO	11883706368	0	3975465	0	32410054656	18651679017	25646057472	--	--	--	--	--	--	--
26	1650	Attack	HiggsBozo	INFINITE	SS REVENANT	YES	Borg Type 03.1	--	Borg Type 03.1	NO	--	--	NO	10142745600	0	3393060	0	27661987840	15919211044	21888915456	--	--	--	--	--	--	--
26	1651	Attack	HiggsBozo	INFINITE	SS REVENANT	YES	Borg Type 03.1	--	Borg Type 03.1	NO	--	--	NO	10353045504	0	3463412	0	28235532288	16249280756	22342760448	--	--	--	--	--	--	--
26	1652	Attack	HiggsBozo	INFINITE	SS REVENANT	YES	Borg Type 03.1	--	Borg Type 03.1	NO	--	--	NO	11139747840	0	3726588	0	30381082624	17484025084	24040531968	--	--	--	--	--	--	--
26	1653	Attack	HiggsBozo	INFINITE	SS REVENANT	YES	Borg Type 03.1	--	Borg Type 03.1	NO	--	--	NO	11146221568	0	3728754	0	30398736384	17494183282	24054503424	--	--	--	--	--	--	--
26	1654	Attack	HiggsBozo	INFINITE	SS REVENANT	YES	Borg Type 03.1	--	Borg Type 03.1	NO	--	--	YES	87755399168	0	29356884	0	239332507648	137733575508	189383688192	--	--	--	--	--	--	--
26	1655	Attack	HiggsBozo	INFINITE	SS REVENANT	YES	Borg Type 03.1	--	Borg Type 03.1	NO	--	--	NO	11513160704	0	3851507	0	31399479296	18070102259	24846389248	--	--	--	--	--	--	--
26	1656	Attack	HiggsBozo	INFINITE	SS REVENANT	YES	Borg Type 03.1	--	Borg Type 03.1	NO	--	--	NO	11591270400	0	3877637	0	31612504064	18192696069	25014956032	--	--	--	--	--	--	--
26	1657	Attack	Borg Type 03.1	--	Borg Type 03.1	NO	HiggsBozo	INFINITE	SS REVENANT	YES	--	--	NO	921282	0	2277614	0	0	3198896	0	--	--	--	--	--	--	--
26	1658	Attack	Borg Type 03.1	--	Borg Type 03.1	NO	HiggsBozo	INFINITE	SS REVENANT	YES	--	--	NO	939569	0	2322823	0	0	3262392	0	--	--	--	--	--	--	--
26	1659	Attack	Borg Type 03.1	--	Borg Type 03.1	NO	HiggsBozo	INFINITE	SS REVENANT	YES	--	--	NO	927543	0	2293092	0	0	3220635	0	--	--	--	--	--	--	--
26	1660	Attack	Borg Type 03.1	--	Borg Type 03.1	NO	HiggsBozo	INFINITE	SS REVENANT	YES	--	--	NO	940659	0	2325518	0	0	3266177	0	--	--	--	--	--	--	--
26	1661	Charging Weapons	HiggsBozo	INFINITE	SS REVENANT	YES	Borg Type 03.1	--	Borg Type 03.1	NO	--	--	--	--	--	--	--	--	--	--	--	--	--	--	--	--	100
26	1662	Officer Ability	HiggsBozo	INFINITE	SS REVENANT	YES	--	--	SS REVENANT	NO	--	--	--	--	--	--	--	--	--	--	Officer	0.05	Excessive Measures	Byr Ch'Kelrer	--	--	--
26	1663	Attack	Borg Type 03.1	--	Borg Type 03.1	NO	HiggsBozo	INFINITE	SS REVENANT	YES	--	--	YES	469082	0	1159673	0	0	1628755	0	--	--	--	--	--	--	--
26	1664	Attack	Borg Type 03.1	--	Borg Type 03.1	NO	HiggsBozo	INFINITE	SS REVENANT	YES	--	--	NO	906071	0	2240009	0	0	3146080	0	--	--	--	--	--	--	--
26	1665	Attack	Borg Type 03.1	--	Borg Type 03.1	NO	HiggsBozo	INFINITE	SS REVENANT	YES	--	--	NO	947899	0	2343417	0	0	3291316	0	--	--	--	--	--	--	--
26	1666	Attack	Borg Type 03.1	--	Borg Type 03.1	NO	HiggsBozo	INFINITE	SS REVENANT	YES	--	--	NO	951673	0	2352747	0	0	3304420	0	--	--	--	--	--	--	--
26	1667	Charging Weapons	HiggsBozo	INFINITE	SS REVENANT	YES	Borg Type 03.1	--	Borg Type 03.1	NO	--	--	--	--	--	--	--	--	--	--	--	--	--	--	--	--	100

