Default Order,OfficerName,AbilityType,OfficerSynergy,AbilityModifier,AbilityConditions,AbilityTrigger,AbilityTarget,AbilityOperation,AbilityAttributes,AbilityDescription,AbilityDescriptionShort,AbilityChances,AbilityValues,AbilityHasChance,AbilityShowPercentage,Tag_PvPinSpace,Tag_PvPinSpace_Reason,Tag_PvPStation,Tag_PvPStation_Reason,Tag_NonArmadaHostiles,Tag_NonArmadaHostiles_Reason,Tag_WaveDefense,Tag_WaveDefense_Reason,Tag_MissionBosses,Tag_MissionBosses_Reason,Tag_QTrial,Tag_QTrial_Reason,Tag_SoloArmadas,Tag_SoloArmadas_Reason,Tag_GroupArmadas,Tag_GroupArmadas_Reason,Tag_Assaults,Tag_Assaults_Reason,Tag_InvadingEntities,Tag_InvadingEntities_Reason,Tag_OutpostArmadas,Tag_OutpostArmadas_Reason,Tag_OutpostRetaliators,Tag_OutpostRetaliators_Reason,Tag_Loot,Tag_Loot_Reason,Tag_Utility,Tag_Utility_Reason,AbilityID,OfficerId,OfficerArt,OfficerRarity,Requires_StateSelf,Requires_StateTarget,Conditional_Reason,AbilityChance_1,AbilityChance_2,AbilityChance_3,AbilityChance_4,AbilityChance_5,AbilityValue_1,AbilityValue_2,AbilityValue_3,AbilityValue_4,AbilityValue_5,Column 1,Column 2
1,KIRK,CM,ENTERPRISE CREW,OfficerStatAll,SelfHasMorale,RoundStart,SelfAll,MultiplyAdd,num_rounds=1,"As long as the ship has Morale, Kirk gives all Officers on the ship a bonus of X to all their stats.",X to all Officer stats when the ship has Morale,"1.0, 1.0, 1.0","0.4, 0.1, 0.2",FALSE,TRUE,✴️,SelfHasMorale,✴️,SelfHasMorale,✴️,SelfHasMorale,✴️,SelfHasMorale,✴️,SelfHasMorale,✴️,SelfHasMorale,✴️,SelfHasMorale,✴️,SelfHasMorale,✴️,SelfHasMorale,✴️,SelfHasMorale,✴️,SelfHasMorale,✴️,SelfHasMorale,➖,OfficerStatAll,➖,OfficerStatAll,4102716881,988947581,1,Epic,Morale,,SelfHasMorale,1,1,1,,,0.4,0.1,0.2,,,,
2,KIRK,OA,ENTERPRISE CREW,AddState,,RoundStart,SelfShip,Set,"num_rounds=2, state=8","At the beginning of each round, Kirk has a X chance of inspiring Morale to the ship for 2 rounds.",X chance to inspire Morale to his ship each round for 2 rounds,"0.5, 0.6, 0.7, 0.75, 0.8","0.5, 0.6, 0.7, 0.75, 0.8",TRUE,TRUE,✅,,✅,,✅,,✅,,✅,,✅,,✅,,✅,,✅,,✅,,✅,,✅,,➖,AddState,➖,AddState,2068068163,988947581,1,Epic,,,,0.5,0.6,0.7,0.75,0.8,0.5,0.6,0.7,0.75,0.8,,
3,SPOCK,CM,ENTERPRISE CREW,Accuracy,,RoundStart,SelfShip,MultiplyAdd,,Spock increases the Accuracy of the ship by X at the beginning of each Round in combat.,+X to the ship's Accuracy at the start of each Round,"1.0, 1.0, 1.0","0.15, 0.05, 0.1",FALSE,TRUE,✅,,✅,,✅,,✅,,✅,,✅,,✅,,✅,,✅,,✅,,✅,,✅,,➖,Accuracy,➖,Accuracy,869555258,766809588,2,Rare,,,,1,1,1,,,0.15,0.05,0.1,,,,
4,SPOCK,OA,ENTERPRISE CREW,ShieldHPRepair,SelfHasMorale,RoundStart,SelfShip,MultiplyBaseAdd,officer_stat=2,"While the ship has Morale, Spock restores Shield Health to an amount equal to X of the Defense of the Officers on the ship.",X of total Officer Defense on the ship restored to the Shield when having Morale,"1.0, 1.0, 1.0, 1.0, 1.0","0.25, 0.5, 1.0, 4.0, 7.5",FALSE,TRUE,✴️,SelfHasMorale,✴️,SelfHasMorale,✴️,SelfHasMorale,✴️,SelfHasMorale,✴️,SelfHasMorale,✴️,SelfHasMorale,✴️,SelfHasMorale,✴️,SelfHasMorale,✴️,SelfHasMorale,✴️,SelfHasMorale,✴️,SelfHasMorale,✴️,SelfHasMorale,➖,ShieldHPRepair,➖,ShieldHPRepair,2500262645,766809588,2,Rare,Morale,,SelfHasMorale,1,1,1,1,1,0.25,0.5,1,4,7.5,,
5,BONES,CM,ENTERPRISE CREW,OffAbilityEffect,TargetMaxLevel,CombatStart,SelfBridge,MultiplyAdd,max_level=70,McCoy gives a bonus of X to all the Officer Abilities of the Officers on the bridge during combat. Works against Hostiles of level 70 and under.,+X bonus to Officer Abilities during combat,"1.0, 1.0, 1.0","0.2, 0.07, 0.15",FALSE,TRUE,✴️,target level 70 or under,✴️,target level 70 or under,✴️,target level 70 or under,✴️,target level 70 or under,✴️,target level 70 or under,✴️,target level 70 or under,✴️,target level 70 or under,✴️,target level 70 or under,✴️,target level 70 or under,✴️,target level 70 or under,✴️,target level 70 or under,✴️,target level 70 or under,➖,OffAbilityEffect,➖,OffAbilityEffect,188993107,3923643019,3,Rare,,,target level 70 or under,1,1,1,,,0.2,0.07,0.15,,,,
6,BONES,OA,ENTERPRISE CREW,OfficerStatDefense,TargetMaxLevel,HitTaken,SelfBridge,MultiplyAdd,max_level=70,"Every time the ship gets hit by a weapon attack, McCoy increases the Defense of all the officers on the Bridge by X. Works against Hostiles of level 70 and under. -- (Weapons with multiple shots will only trigger this ability once per attack.)",+X to the Defense of the Bridge Officers when hit,"1.0, 1.0, 1.0, 1.0, 1.0","0.1, 0.15, 0.2, 0.25, 0.3",FALSE,TRUE,✴️,target level 70 or under,✴️,target level 70 or under,✴️,target level 70 or under,✴️,target level 70 or under,✴️,target level 70 or under,✴️,target level 70 or under,✴️,target level 70 or under,✴️,target level 70 or under,✴️,target level 70 or under,✴️,target level 70 or under,✴️,target level 70 or under,✴️,target level 70 or under,➖,OfficerStatDefense,➖,OfficerStatDefense,1520108895,3923643019,3,Rare,,,target level 70 or under,1,1,1,1,1,0.1,0.15,0.2,0.25,0.3,,
7,SCOTTY,CM,ENTERPRISE CREW,RepairTime,,ShipLaunched,SelfShip,MultiplyAdd,,Scotty reduces the time needed to repair the ship by X.,+X to this ship's repair speed,"1.0, 1.0, 1.0","0.1, 0.05, 0.1",FALSE,TRUE,➖,RepairTime,➖,RepairTime,➖,RepairTime,➖,RepairTime,➖,RepairTime,➖,RepairTime,➖,RepairTime,➖,RepairTime,➖,RepairTime,➖,RepairTime,➖,RepairTime,➖,RepairTime,➖,RepairTime,✅,,233399498,3155244352,4,Uncommon,,,,1,1,1,,,0.1,0.05,0.1,,,,
8,SCOTTY,OA,ENTERPRISE CREW,HullHPMax,,ShipLaunched,SelfShip,MultiplyAdd,,Scotty increases the total Hull Health of the ship by X of its original Hull Health.,+X to this ship's Hull Health,"1.0, 1.0, 1.0, 1.0, 1.0","0.1, 0.12, 0.14, 0.16, 0.2",FALSE,TRUE,✅,,✅,,✅,,✅,,✅,,✅,,✅,,✅,,✅,,✅,,✅,,✅,,➖,HullHPMax,➖,HullHPMax,1704676580,3155244352,4,Uncommon,,,,1,1,1,1,1,0.1,0.12,0.14,0.16,0.2,,
9,SULU,CM,ENTERPRISE CREW,AddState,,CriticalShotTaken,SelfShip,Set,"num_rounds=2, state=8","When the ship is getting hit by a Critical Hit, Sulu has a X chance of inspiring Morale to the ship for one round.",X chance to Inspire Morale after being hit by a critical hit,"0.4, 0.1, 0.2","1.0, 1.0, 1.0",TRUE,TRUE,✅,,✅,,✅,,✅,,✅,,✅,,✅,,✅,,✅,,✅,,✅,,✅,,➖,AddState,➖,AddState,3346498472,2520801863,5,Uncommon,,,,0.4,0.1,0.2,,,1,1,1,,,,
10,SULU,OA,ENTERPRISE CREW,AllDamage,"SelfHasMorale, ModuleEnergy",RoundStart,SelfShip,MultiplyAdd,num_rounds=1,"When the ship has Morale, Sulu increases the total damage made by Energy Weapons by X.",+X to Energy Damage when the ship has Morale,"1.0, 1.0, 1.0, 1.0, 1.0","0.15, 0.2, 0.25, 0.3, 0.4",FALSE,TRUE,✴️,"SelfHasMorale, ModuleEnergy",✴️,"SelfHasMorale, ModuleEnergy",✴️,"SelfHasMorale, ModuleEnergy",✴️,"SelfHasMorale, ModuleEnergy",✴️,"SelfHasMorale, ModuleEnergy",✴️,"SelfHasMorale, ModuleEnergy",✴️,"SelfHasMorale, ModuleEnergy",✴️,"SelfHasMorale, ModuleEnergy",✴️,"SelfHasMorale, ModuleEnergy",✴️,"SelfHasMorale, ModuleEnergy",✴️,"SelfHasMorale, ModuleEnergy",✴️,"SelfHasMorale, ModuleEnergy",➖,AllDamage,➖,AllDamage,1840304835,2520801863,5,Uncommon,Morale,,"SelfHasMorale, ModuleEnergy",1,1,1,1,1,0.15,0.2,0.25,0.3,0.4,,
11,ARKADY,CM,ENTERPRISE CREW,AddState,,ShieldsDepleted,SelfShip,Set,"num_rounds=3, state=8","When the shield is depleted, Arkady has a X chance of inspiring Morale to the ship for 3 rounds.",X chance to inspire Morale for 3 rounds when the Shield is depleted,"0.5, 0.1, 0.2","1.0, 1.0, 1.0",TRUE,TRUE,✅,,✅,,✅,,✅,,✅,,✅,,✅,,✅,,✅,,✅,,✅,,✅,,➖,AddState,➖,AddState,4151870740,282462507,6,Uncommon,,,,0.5,0.1,0.2,,,1,1,1,,,,
12,ARKADY,OA,ENTERPRISE CREW,ShieldHPMax,,ShipLaunched,SelfShip,MultiplyAdd,,Arkady increases the Shield Health of the ship by X.,+X to the Shield Health of the Ship,"1.0, 1.0, 1.0, 1.0, 1.0","0.1, 0.12, 0.14, 0.16, 0.2",FALSE,TRUE,✅,,✅,,✅,,✅,,✅,,✅,,✅,,✅,,✅,,✅,,✅,,✅,,➖,ShieldHPMax,➖,ShieldHPMax,3062248728,282462507,6,Uncommon,,,,1,1,1,1,1,0.1,0.12,0.14,0.16,0.2,,
13,UHURA,CM,ENTERPRISE CREW,AllReloadSpeed,,ShieldsDepleted,EnemyShip,Add,num_rounds=2,"When the shield is depleted, Uhura has a X chance of delaying the next opponent weapon fire by one Round.",X chance to delay opponent's fire by 1 round when the Shield is depleted,"0.5, 0.1, 0.2","1.0, 0.0, 0.0",TRUE,TRUE,✅,,✅,,✅,,✅,,✅,,✅,,✅,,✅,,✅,,✅,,✅,,✅,,➖,AllReloadSpeed,➖,AllReloadSpeed,3587051486,2695272429,7,Rare,,,,0.5,0.1,0.2,,,1,0,0,,,,
14,UHURA,OA,ENTERPRISE CREW,Accuracy,,ShipLaunched,SelfShip,MultiplyAdd,,Uhura increases the Accuracy of the ship she's in by X.,+X to this ship's Accuracy,"1.0, 1.0, 1.0, 1.0, 1.0","0.4, 0.5, 0.6, 0.7, 0.8",FALSE,TRUE,✅,,✅,,✅,,✅,,✅,,✅,,✅,,✅,,✅,,✅,,✅,,✅,,➖,Accuracy,➖,Accuracy,2416805344,2695272429,7,Rare,,,,1,1,1,1,1,0.4,0.5,0.6,0.7,0.8,,
15,GORKON,CM,KLINGON PATRIOTS,CritChance,,CombatStart,SelfShip,Add,num_rounds=2,Gorkon increases the chances of dealing a Critical Hit by  X for the first 2 Rounds.,+X bonus to Critical Hit Chances for the first 2 Rounds,"1.0, 1.0, 1.0","0.1, 0.05, 0.1",FALSE,TRUE,✅,,✅,,✅,,✅,,✅,,✅,,✅,,✅,,✅,,✅,,✅,,✅,,➖,CritChance,➖,CritChance,674724565,1465017198,8,Epic,,,,1,1,1,,,0.1,0.05,0.1,,,,
16,GORKON,OA,KLINGON PATRIOTS,AddState,,CriticalShotFired,EnemyShip,Set,"num_rounds=3, state=4","When the ship hits the opponent with a Critical Hit, Gorkon has a X chance of causing a Hull Breach for three rounds on the opponent's ship.",X chance to cause a Hull Breach for 3 Rounds when hitting with a Critical Hit,"0.7, 0.75, 0.8, 0.85, 0.9","0.7, 0.75, 0.8, 0.85, 0.9",TRUE,TRUE,✅,,✅,,✅,,✅,,✅,,✅,,✅,,✅,,✅,,✅,,✅,,✅,,➖,AddState,➖,AddState,3732921554,1465017198,8,Epic,,,,0.7,0.75,0.8,0.85,0.9,0.7,0.75,0.8,0.85,0.9,,
17,CHANG,CM,KLINGON PATRIOTS,AllDamage,HullHealthBelow,RoundStart,SelfShip,MultiplyAdd,"num_rounds=1, percentage=0.6","As long as the opponent's ship Hull Health is under 60%, Chang increases the Damage of the weapons by X.",+X to Damage if the opponent's Hull Health under 60%,"1.0, 1.0, 1.0","0.1, 0.1, 0.2",FALSE,TRUE,✴️,HullHealthBelow,✴️,HullHealthBelow,✴️,HullHealthBelow,✴️,HullHealthBelow,✴️,HullHealthBelow,✴️,HullHealthBelow,✴️,HullHealthBelow,✴️,HullHealthBelow,✴️,HullHealthBelow,✴️,HullHealthBelow,✴️,HullHealthBelow,✴️,HullHealthBelow,➖,AllDamage,➖,AllDamage,242644831,1730335425,9,Rare,,,HullHealthBelow,1,1,1,,,0.1,0.1,0.2,,,,
18,CHANG,OA,KLINGON PATRIOTS,AllReloadSpeed,"TargetNotArmada, TargetNotASB, TargetHasHullBreach",CriticalShotFired,EnemyShip,Add,num_rounds=1,"If the ship deals a Critical Hit to the opponent's ship while it has a Hull Breach, Chang has a X chance of delaying its next weapon attack by 1 round.",X chance to delay opponent's weapon fire for 1 round with a Critical Hit on a Hull Breach,"0.3, 0.35, 0.4, 0.45, 0.5","1.0, 1.0, 1.0, 1.0, 1.0",TRUE,TRUE,✴️,TargetHasHullBreach,✴️,TargetHasHullBreach,✴️,TargetHasHullBreach,✴️,TargetHasHullBreach,✴️,TargetHasHullBreach,✴️,TargetHasHullBreach,➖,TargetNotArmada,➖,TargetNotArmada,➖,TargetNotASB,➖,TargetNotArmada,✴️,TargetHasHullBreach,✴️,TargetHasHullBreach,➖,AllReloadSpeed,➖,AllReloadSpeed,2157413500,1730335425,9,Rare,,Hull Breach,TargetHasHullBreach,0.3,0.35,0.4,0.45,0.5,1,1,1,1,1,,
19,KERLA,CM,KLINGON PATRIOTS,ShipDodge,,ShieldsDepleted,SelfShip,MultiplyAdd,,"When the shields are depleted during battle, Kerla increases the Dodge of the ship by X.",+X to Dodge when the Shields are depleted,"1.0, 1.0, 1.0","0.5, 0.1, 0.25",FALSE,TRUE,✅,,✅,,✅,,✅,,✅,,✅,,✅,,✅,,✅,,✅,,✅,,✅,,➖,ShipDodge,➖,ShipDodge,228933399,3880112208,10,Rare,,,,1,1,1,,,0.5,0.1,0.25,,,,
20,KERLA,OA,KLINGON PATRIOTS,CritDamage,ModuleKinetic,CombatStart,SelfShip,Add,,Kerla increases the Critical Hit Damage by X when firing with a Kinetic Weapon.,+X to Critical Damage with Kinetic weapons,"1.0, 1.0, 1.0, 1.0, 1.0","0.2, 0.25, 0.3, 0.4, 0.5",FALSE,TRUE,✴️,ModuleKinetic,✴️,ModuleKinetic,✴️,ModuleKinetic,✴️,ModuleKinetic,✴️,ModuleKinetic,✴️,ModuleKinetic,✴️,ModuleKinetic,✴️,ModuleKinetic,✴️,ModuleKinetic,✴️,ModuleKinetic,✴️,ModuleKinetic,✴️,ModuleKinetic,➖,CritDamage,➖,CritDamage,1118413176,3880112208,10,Rare,,,ModuleKinetic,1,1,1,1,1,0.2,0.25,0.3,0.4,0.5,,
21,AZETBUR,CM,KLINGON PATRIOTS,AddState,HitEnemyWithKinetic,EnemyTakesHit,EnemyShip,Set,"num_rounds=2, state=4","When hitting the enemy with a Kinetic weapon attack, Azetbur has a X chance of causing a Hull Breach for 2 rounds on the opponent's ship. -- (Weapons with multiple shots will only trigger this ability once per attack.)",X to cause a Hull Breach for 2 rounds after hitting with a kinetic weapon,"0.2, 0.05, 0.15","1.0, 1.0, 1.0",TRUE,TRUE,✴️,HitEnemyWithKinetic,✴️,HitEnemyWithKinetic,✴️,HitEnemyWithKinetic,✴️,HitEnemyWithKinetic,✴️,HitEnemyWithKinetic,✴️,HitEnemyWithKinetic,✴️,HitEnemyWithKinetic,✴️,HitEnemyWithKinetic,✴️,HitEnemyWithKinetic,✴️,HitEnemyWithKinetic,✴️,HitEnemyWithKinetic,✴️,HitEnemyWithKinetic,➖,AddState,➖,AddState,1262973132,2475235160,11,Rare,,,HitEnemyWithKinetic,0.2,0.05,0.15,,,1,1,1,,,,
22,AZETBUR,OA,KLINGON PATRIOTS,ArmorPiercing,,EnemyTakesHit,SelfShip,MultiplyAdd,,"Every time the ship hits the opponent with a weapon attack, Azetbur increases the Armor Piercing of the ship by X. -- (Weapons with multiple shots will only trigger this ability once per attack.)",+X To Armor Piercing every time the ship hits,"1.0, 1.0, 1.0, 1.0, 1.0","0.1, 0.15, 0.2, 0.3, 0.4",FALSE,TRUE,✅,,✅,,✅,,✅,,✅,,✅,,✅,,✅,,✅,,✅,,✅,,✅,,➖,ArmorPiercing,➖,ArmorPiercing,3301945997,2475235160,11,Rare,,,,1,1,1,1,1,0.1,0.15,0.2,0.3,0.4,,
23,KOTH,CM,KLINGON PATRIOTS,RepairTime,SelfInterceptor,ShipRecalled,SelfShip,MultiplyAdd,,Koth decreases the time needed to repair the ship by X if it is an Interceptor.,+X to Repair speed on this ship if it is an Interceptor,"1.0, 1.0, 1.0","0.2, 0.05, 0.1",FALSE,TRUE,➖,RepairTime,➖,RepairTime,➖,RepairTime,➖,RepairTime,➖,RepairTime,➖,RepairTime,➖,RepairTime,➖,RepairTime,➖,RepairTime,➖,RepairTime,➖,RepairTime,➖,RepairTime,➖,RepairTime,✅,,2092278144,250991574,12,Uncommon,,,,1,1,1,,,0.2,0.05,0.1,,,,
24,KOTH,OA,KLINGON PATRIOTS,AllDamage,"ModuleKinetic, TargetHasHullBreach",RoundStart,SelfShip,MultiplyAdd,,"As long as the opponent's ship has a Hull Breach, Koth increases the damage dealt by Kinetic Weapons by X.",+X to Kinetic damage while the opponent has a Hull Breach,"1.0, 1.0, 1.0, 1.0, 1.0","0.05, 0.1, 0.15, 0.2, 0.25",FALSE,TRUE,✴️,"ModuleKinetic, TargetHasHullBreach",✴️,"ModuleKinetic, TargetHasHullBreach",✴️,"ModuleKinetic, TargetHasHullBreach",✴️,"ModuleKinetic, TargetHasHullBreach",✴️,"ModuleKinetic, TargetHasHullBreach",✴️,"ModuleKinetic, TargetHasHullBreach",✴️,"ModuleKinetic, TargetHasHullBreach",✴️,"ModuleKinetic, TargetHasHullBreach",✴️,"ModuleKinetic, TargetHasHullBreach",✴️,"ModuleKinetic, TargetHasHullBreach",✴️,"ModuleKinetic, TargetHasHullBreach",✴️,"ModuleKinetic, TargetHasHullBreach",➖,AllDamage,➖,AllDamage,1880351032,250991574,12,Uncommon,,Hull Breach,"ModuleKinetic, TargetHasHullBreach",1,1,1,1,1,0.05,0.1,0.15,0.2,0.25,,
25,WOTELN,CM,KLINGON PATRIOTS,AllDamage,EnemyBattleship,CombatStart,SelfShip,MultiplyAdd,,"If the opponent's ship is a Battleship, Woteln increases the Damage of the weapons by X.",+X to Damage if the opponent is a Battleship,"1.0, 1.0, 1.0","0.1, 0.05, 0.1",FALSE,TRUE,✴️,EnemyBattleship,✴️,EnemyBattleship,✴️,EnemyBattleship,✴️,EnemyBattleship,✴️,EnemyBattleship,✴️,EnemyBattleship,✴️,EnemyBattleship,✴️,EnemyBattleship,✴️,EnemyBattleship,✴️,EnemyBattleship,✴️,EnemyBattleship,✴️,EnemyBattleship,➖,AllDamage,➖,AllDamage,4287045306,98548875,13,Uncommon,,,EnemyBattleship,1,1,1,,,0.1,0.05,0.1,,,,
26,WOTELN,OA,KLINGON PATRIOTS,ShipDodge,SelfInterceptor,ShipLaunched,SelfShip,MultiplyAdd,,"If the ship is an Interceptor, Woteln increases its Dodge value by X.",+X to Dodge when aboard an Interceptor,"1.0, 1.0, 1.0, 1.0, 1.0","0.15, 0.2, 0.25, 0.3, 0.4",FALSE,TRUE,✴️,SelfInterceptor,✴️,SelfInterceptor,✴️,SelfInterceptor,✴️,SelfInterceptor,✴️,SelfInterceptor,✴️,SelfInterceptor,✴️,SelfInterceptor,✴️,SelfInterceptor,✴️,SelfInterceptor,✴️,SelfInterceptor,✴️,SelfInterceptor,✴️,SelfInterceptor,➖,ShipDodge,➖,ShipDodge,2759234550,98548875,13,Uncommon,,,SelfInterceptor,1,1,1,1,1,0.15,0.2,0.25,0.3,0.4,,
27,M'RAL,CM,KLINGON PATRIOTS,ArmorPiercing,,ShipLaunched,SelfShip,MultiplyAdd,,M'ral increases the Armor Piercing of the ship by X.,+X to Armor Piercing,"1.0, 1.0, 1.0","0.2, 0.05, 0.1",FALSE,TRUE,✅,,✅,,✅,,✅,,✅,,✅,,✅,,✅,,✅,,✅,,✅,,✅,,➖,ArmorPiercing,➖,ArmorPiercing,508362235,3221819893,14,Uncommon,,,,1,1,1,,,0.2,0.05,0.1,,,,
28,M'RAL,OA,KLINGON PATRIOTS,OfficerStatAttack,,ShipLaunched,SelfBridge,MultiplyAdd,,M'ral increases the total Attack of all Officers on the bridge by X.,+X bonus to the Attack of the bridge Officers,"1.0, 1.0, 1.0, 1.0, 1.0","0.1, 0.15, 0.2, 0.25, 0.3",FALSE,TRUE,✅,,✅,,✅,,✅,,✅,,✅,,✅,,✅,,✅,,✅,,✅,,✅,,➖,OfficerStatAttack,➖,OfficerStatAttack,1987416811,3221819893,14,Uncommon,,,,1,1,1,1,1,0.1,0.15,0.2,0.25,0.3,,
29,NERO,CM,NERO'S CREW,AllDamage,TargetHasBurning,RoundStart,SelfShip,MultiplyAdd,num_rounds=1,"At the beginning of each round, if the opponent's ship is Burning, Nero increases the Damage of the weapons by X.",+X to Damage when the enemy ship is Burning,"1.0, 1.0, 1.0","0.4, 0.1, 0.2",FALSE,TRUE,✴️,TargetHasBurning,✴️,TargetHasBurning,✴️,TargetHasBurning,✴️,TargetHasBurning,✴️,TargetHasBurning,✴️,TargetHasBurning,✴️,TargetHasBurning,✴️,TargetHasBurning,✴️,TargetHasBurning,✴️,TargetHasBurning,✴️,TargetHasBurning,✴️,TargetHasBurning,➖,AllDamage,➖,AllDamage,1824840463,656972203,15,Epic,,Burning,TargetHasBurning,1,1,1,,,0.4,0.1,0.2,,,,
30,NERO,OA,NERO'S CREW,AddState,,EnemyTakesHit,EnemyShip,MultiplySub,"num_rounds=2, state=2","Every time the ship strikes the opponent with a weapon attack, Nero has a X chance of Burning it for two rounds.",X chance to cause Burning to the enemy when hitting it,"0.25, 0.3, 0.35, 0.4, 0.5","0.25, 0.3, 0.35, 0.4, 0.5",TRUE,TRUE,✅,,✅,,✅,,✅,,✅,,✅,,✅,,✅,,✅,,✅,,✅,,✅,,➖,AddState,➖,AddState,1215201819,656972203,15,Epic,,,,0.25,0.3,0.35,0.4,0.5,0.25,0.3,0.35,0.4,0.5,,
31,VEMET,CM,NERO'S CREW,HullHPRepair,,ShieldsDepleted,SelfShip,MultiplySub,,"If the ship survives an attack that depletes its shields and is destroyed in one of the following attacks during the same battle, the battle is lost but Vemet heals X of the Hull Health and the ship survives. This takes precedence over the NSEA Protector’s Omega-13 Ship Ability and does not stack.",The ship can resurrect with X of the ship's hull health. This takes precedence over the NSEA Protector’s Omega-13 Ship Ability and does not stack.,"1.0, 1.0, 1.0","0.05, 0.02, 0.05",FALSE,TRUE,✅,,✅,,✅,,✅,,✅,,✅,,✅,,✅,,✅,,✅,,✅,,✅,,➖,HullHPRepair,➖,HullHPRepair,4289717791,2959514562,16,Rare,,,,1,1,1,,,0.05,0.02,0.05,,,,
32,VEMET,OA,NERO'S CREW,ShieldHPRepair,TargetHasBurning,RoundStart,EnemyShip,MultiplyBaseSub,officer_stat=3,"At the beginning of each round, if the opponent's ship is Burning, Vemet decreases its Shield Health by an amount equal to X of the Health of all Officers on the ship.",X of total Officer Health deducted from the Shield Health of a Burning ship each round,"1.0, 1.0, 1.0, 1.0, 1.0","0.25, 0.5, 1.0, 4.0, 7.5",FALSE,TRUE,✴️,TargetHasBurning,✴️,TargetHasBurning,✴️,TargetHasBurning,✴️,TargetHasBurning,✴️,TargetHasBurning,✴️,TargetHasBurning,✴️,TargetHasBurning,✴️,TargetHasBurning,✴️,TargetHasBurning,✴️,TargetHasBurning,✴️,TargetHasBurning,✴️,TargetHasBurning,➖,ShieldHPRepair,➖,ShieldHPRepair,2633638696,2959514562,16,Rare,,Burning,TargetHasBurning,1,1,1,1,1,0.25,0.5,1,4,7.5,,
33,KUMAK,CM,NERO'S CREW,OfficerStatAll,,RoundStart,SelfAll,MultiplyAdd,,"At the beginning of each round, Kumak increases the stats of all Officers on the ship by X.",+X to all Officer Stats each round,"1.0, 1.0, 1.0","0.05, 0.02, 0.05",FALSE,TRUE,✅,,✅,,✅,,✅,,✅,,✅,,✅,,✅,,✅,,✅,,✅,,✅,,➖,OfficerStatAll,➖,OfficerStatAll,1446865370,1983456684,17,Rare,,,,1,1,1,,,0.05,0.02,0.05,,,,
34,KUMAK,OA,NERO'S CREW,AllDefenses,TargetHasBurning,RoundStart,SelfShip,MultiplyAdd,num_rounds=1,"As long as the enemy ship is Burning, Kumak increases the Armor, Shield Deflection and Dodge of the ship by X.","+X To Armor, Shield Deflection and Dodge when the opponent is Burning","1.0, 1.0, 1.0, 1.0, 1.0","0.4, 0.5, 0.6, 0.8, 1.0",FALSE,TRUE,✴️,TargetHasBurning,✴️,TargetHasBurning,✴️,TargetHasBurning,✴️,TargetHasBurning,✴️,TargetHasBurning,✴️,TargetHasBurning,✴️,TargetHasBurning,✴️,TargetHasBurning,✴️,TargetHasBurning,✴️,TargetHasBurning,✴️,TargetHasBurning,✴️,TargetHasBurning,➖,AllDefenses,➖,AllDefenses,2642188917,1983456684,17,Rare,,Burning,TargetHasBurning,1,1,1,1,1,0.4,0.5,0.6,0.8,1,,
35,LIVIS,CM,NERO'S CREW,RepairTime,SelfBattleship,ShipRecalled,SelfShip,MultiplyAdd,,Livis decreases the time needed to repair the ship by X if it is a Battleship.,+X to Repair speed on this ship if it is a Battleship,"1.0, 1.0, 1.0","0.1, 0.05, 0.1",FALSE,TRUE,➖,RepairTime,➖,RepairTime,➖,RepairTime,➖,RepairTime,➖,RepairTime,➖,RepairTime,➖,RepairTime,➖,RepairTime,➖,RepairTime,➖,RepairTime,➖,RepairTime,➖,RepairTime,➖,RepairTime,✅,,2144007762,2333021829,18,Rare,,,,1,1,1,,,0.1,0.05,0.1,,,,
36,LIVIS,OA,NERO'S CREW,HullHPMax,SelfBattleship,ShipLaunched,SelfShip,MultiplyAdd,,"If the ship is a Battleship, Livis increases its maximum Hull Health by X.",+X to this ship's max Hull Health if it is a Battleship,"1.0, 1.0, 1.0, 1.0, 1.0","0.2, 0.3, 0.4, 0.5, 0.6",FALSE,TRUE,✴️,SelfBattleship,✴️,SelfBattleship,✴️,SelfBattleship,✴️,SelfBattleship,✴️,SelfBattleship,✴️,SelfBattleship,✴️,SelfBattleship,✴️,SelfBattleship,✴️,SelfBattleship,✴️,SelfBattleship,✴️,SelfBattleship,✴️,SelfBattleship,➖,HullHPMax,➖,HullHPMax,2714109144,2333021829,18,Rare,,,SelfBattleship,1,1,1,1,1,0.2,0.3,0.4,0.5,0.6,,
37,ARIX,CM,NERO'S CREW,AddState,HitEnemyWithEnergy,EnemyTakesHit,EnemyShip,Set,"num_rounds=1, state=2","Every time the opponent is hit by an energy weapon attack, Arix has a X chance of Burning it. -- (Weapons with multiple shots will only trigger this maneuver once per attack.)",X chance to cause Burning to the opponent after hitting it with an energy weapon,"0.1, 0.02, 0.05","1.0, 1.0, 1.0",TRUE,TRUE,✴️,HitEnemyWithEnergy,✴️,HitEnemyWithEnergy,✴️,HitEnemyWithEnergy,✴️,HitEnemyWithEnergy,✴️,HitEnemyWithEnergy,✴️,HitEnemyWithEnergy,✴️,HitEnemyWithEnergy,✴️,HitEnemyWithEnergy,✴️,HitEnemyWithEnergy,✴️,HitEnemyWithEnergy,✴️,HitEnemyWithEnergy,✴️,HitEnemyWithEnergy,➖,AddState,➖,AddState,2603504550,339936167,19,Uncommon,,,HitEnemyWithEnergy,0.1,0.02,0.05,,,1,1,1,,,,
38,ARIX,OA,NERO'S CREW,ShipArmor,HullHealthBelowStartOfCombat,RoundStart,SelfShip,MultiplyAdd,percentage=0.7,"As long as the ship's Hull Health is under 70% of its value at the start of combat, Arix increases its Armor by X",+X to Armor when the ship has less than 70% Hull Health,"1.0, 1.0, 1.0, 1.0, 1.0","0.15, 0.2, 0.3, 0.4, 0.5",FALSE,TRUE,✴️,HullHealthBelowStartOfCombat,✴️,HullHealthBelowStartOfCombat,✴️,HullHealthBelowStartOfCombat,✴️,HullHealthBelowStartOfCombat,✴️,HullHealthBelowStartOfCombat,✴️,HullHealthBelowStartOfCombat,✴️,HullHealthBelowStartOfCombat,✴️,HullHealthBelowStartOfCombat,✴️,HullHealthBelowStartOfCombat,✴️,HullHealthBelowStartOfCombat,✴️,HullHealthBelowStartOfCombat,✴️,HullHealthBelowStartOfCombat,➖,ShipArmor,➖,ShipArmor,193818243,339936167,19,Uncommon,,,HullHealthBelowStartOfCombat,1,1,1,1,1,0.15,0.2,0.3,0.4,0.5,,
39,VELLA,CM,NERO'S CREW,AllDamage,EnemyExplorer,CombatStart,SelfShip,MultiplyAdd,,"If the opponent's ship is an Explorer, Vella increases the damage of weapons by X.",+X Damage if the opponent is an Explorer,"1.0, 1.0, 1.0","0.1, 0.05, 0.1",FALSE,TRUE,✴️,EnemyExplorer,✴️,EnemyExplorer,✴️,EnemyExplorer,✴️,EnemyExplorer,✴️,EnemyExplorer,✴️,EnemyExplorer,✴️,EnemyExplorer,✴️,EnemyExplorer,✴️,EnemyExplorer,✴️,EnemyExplorer,✴️,EnemyExplorer,✴️,EnemyExplorer,➖,AllDamage,➖,AllDamage,3575708063,2235857051,20,Uncommon,,,EnemyExplorer,1,1,1,,,0.1,0.05,0.1,,,,
40,VELLA,OA,NERO'S CREW,OfficerStatHealth,,ShipLaunched,SelfAll,MultiplyAdd,,Vella increases the total Health of all Officers on the ship by X.,+X to Health for all Officers on this ship,"1.0, 1.0, 1.0, 1.0, 1.0","0.05, 0.07, 0.09, 0.12, 0.15",FALSE,TRUE,✅,,✅,,✅,,✅,,✅,,✅,,✅,,✅,,✅,,✅,,✅,,✅,,➖,OfficerStatHealth,➖,OfficerStatHealth,4246759861,2235857051,20,Uncommon,,,,1,1,1,1,1,0.05,0.07,0.09,0.12,0.15,,
41,JAVAID,CM,NERO'S CREW,ShieldPiercing,,ShipLaunched,SelfShip,MultiplyAdd,,Javaid increases the Shield Piercing of the ship by X.,+X to Shield Piercing,"1.0, 1.0, 1.0","0.2, 0.05, 0.1",FALSE,TRUE,✅,,✅,,✅,,✅,,✅,,✅,,✅,,✅,,✅,,✅,,✅,,✅,,➖,ShieldPiercing,➖,ShieldPiercing,2120680252,668528267,21,Uncommon,,,,1,1,1,,,0.2,0.05,0.1,,,,
42,JAVAID,OA,NERO'S CREW,ShipArmor,SelfBattleship,ShipLaunched,SelfShip,MultiplyAdd,,"If the ship is a Battleship, Javaid increases its Armor by X.",+X to Armor if the ship is a Battleship,"1.0, 1.0, 1.0, 1.0, 1.0","0.15, 0.2, 0.25, 0.3, 0.4",FALSE,TRUE,✴️,SelfBattleship,✴️,SelfBattleship,✴️,SelfBattleship,✴️,SelfBattleship,✴️,SelfBattleship,✴️,SelfBattleship,✴️,SelfBattleship,✴️,SelfBattleship,✴️,SelfBattleship,✴️,SelfBattleship,✴️,SelfBattleship,✴️,SelfBattleship,➖,ShipArmor,➖,ShipArmor,640569748,668528267,21,Uncommon,,,SelfBattleship,1,1,1,1,1,0.15,0.2,0.25,0.3,0.4,,
43,T'PRING,CM,SURVEYORS & MINERS,MiningRate,,ShipLaunched,SelfShip,MultiplyAdd,"resources=[96209859, 1779416627, 2964093937, 1349464922, 2002611017, 296474010]",T'pring increases the Mining Rate of the ship by X when mining Gas.,+X to Gas mining rate,"1.0, 1.0, 1.0","0.4, 0.2, 0.3",FALSE,TRUE,➖,MiningRate,➖,MiningRate,➖,MiningRate,➖,MiningRate,➖,MiningRate,➖,MiningRate,➖,MiningRate,➖,MiningRate,➖,MiningRate,➖,MiningRate,➖,MiningRate,➖,MiningRate,➖,MiningRate,✅,,3248153153,1556052341,49,Rare,,,,1,1,1,,,0.4,0.2,0.3,,,,
44,T'PRING,OA,SURVEYORS & MINERS,CargoProtection,,ShipLaunched,SelfShip,MultiplyAdd,,T'Pring increases the Protected Cargo by X.,+X to Protected Cargo,"1.0, 1.0, 1.0, 1.0, 1.0","0.5, 1.0, 1.5, 2.0, 3.0",FALSE,TRUE,➖,CargoProtection,➖,CargoProtection,➖,CargoProtection,➖,CargoProtection,➖,CargoProtection,➖,CargoProtection,➖,CargoProtection,➖,CargoProtection,➖,CargoProtection,➖,CargoProtection,➖,CargoProtection,➖,CargoProtection,➖,CargoProtection,✅,,1776341383,1556052341,49,Rare,,,,1,1,1,1,1,0.5,1,1.5,2,3,,
45,STONN,CM,SURVEYORS & MINERS,MiningRate,,ShipLaunched,SelfShip,MultiplyAdd,"resources=[1908242242, 84292608, 802509572, 2905009151, 3842158911, 1586478890]",Stonn increases the Mining Rate of the ship by X when mining Ore.,+X to Ore mining rate,"1.0, 1.0, 1.0","0.4, 0.2, 0.3",FALSE,TRUE,➖,MiningRate,➖,MiningRate,➖,MiningRate,➖,MiningRate,➖,MiningRate,➖,MiningRate,➖,MiningRate,➖,MiningRate,➖,MiningRate,➖,MiningRate,➖,MiningRate,➖,MiningRate,➖,MiningRate,✅,,2656033988,755079845,50,Rare,,,,1,1,1,,,0.4,0.2,0.3,,,,
46,STONN,OA,SURVEYORS & MINERS,CargoCapacity,,ShipLaunched,SelfShip,MultiplyAdd,,Stonn increases the Cargo size of the ship by X.,+X to Cargo size,"1.0, 1.0, 1.0, 1.0, 1.0","0.2, 0.25, 0.3, 0.35, 0.4",FALSE,TRUE,➖,CargoCapacity,➖,CargoCapacity,➖,CargoCapacity,➖,CargoCapacity,➖,CargoCapacity,➖,CargoCapacity,➖,CargoCapacity,➖,CargoCapacity,➖,CargoCapacity,➖,CargoCapacity,➖,CargoCapacity,➖,CargoCapacity,➖,CargoCapacity,✅,,3963393918,755079845,50,Rare,,,,1,1,1,1,1,0.2,0.25,0.3,0.35,0.4,,
47,BAROT,CM,SURVEYORS & MINERS,MiningRate,,ShipLaunched,SelfShip,MultiplyAdd,"resources=[1371898528, 680796905, 3735331456, 3598797204, 3739531165, 2285412015]",Barot increases the rate of Crystal Mining by X.,+X to Crystal Mining rate,"1.0, 1.0, 1.0","0.4, 0.2, 0.3",FALSE,TRUE,➖,MiningRate,➖,MiningRate,➖,MiningRate,➖,MiningRate,➖,MiningRate,➖,MiningRate,➖,MiningRate,➖,MiningRate,➖,MiningRate,➖,MiningRate,➖,MiningRate,➖,MiningRate,➖,MiningRate,✅,,703289562,2518604778,89,Rare,,,,1,1,1,,,0.4,0.2,0.3,,,,
48,BAROT,OA,SURVEYORS & MINERS,HullHPRepair,"SelfMining, SelfDefending",CombatStart,EnemyShip,MultiplySub,,"When the ship becomes attacked while mining, at the beginning of combat, Barot decreases the opponent's Hull Health by X.",-X to the opponent's Hull Health at the start of combat if attacked while mining,"1.0, 1.0, 1.0, 1.0, 1.0","0.1, 0.15, 0.2, 0.25, 0.3",FALSE,TRUE,✴️,when mining,➖,SelfMining,➖,"SelfMining, SelfDefending",➖,"SelfMining, SelfDefending",➖,"SelfMining, SelfDefending",➖,"SelfMining, SelfDefending",➖,"SelfMining, SelfDefending",➖,"SelfMining, SelfDefending",➖,"SelfMining, SelfDefending",➖,"SelfMining, SelfDefending",➖,"SelfMining, SelfDefending",➖,"SelfMining, SelfDefending",➖,HullHPRepair,➖,HullHPRepair,2398413031,2518604778,89,Rare,,,when mining,1,1,1,1,1,0.1,0.15,0.2,0.25,0.3,,
49,DOMITIA,CM,SURVEYORS & MINERS,MiningRate,,ShipLaunched,SelfShip,MultiplyAdd,"resources=[2614028847, 733419347]",Domitia increases the Mining Rate of the ship by X when mining Dilithium.,+X to Dilithium mining rate,"1.0, 1.0, 1.0","0.4, 0.2, 0.3",FALSE,TRUE,➖,MiningRate,➖,MiningRate,➖,MiningRate,➖,MiningRate,➖,MiningRate,➖,MiningRate,➖,MiningRate,➖,MiningRate,➖,MiningRate,➖,MiningRate,➖,MiningRate,➖,MiningRate,➖,MiningRate,✅,,2591028018,3816036121,51,Common,,,,1,1,1,,,0.4,0.2,0.3,,,,
50,DOMITIA,OA,SURVEYORS & MINERS,WarpSpeed,CargoFull,ShipLaunched,SelfShip,MultiplyAdd,,"As long as the Cargo of the ship is full, Domitia increases its Warp speed by X.",+X to Warp speed when the Cargo is full,"1.0, 1.0, 1.0, 1.0, 1.0","0.25, 0.5, 0.75, 1.0, 1.3",FALSE,TRUE,➖,WarpSpeed,➖,WarpSpeed,➖,WarpSpeed,➖,WarpSpeed,➖,WarpSpeed,➖,WarpSpeed,➖,WarpSpeed,➖,WarpSpeed,➖,WarpSpeed,➖,WarpSpeed,➖,WarpSpeed,➖,WarpSpeed,➖,WarpSpeed,✅,,2687495170,3816036121,51,Common,,,,1,1,1,1,1,0.25,0.5,0.75,1,1.3,,
51,K'BISCH,CM,SURVEYORS & MINERS,MiningRate,,ShipLaunched,SelfShip,MultiplyAdd,"resources=[743985951, 1734940706, 580616659]",K'Bisch increases the Mining Rate of the ship by X when mining Tritanium.,+X to Tritanium mining rate,"1.0, 1.0, 1.0","0.4, 0.2, 0.3",FALSE,TRUE,➖,MiningRate,➖,MiningRate,➖,MiningRate,➖,MiningRate,➖,MiningRate,➖,MiningRate,➖,MiningRate,➖,MiningRate,➖,MiningRate,➖,MiningRate,➖,MiningRate,➖,MiningRate,➖,MiningRate,✅,,762142944,2432668775,52,Common,,,,1,1,1,,,0.4,0.2,0.3,,,,
52,K'BISCH,OA,SURVEYORS & MINERS,AllDamage,"CombatBattleType, CombatGameContext, SelfDefending",CombatStart,EnemyShip,MultiplySub,"battle_types=[4], game_context=mining_node","As long as the ship is mining, K'Bisch reduces the damage dealt by attacking opponents by X.",-X to Damage taken when mining,"1.0, 1.0, 1.0, 1.0, 1.0","0.1, 0.12, 0.14, 0.16, 0.2",FALSE,TRUE,✴️,"docked on a node, on a Mining Node",➖,"CombatBattleType, CombatGameContext",➖,"CombatBattleType, CombatGameContext, SelfDefending",➖,"CombatBattleType, CombatGameContext, SelfDefending",➖,"CombatBattleType, CombatGameContext, SelfDefending",➖,"CombatBattleType, CombatGameContext, SelfDefending",➖,"CombatBattleType, CombatGameContext, SelfDefending",➖,"CombatBattleType, CombatGameContext, SelfDefending",➖,"CombatBattleType, CombatGameContext, SelfDefending",➖,"CombatBattleType, CombatGameContext, SelfDefending",➖,"CombatBattleType, CombatGameContext, SelfDefending",➖,"CombatBattleType, CombatGameContext, SelfDefending",➖,AllDamage,➖,AllDamage,2133714071,2432668775,52,Common,,,"docked on a node, on a Mining Node",1,1,1,1,1,0.1,0.12,0.14,0.16,0.2,,
53,HELVIA,CM,SURVEYORS & MINERS,MiningRate,,ShipLaunched,SelfShip,MultiplyAdd,"resources=[2325683920, 4275314946, 999782265]",Helvia increases the Mining Rate of the ship by X when mining Parsteel.,+X to Parsteel mining rate,"1.0, 1.0, 1.0","0.4, 0.2, 0.3",FALSE,TRUE,➖,MiningRate,➖,MiningRate,➖,MiningRate,➖,MiningRate,➖,MiningRate,➖,MiningRate,➖,MiningRate,➖,MiningRate,➖,MiningRate,➖,MiningRate,➖,MiningRate,➖,MiningRate,➖,MiningRate,✅,,774401700,3156736320,53,Common,,,,1,1,1,,,0.4,0.2,0.3,,,,
54,HELVIA,OA,SURVEYORS & MINERS,WarpSpeed,CargoEmpty,ShipLaunched,SelfShip,MultiplyAdd,,"As long as the Cargo of the ship is empty, Helvia increases its Warp speed by X.",+X to Warp speed when the Cargo is empty,"1.0, 1.0, 1.0, 1.0, 1.0","0.25, 0.5, 0.75, 1.0, 1.25",FALSE,TRUE,➖,WarpSpeed,➖,WarpSpeed,➖,WarpSpeed,➖,WarpSpeed,➖,WarpSpeed,➖,WarpSpeed,➖,WarpSpeed,➖,WarpSpeed,➖,WarpSpeed,➖,WarpSpeed,➖,WarpSpeed,➖,WarpSpeed,➖,WarpSpeed,✅,,2541405785,3156736320,53,Common,,,,1,1,1,1,1,0.25,0.5,0.75,1,1.25,,
55,GONZALES,CM,STARFLEET ACADEMY,CritChance,EnemyHostile,CombatStart,SelfShip,Add,,"If the opponent is a Hostile, Gonzales increases the chances of dealing a Critical Hit by X.",+X to Critical chance against Hostiles,"1.0, 1.0, 1.0","0.08, 0.01, 0.02",FALSE,TRUE,➖,EnemyHostile,➖,EnemyHostile,✅,,✅,,➖,EnemyHostile,✅,,✅,,✅,,➖,EnemyHostile,✅,,➖,EnemyHostile,➖,EnemyHostile,➖,CritChance,➖,CritChance,2126712571,2865735742,70,Uncommon,,,,1,1,1,,,0.08,0.01,0.02,,,,
56,GONZALES,OA,STARFLEET ACADEMY,CritDamage,EnemyHostile,CombatStart,SelfShip,Add,,"If the opponent is a Hostile, Gonzales increases the damage of Critical Hits by X.",+X to Critical Hit Damage against Hostiles,"1.0, 1.0, 1.0, 1.0, 1.0","0.05, 0.1, 0.15, 0.2, 0.3",FALSE,TRUE,➖,EnemyHostile,➖,EnemyHostile,✅,,✅,,➖,EnemyHostile,✅,,✅,,✅,,➖,EnemyHostile,✅,,➖,EnemyHostile,➖,EnemyHostile,➖,CritDamage,➖,CritDamage,3597408330,2865735742,70,Uncommon,,,,1,1,1,1,1,0.05,0.1,0.15,0.2,0.3,,
57,CHEN,CM,STARFLEET ACADEMY,AllDefenses,"TargetMaxLevel, EnemyHostile",CombatStart,SelfShip,MultiplyAdd,max_level=51,"Chen increases the Dodge, Shield Deflection and Armor of the ship by X against Hostiles. Works against Hostiles of level 51 and under.","+X to the Dodge, Shield Deflection and Armor of the ship against Hostiles","1.0, 1.0, 1.0","0.2, 0.1, 0.15",FALSE,TRUE,➖,EnemyHostile,➖,EnemyHostile,✴️,target level 51 or under,✴️,target level 51 or under,➖,EnemyHostile,✴️,target level 51 or under,✴️,target level 51 or under,✴️,target level 51 or under,➖,EnemyHostile,✴️,target level 51 or under,➖,EnemyHostile,➖,EnemyHostile,➖,AllDefenses,➖,AllDefenses,4019544321,2765885322,71,Uncommon,,,target level 51 or under,1,1,1,,,0.2,0.1,0.15,,,,
58,CHEN,OA,STARFLEET ACADEMY,AllDamage,"TargetMaxLevel, EnemyHostile, TargetNotArmada, ModuleEnergy",CombatStart,EnemyShip,MultiplySub,max_level=51,"If the opponent is a Hostile, Chen decreases the damage done by its Energy Weapons by X. Works against Hostiles of level 51 and under.",-X To energy damage dealt by enemy Hostiles,"1.0, 1.0, 1.0, 1.0, 1.0","0.1, 0.15, 0.2, 0.25, 0.3",FALSE,TRUE,➖,"EnemyHostile, ModuleEnergy",➖,"EnemyHostile, ModuleEnergy",✴️,"TargetMaxLevel, ModuleEnergy",✴️,"TargetMaxLevel, ModuleEnergy",➖,"EnemyHostile, ModuleEnergy",✴️,"TargetMaxLevel, ModuleEnergy",➖,TargetNotArmada,➖,TargetNotArmada,➖,"EnemyHostile, ModuleEnergy",➖,TargetNotArmada,➖,"EnemyHostile, ModuleEnergy",➖,"EnemyHostile, ModuleEnergy",➖,AllDamage,➖,AllDamage,4155292475,2765885322,71,Uncommon,,,"TargetMaxLevel, ModuleEnergy",1,1,1,1,1,0.1,0.15,0.2,0.25,0.3,,
59,GAILA,CM,STARFLEET ACADEMY,CombatParsteelReward,,ShipLaunched,SelfShip,MultiplyAdd,,Gaila increases the Parsteel rewards for defeating a Hostile by X.,+X to Parsteel rewards from Hostiles,"1.0, 1.0, 1.0","0.25, 0.05, 0.1",FALSE,TRUE,✅,,✅,,✅,,✅,,✅,,✅,,✅,,✅,,✅,,✅,,✅,,✅,,➖,CombatParsteelReward,➖,CombatParsteelReward,2055328539,776602621,72,Common,,,,1,1,1,,,0.25,0.05,0.1,,,,
60,GAILA,OA,STARFLEET ACADEMY,CritDamage,"TargetMaxLevel, EnemyHostile",CombatStart,EnemyShip,Sub,max_level=70,"If the opponent is a Hostile, Gaila decreases the damage from its Critical Hits by X. Works against Hostiles of level 70 and under.",-X to Critical Damage from Hostiles,"1.0, 1.0, 1.0, 1.0, 1.0","0.1, 0.2, 0.3, 0.4, 0.5",FALSE,TRUE,➖,EnemyHostile,➖,EnemyHostile,✴️,target level 70 or under,✴️,target level 70 or under,➖,EnemyHostile,✴️,target level 70 or under,✴️,target level 70 or under,✴️,target level 70 or under,➖,EnemyHostile,✴️,target level 70 or under,➖,EnemyHostile,➖,EnemyHostile,➖,CritDamage,➖,CritDamage,2166644813,776602621,72,Common,,,target level 70 or under,1,1,1,1,1,0.1,0.2,0.3,0.4,0.5,,
61,SHEV,CM,STARFLEET ACADEMY,CombatTritaniumReward,,ShipLaunched,SelfShip,MultiplyAdd,,Shev increases the Tritanium rewards for defeating a Hostile by X.,+X to Tritanium rewards from Hostiles,"1.0, 1.0, 1.0","0.25, 0.05, 0.1",FALSE,TRUE,✅,,✅,,✅,,✅,,✅,,✅,,✅,,✅,,✅,,✅,,✅,,✅,,➖,CombatTritaniumReward,➖,CombatTritaniumReward,2509864835,2567136252,73,Common,,,,1,1,1,,,0.25,0.05,0.1,,,,
62,SHEV,OA,STARFLEET ACADEMY,AllDamage,"EnemyHostile, ModuleEnergy",CombatStart,SelfShip,MultiplyAdd,,"If the opponent is a Hostile, Shev increases the damage of the Energy weapons of the ship by X.",+X to Energy damage against Hostiles,"1.0, 1.0, 1.0, 1.0, 1.0","0.05, 0.07, 0.1, 0.15, 0.2",FALSE,TRUE,➖,"EnemyHostile, ModuleEnergy",➖,"EnemyHostile, ModuleEnergy",✴️,ModuleEnergy,✴️,ModuleEnergy,➖,"EnemyHostile, ModuleEnergy",✴️,ModuleEnergy,✴️,ModuleEnergy,✴️,ModuleEnergy,➖,"EnemyHostile, ModuleEnergy",✴️,ModuleEnergy,➖,"EnemyHostile, ModuleEnergy",➖,"EnemyHostile, ModuleEnergy",➖,AllDamage,➖,AllDamage,1009573168,2567136252,73,Common,,,ModuleEnergy,1,1,1,1,1,0.05,0.07,0.1,0.15,0.2,,
63,T'LAAN,CM,STARFLEET ACADEMY,CombatXPReward,,ShipLaunched,SelfShip,MultiplyAdd,,T'Laan increases the Ship Experience gained by X.,+X more Ship XP from battles,"1.0, 1.0, 1.0","0.15, 0.03, 0.05",FALSE,TRUE,➖,CombatXPReward,➖,CombatXPReward,➖,CombatXPReward,➖,CombatXPReward,➖,CombatXPReward,➖,CombatXPReward,➖,CombatXPReward,➖,CombatXPReward,➖,CombatXPReward,➖,CombatXPReward,➖,CombatXPReward,➖,CombatXPReward,➖,CombatXPReward,✅,,746079457,1455040265,74,Common,,,,1,1,1,,,0.15,0.03,0.05,,,,
64,T'LAAN,OA,STARFLEET ACADEMY,AllDamage,"ModuleKinetic, TargetMaxLevel, EnemyHostile, TargetNotArmada",CombatStart,EnemyShip,MultiplySub,max_level=51,"If the opponent is a Hostile, T'Laan decreases the Damage done by its Kinetic Weapons by X. Works against Hostiles of level 51 and under.",-X to Kinetic Damage dealt by enemy Hostiles,"1.0, 1.0, 1.0, 1.0, 1.0","0.05, 0.07, 0.1, 0.15, 0.2",FALSE,TRUE,➖,"ModuleKinetic, EnemyHostile",➖,"ModuleKinetic, EnemyHostile",✴️,"TargetMaxLevel, ModuleKinetic",✴️,"TargetMaxLevel, ModuleKinetic",➖,"ModuleKinetic, EnemyHostile",✴️,"TargetMaxLevel, ModuleKinetic",➖,TargetNotArmada,➖,TargetNotArmada,➖,"ModuleKinetic, EnemyHostile",➖,TargetNotArmada,➖,"ModuleKinetic, EnemyHostile",➖,"ModuleKinetic, EnemyHostile",➖,AllDamage,➖,AllDamage,2109540283,1455040265,74,Common,,,"TargetMaxLevel, ModuleKinetic",1,1,1,1,1,0.05,0.07,0.1,0.15,0.2,,
65,VEL,CM,STARFLEET ACADEMY,CombatDilithiumReward,,ShipLaunched,SelfShip,MultiplyAdd,,Vel increases the Dilithium rewards for defeating a Hostile by X.,+X to Dilithium rewards from Hostiles,"1.0, 1.0, 1.0","0.25, 0.05, 0.1",FALSE,TRUE,✅,,✅,,✅,,✅,,✅,,✅,,✅,,✅,,✅,,✅,,✅,,✅,,➖,CombatDilithiumReward,➖,CombatDilithiumReward,4094351740,3281026482,75,Common,,,,1,1,1,,,0.25,0.05,0.1,,,,
66,VEL,OA,STARFLEET ACADEMY,AllDamage,"ModuleKinetic, EnemyHostile",CombatStart,SelfShip,MultiplyAdd,,"If the opponent is a Hostile, Vel increases the damage made by the Kinetic Weapons of the ship by X.",+X to Kinetic damage against Hostiles,"1.0, 1.0, 1.0, 1.0, 1.0","0.05, 0.07, 0.1, 0.15, 0.2",FALSE,TRUE,➖,"ModuleKinetic, EnemyHostile",➖,"ModuleKinetic, EnemyHostile",✴️,ModuleKinetic,✴️,ModuleKinetic,➖,"ModuleKinetic, EnemyHostile",✴️,ModuleKinetic,✴️,ModuleKinetic,✴️,ModuleKinetic,➖,"ModuleKinetic, EnemyHostile",✴️,ModuleKinetic,➖,"ModuleKinetic, EnemyHostile",➖,"ModuleKinetic, EnemyHostile",➖,AllDamage,➖,AllDamage,326209566,3281026482,75,Common,,,ModuleKinetic,1,1,1,1,1,0.05,0.07,0.1,0.15,0.2,,
67,M'BENGA,CM,AUXILIARY CONTROLS,AllPiercing,SelfAtStation,ShipLaunched,SelfShip,MultiplyAdd,,"When defending the Station, M'Benga increases the Armor Piercing, Shield Piercing and Accuracy of the ship by X.","+X to Armor Piercing, Shield Piercing and Accuracy when defending the Station","1.0, 1.0, 1.0","0.1, 0.02, 0.05",FALSE,TRUE,➖,SelfAtStation,✅,,➖,SelfAtStation,➖,SelfAtStation,➖,SelfAtStation,➖,SelfAtStation,➖,SelfAtStation,➖,SelfAtStation,➖,SelfAtStation,➖,SelfAtStation,➖,SelfAtStation,➖,SelfAtStation,➖,AllPiercing,➖,AllPiercing,3760528359,2775384983,58,Common,,,,1,1,1,,,0.1,0.02,0.05,,,,
68,M'BENGA,OA,AUXILIARY CONTROLS,AllDefenses,SelfAtStation,ShipLaunched,SelfShip,MultiplyAdd,,"When defending the station, M'Benga increases Dodge, Armor and Shield Deflection by X.","+X to Dodge, Armor and Shield when defending the Station","1.0, 1.0, 1.0, 1.0, 1.0","0.1, 0.16, 0.22, 0.3, 0.4",FALSE,TRUE,➖,SelfAtStation,✅,,➖,SelfAtStation,➖,SelfAtStation,➖,SelfAtStation,➖,SelfAtStation,➖,SelfAtStation,➖,SelfAtStation,➖,SelfAtStation,➖,SelfAtStation,➖,SelfAtStation,➖,SelfAtStation,➖,AllDefenses,➖,AllDefenses,64409548,2775384983,58,Common,,,,1,1,1,1,1,0.1,0.16,0.22,0.3,0.4,,
69,KURON,CM,BLOOD & HONOR,AllReloadSpeed,ModuleKinetic,CombatStart,SelfShip,Sub,num_rounds=1,Kuron has a X chance to automatically recharge all kinetic weapons on the first turn.,X chance to automatically recharge all kinetic weapons on the first turn,"0.5, 0.1, 0.2","100.0, 0.0, 0.0",TRUE,TRUE,✴️,ModuleKinetic,✴️,ModuleKinetic,✴️,ModuleKinetic,✴️,ModuleKinetic,✴️,ModuleKinetic,✴️,ModuleKinetic,✴️,ModuleKinetic,✴️,ModuleKinetic,✴️,ModuleKinetic,✴️,ModuleKinetic,✴️,ModuleKinetic,✴️,ModuleKinetic,➖,AllReloadSpeed,➖,AllReloadSpeed,1556590305,913104893,25,Rare,,,ModuleKinetic,0.5,0.1,0.2,,,100,0,0,,,,
70,KURON,OA,BLOOD & HONOR,ImpulseSpeed,,BattleWon,SelfShip,MultiplyAdd,duration_seconds=30,"After destroying a ship, Kuron increases the Impulse Speed by X until his ship's next battle or its return to the Station.",+X to Impulse Speed after destroying a ship.,"1.0, 1.0, 1.0, 1.0, 1.0","0.25, 0.3, 0.35, 0.4, 0.5",FALSE,TRUE,➖,ImpulseSpeed,➖,ImpulseSpeed,➖,ImpulseSpeed,➖,ImpulseSpeed,➖,ImpulseSpeed,➖,ImpulseSpeed,➖,ImpulseSpeed,➖,ImpulseSpeed,➖,ImpulseSpeed,➖,ImpulseSpeed,➖,ImpulseSpeed,➖,ImpulseSpeed,➖,ImpulseSpeed,✅,,2443405066,913104893,25,Rare,,,,1,1,1,1,1,0.25,0.3,0.35,0.4,0.5,,
71,YAN'AGH,CM,BLOOD & HONOR,AllDamage,,TargetShieldsDepleted,SelfShip,MultiplyAdd,,"When the opponent's ship Shield Health is depleted, Yan'agh increases the Weapon Damage by X.",X to damage after depleting the opponent's Shield Health,"1.0, 1.0, 1.0","0.1, 0.05, 0.1",FALSE,TRUE,✅,,✅,,✅,,✅,,✅,,✅,,✅,,✅,,✅,,✅,,✅,,✅,,➖,AllDamage,➖,AllDamage,753745040,3001921707,26,Uncommon,,,,1,1,1,,,0.1,0.05,0.1,,,,
72,YAN'AGH,OA,BLOOD & HONOR,AllDamage,EnemyHullFaction,CombatStart,SelfShip,MultiplyBaseAdd,"faction_id=669838839, officer_stat=3",Yan'agh increases the Damage against Romulan ships by X of the crew's Health.,X of the crew's Health bonus in Damage against Romulan ships,"1.0, 1.0, 1.0, 1.0, 1.0","0.25, 0.35, 0.75, 1.75, 5.0",FALSE,TRUE,✴️,Romulan,✴️,Romulan,✴️,Romulan,✴️,Romulan,✴️,Romulan,✴️,Romulan,✴️,Romulan,✴️,Romulan,✴️,Romulan,➖,EnemyHullFaction,➖,EnemyHullFaction,➖,EnemyHullFaction,➖,AllDamage,➖,AllDamage,660977416,3001921707,26,Uncommon,,,Romulan,1,1,1,1,1,0.25,0.35,0.75,1.75,5,,
73,TAL,CM,ROMULAN PATRIOTS,AllDamage,EnemyBattleship,CombatStart,SelfShip,MultiplyAdd,,"When fighting Battleships, Tal increases the Weapon damage of the ship by X",+X Damage against battleships,"1.0, 1.0, 1.0","0.2, 0.1, 0.2",FALSE,TRUE,✴️,EnemyBattleship,✴️,EnemyBattleship,✴️,EnemyBattleship,✴️,EnemyBattleship,✴️,EnemyBattleship,✴️,EnemyBattleship,✴️,EnemyBattleship,✴️,EnemyBattleship,✴️,EnemyBattleship,✴️,EnemyBattleship,✴️,EnemyBattleship,✴️,EnemyBattleship,➖,AllDamage,➖,AllDamage,2857502443,361377304,30,Rare,,,EnemyBattleship,1,1,1,,,0.2,0.1,0.2,,,,
74,TAL,OA,ROMULAN PATRIOTS,HullHPRepair,"TargetNotArmada, TargetHasBurning, TargetNotInvadingEntity, TargetNotASB, TargetMaxLevel, EnemyNotToaTrialHostile",RoundStart,EnemyShip,MultiplySub,max_level=60,"Tal decreases the opponent ship's Hull Health by a cumulative X each round while it is Burning versus players, and Hostiles level 60 and under.","-X to the opponent's Hull Health each turn while it is Burning vs players, and Hostiles under level 60.","1.0, 1.0, 1.0, 1.0, 1.0","0.05, 0.06, 0.07, 0.08, 0.1",FALSE,TRUE,✴️,"TargetMaxLevel, TargetHasBurning",✴️,"TargetMaxLevel, TargetHasBurning",✴️,"TargetMaxLevel, TargetHasBurning",✴️,"TargetMaxLevel, TargetHasBurning",✴️,"TargetMaxLevel, TargetHasBurning",➖,TargetNotPlayerStation,➖,TargetNotArmada,➖,TargetNotArmada,➖,TargetNotASB,➖,TargetNotInvadingEntity,✴️,"TargetMaxLevel, TargetHasBurning",✴️,"TargetMaxLevel, TargetHasBurning",➖,HullHPRepair,➖,HullHPRepair,3206018140,361377304,30,Rare,,Burning,"TargetMaxLevel, TargetHasBurning",1,1,1,1,1,0.05,0.06,0.07,0.08,0.1,,
75,D'JAOKI,CM,ROMULAN PATRIOTS,OfficerStatHealth,,BattleWon,SelfAll,MultiplyAdd,duration_seconds=60,"After winning a combat, D'jaoki increases the Health of all officers on the ship by X for 1 minute.",+X to the Officers Health for 1 min after winning,"1.0, 1.0, 1.0","0.1, 0.02, 0.05",FALSE,TRUE,✅,,✅,,✅,,✅,,✅,,✅,,✅,,✅,,✅,,✅,,✅,,✅,,➖,OfficerStatHealth,➖,OfficerStatHealth,2554625138,513311144,91,Uncommon,,,,1,1,1,,,0.1,0.02,0.05,,,,
76,D'JAOKI,OA,ROMULAN PATRIOTS,AllDefenses,"TargetNotArmada, TargetNotASB, TargetHasBurning",RoundStart,SelfShip,MultiplyBaseAdd,"num_rounds=1, officer_stat=3","At the beginning of each round, if the opponent is  Burning, D'jaoki increases the Armor, Shield Deflection, and Dodge of the ship by X of the Health of all Officers on the ship.","-X of the crew's Health malus to the opponent's Armor, Shield Deflection and Dodge while Burning","1.0, 1.0, 1.0, 1.0, 1.0","0.2, 0.4, 1.0, 2.5, 5.0",FALSE,TRUE,✴️,TargetHasBurning,✴️,TargetHasBurning,✴️,TargetHasBurning,✴️,TargetHasBurning,✴️,TargetHasBurning,✴️,TargetHasBurning,➖,TargetNotArmada,➖,TargetNotArmada,➖,TargetNotASB,➖,TargetNotArmada,✴️,TargetHasBurning,✴️,TargetHasBurning,➖,AllDefenses,➖,AllDefenses,1785494954,513311144,91,Uncommon,,Burning,TargetHasBurning,1,1,1,1,1,0.2,0.4,1,2.5,5,,
77,KEENSER,CM,AUXILIARY CONTROLS,HullHPMax,SelfAtStation,ShipLaunched,SelfShip,MultiplyAdd,,"As long as it is in the Station, Keenser increases the Hull Health of the ship by  X.",+X to Hull Health as long as the ship is in the station.,"1.0, 1.0, 1.0","0.2, 0.07, 0.15",FALSE,TRUE,➖,SelfAtStation,✅,,➖,SelfAtStation,➖,SelfAtStation,➖,SelfAtStation,➖,SelfAtStation,➖,SelfAtStation,➖,SelfAtStation,➖,SelfAtStation,➖,SelfAtStation,➖,SelfAtStation,➖,SelfAtStation,➖,HullHPMax,➖,HullHPMax,1693249064,3492633912,54,Rare,,,,1,1,1,,,0.2,0.07,0.15,,,,
78,KEENSER,OA,AUXILIARY CONTROLS,ShieldHPMax,SelfAtStation,ShipLaunched,SelfShip,MultiplyAdd,,"As long as it is in the station, Keenser increases the Shield Health of the ship by X.",+X to Shield Health as long as the ship is in the station.,"1.0, 1.0, 1.0, 1.0, 1.0","0.2, 0.25, 0.3, 0.35, 0.4",FALSE,TRUE,➖,SelfAtStation,✅,,➖,SelfAtStation,➖,SelfAtStation,➖,SelfAtStation,➖,SelfAtStation,➖,SelfAtStation,➖,SelfAtStation,➖,SelfAtStation,➖,SelfAtStation,➖,SelfAtStation,➖,SelfAtStation,➖,ShieldHPMax,➖,ShieldHPMax,1046345380,3492633912,54,Rare,,,,1,1,1,1,1,0.2,0.25,0.3,0.35,0.4,,
79,718,CM,AUXILIARY CONTROLS,CritChance,SelfAtStation,ShipLaunched,SelfShip,Add,,0718 Increases the Critical Hit Chances by X when defending the Station.,+X to Critical Hit chances when defending the station,"1.0, 1.0, 1.0","0.04, 0.02, 0.04",FALSE,TRUE,➖,SelfAtStation,✅,,➖,SelfAtStation,➖,SelfAtStation,➖,SelfAtStation,➖,SelfAtStation,➖,SelfAtStation,➖,SelfAtStation,➖,SelfAtStation,➖,SelfAtStation,➖,SelfAtStation,➖,SelfAtStation,➖,CritChance,➖,CritChance,2894716041,4219901626,56,Uncommon,,,,1,1,1,,,0.04,0.02,0.04,,,,
80,718,OA,AUXILIARY CONTROLS,OfficerStatDefense,,ShipLaunched,SelfAll,MultiplyAdd,,0718 increases the Defense of all Officers on the ship by X.,+X to the Defense of all Officers on the ship,"1.0, 1.0, 1.0, 1.0, 1.0","0.05, 0.07, 0.09, 0.12, 0.15",FALSE,TRUE,✅,,✅,,✅,,✅,,✅,,✅,,✅,,✅,,✅,,✅,,✅,,✅,,➖,OfficerStatDefense,➖,OfficerStatDefense,4283269593,4219901626,56,Uncommon,,,,1,1,1,1,1,0.05,0.07,0.09,0.12,0.15,,
81,MITCHELL,CM,AUXILIARY CONTROLS,OfficerStatAll,SelfAtStation,ShipLaunched,SelfBridge,MultiplyAdd,,Mitchell increases the Stats of all Officers on Board by X when defending the Station.,+X to all Officer Stats on Board when defending the station,"1.0, 1.0, 1.0","0.2, 0.1, 0.2",FALSE,TRUE,➖,SelfAtStation,✅,,➖,SelfAtStation,➖,SelfAtStation,➖,SelfAtStation,➖,SelfAtStation,➖,SelfAtStation,➖,SelfAtStation,➖,SelfAtStation,➖,SelfAtStation,➖,SelfAtStation,➖,SelfAtStation,➖,OfficerStatAll,➖,OfficerStatAll,1825243742,4132174205,57,Epic,,,,1,1,1,,,0.2,0.1,0.2,,,,
82,MITCHELL,OA,AUXILIARY CONTROLS,AllDamage,,CriticalShotTaken,SelfShip,MultiplyAdd,num_rounds=1,"When getting hit by a Critical Hit, Mitchell increases the ship Weapon Damage by X for one round.",+X to Damage for one round when hit by a Critical Hit,"1.0, 1.0, 1.0, 1.0, 1.0","0.3, 0.4, 0.5, 0.6, 0.7",FALSE,TRUE,✅,,✅,,✅,,✅,,✅,,✅,,✅,,✅,,✅,,✅,,✅,,✅,,➖,AllDamage,➖,AllDamage,3132926029,4132174205,57,Epic,,,,1,1,1,1,1,0.3,0.4,0.5,0.6,0.7,,
83,KOMAL,CM,GLORY IN THE KILL,AllDamage,"SelfBattleship, EnemyPlayer",CombatStart,SelfShip,MultiplyAdd,,"When inside a Battleship, Komal increases Weapon Damage against players by X.",+X to Weapon Damage of Battleships against players,"1.0, 1.0, 1.0","0.2, 0.05, 0.1",FALSE,TRUE,✴️,SelfBattleship,✴️,SelfBattleship,➖,"SelfBattleship, EnemyPlayer",➖,"SelfBattleship, EnemyPlayer",➖,"SelfBattleship, EnemyPlayer",➖,"SelfBattleship, EnemyPlayer",➖,"SelfBattleship, EnemyPlayer",➖,"SelfBattleship, EnemyPlayer",➖,"SelfBattleship, EnemyPlayer",➖,"SelfBattleship, EnemyPlayer",➖,"SelfBattleship, EnemyPlayer",➖,"SelfBattleship, EnemyPlayer",➖,AllDamage,➖,AllDamage,1339536277,680147223,79,Common,,,SelfBattleship,1,1,1,,,0.2,0.05,0.1,,,,
84,KOMAL,OA,GLORY IN THE KILL,AllDamage,"ModuleKinetic, EnemyPlayer",CombatStart,EnemyShip,MultiplySub,,"If the opponent is a player, Komal decreases the damage made by its Kinetic Weapons by X.",-X to Kinetic Weapon Damage from enemy player's ships,"1.0, 1.0, 1.0, 1.0, 1.0","0.05, 0.07, 0.1, 0.15, 0.2",FALSE,TRUE,✴️,ModuleKinetic,✴️,ModuleKinetic,➖,"ModuleKinetic, EnemyPlayer",➖,"ModuleKinetic, EnemyPlayer",➖,"ModuleKinetic, EnemyPlayer",➖,"ModuleKinetic, EnemyPlayer",➖,"ModuleKinetic, EnemyPlayer",➖,"ModuleKinetic, EnemyPlayer",➖,"ModuleKinetic, EnemyPlayer",➖,"ModuleKinetic, EnemyPlayer",➖,"ModuleKinetic, EnemyPlayer",➖,"ModuleKinetic, EnemyPlayer",➖,AllDamage,➖,AllDamage,508815580,680147223,79,Common,,,ModuleKinetic,1,1,1,1,1,0.05,0.07,0.1,0.15,0.2,,
85,VARTOQ,CM,GLORY IN THE KILL,AllDamage,"SelfInterceptor, EnemyPlayer",CombatStart,SelfShip,MultiplyAdd,,"When inside an Interceptor, Vartoq increases the Weapon Damage against players by X.",+X to Weapon Damage of Interceptors against players,"1.0, 1.0, 1.0","0.2, 0.05, 0.1",FALSE,TRUE,✴️,SelfInterceptor,✴️,SelfInterceptor,➖,"SelfInterceptor, EnemyPlayer",➖,"SelfInterceptor, EnemyPlayer",➖,"SelfInterceptor, EnemyPlayer",➖,"SelfInterceptor, EnemyPlayer",➖,"SelfInterceptor, EnemyPlayer",➖,"SelfInterceptor, EnemyPlayer",➖,"SelfInterceptor, EnemyPlayer",➖,"SelfInterceptor, EnemyPlayer",➖,"SelfInterceptor, EnemyPlayer",➖,"SelfInterceptor, EnemyPlayer",➖,AllDamage,➖,AllDamage,913371453,3394864658,80,Common,,,SelfInterceptor,1,1,1,,,0.2,0.05,0.1,,,,
86,VARTOQ,OA,GLORY IN THE KILL,AllDamage,"ModuleKinetic, EnemyPlayer",CombatStart,SelfShip,MultiplyAdd,,"If the opponent is a player, Vartoq increases the damage made by the Kinetic Weapons of the ship by X.",+X to Kinetic Weapon Damage against other player's ships,"1.0, 1.0, 1.0, 1.0, 1.0","0.05, 0.07, 0.1, 0.15, 0.2",FALSE,TRUE,✴️,ModuleKinetic,✴️,ModuleKinetic,➖,"ModuleKinetic, EnemyPlayer",➖,"ModuleKinetic, EnemyPlayer",➖,"ModuleKinetic, EnemyPlayer",➖,"ModuleKinetic, EnemyPlayer",➖,"ModuleKinetic, EnemyPlayer",➖,"ModuleKinetic, EnemyPlayer",➖,"ModuleKinetic, EnemyPlayer",➖,"ModuleKinetic, EnemyPlayer",➖,"ModuleKinetic, EnemyPlayer",➖,"ModuleKinetic, EnemyPlayer",➖,AllDamage,➖,AllDamage,3632112638,3394864658,80,Common,,,ModuleKinetic,1,1,1,1,1,0.05,0.07,0.1,0.15,0.2,,
87,RUKOR,CM,GLORY IN THE KILL,AllDamage,"SelfExplorer, EnemyPlayer",CombatStart,SelfShip,MultiplyAdd,,"When inside an Explorer, Rukor increases the Weapon Damage against players by X.",+X to Weapon Damage of Explorers against players,"1.0, 1.0, 1.0","0.2, 0.05, 0.1",FALSE,TRUE,✴️,SelfExplorer,✴️,SelfExplorer,➖,"SelfExplorer, EnemyPlayer",➖,"SelfExplorer, EnemyPlayer",➖,"SelfExplorer, EnemyPlayer",➖,"SelfExplorer, EnemyPlayer",➖,"SelfExplorer, EnemyPlayer",➖,"SelfExplorer, EnemyPlayer",➖,"SelfExplorer, EnemyPlayer",➖,"SelfExplorer, EnemyPlayer",➖,"SelfExplorer, EnemyPlayer",➖,"SelfExplorer, EnemyPlayer",➖,AllDamage,➖,AllDamage,2058272079,176044746,81,Common,,,SelfExplorer,1,1,1,,,0.2,0.05,0.1,,,,
88,RUKOR,OA,GLORY IN THE KILL,AllDamage,"EnemyPlayer, ModuleEnergy",CombatStart,SelfShip,MultiplyAdd,,"If the opponent is a player, Rukor increases the damage made by the Energy Weapons of the ship by X.",+X to Energy Weapon Damage against other player ships,"1.0, 1.0, 1.0, 1.0, 1.0","0.05, 0.07, 0.1, 0.15, 0.2",FALSE,TRUE,✴️,ModuleEnergy,✴️,ModuleEnergy,➖,"EnemyPlayer, ModuleEnergy",➖,"EnemyPlayer, ModuleEnergy",➖,"EnemyPlayer, ModuleEnergy",➖,"EnemyPlayer, ModuleEnergy",➖,"EnemyPlayer, ModuleEnergy",➖,"EnemyPlayer, ModuleEnergy",➖,"EnemyPlayer, ModuleEnergy",➖,"EnemyPlayer, ModuleEnergy",➖,"EnemyPlayer, ModuleEnergy",➖,"EnemyPlayer, ModuleEnergy",➖,AllDamage,➖,AllDamage,2461367983,176044746,81,Common,,,ModuleEnergy,1,1,1,1,1,0.05,0.07,0.1,0.15,0.2,,
89,DARWIN,CM,SHAKEDOWN CRUISE,AllDamage,"EnemyPlayer, SelfDefending",CombatStart,SelfShip,MultiplyAdd,,"When the ship is attacked by a player, Darwin increases the Weapon Damage by X.",+X to Weapon Damage when attacked by a player,"1.0, 1.0, 1.0","0.1, 0.02, 0.05",FALSE,TRUE,✅,,✅,,➖,"EnemyPlayer, SelfDefending",➖,"EnemyPlayer, SelfDefending",➖,"EnemyPlayer, SelfDefending",➖,"EnemyPlayer, SelfDefending",➖,"EnemyPlayer, SelfDefending",➖,"EnemyPlayer, SelfDefending",➖,"EnemyPlayer, SelfDefending",➖,"EnemyPlayer, SelfDefending",➖,"EnemyPlayer, SelfDefending",➖,"EnemyPlayer, SelfDefending",➖,AllDamage,➖,AllDamage,3368245052,2963484044,46,Common,,,,1,1,1,,,0.1,0.02,0.05,,,,
90,DARWIN,OA,SHAKEDOWN CRUISE,CombatXPReward,SelfInterceptor,ShipLaunched,SelfShip,MultiplyAdd,,Darwin increases the Ship Experience gained on Interceptors by X.,+X to Ship XP earned on Interceptors,"1.0, 1.0, 1.0, 1.0, 1.0","0.2, 0.3, 0.4, 0.5, 0.6",FALSE,TRUE,➖,CombatXPReward,➖,CombatXPReward,➖,CombatXPReward,➖,CombatXPReward,➖,CombatXPReward,➖,CombatXPReward,➖,CombatXPReward,➖,CombatXPReward,➖,CombatXPReward,➖,CombatXPReward,➖,CombatXPReward,➖,CombatXPReward,➖,CombatXPReward,✅,,2899912544,2963484044,46,Common,,,,1,1,1,1,1,0.2,0.3,0.4,0.5,0.6,,
91,LESLIE,CM,SHAKEDOWN CRUISE,HullHPRepair,HullHealthBelowStartOfCombat,RoundEnd,SelfShip,MultiplyAdd,percentage=0.35,"As long as the ship's Hull Health is under 35% of its value at the beginning of combat, Leslie restores it by X  at the end of each round.",X Restored to Hull Health when it is under 35%,"1.0, 1.0, 1.0","0.05, 0.02, 0.05",FALSE,TRUE,✴️,HullHealthBelowStartOfCombat,✴️,HullHealthBelowStartOfCombat,✴️,HullHealthBelowStartOfCombat,✴️,HullHealthBelowStartOfCombat,✴️,HullHealthBelowStartOfCombat,✴️,HullHealthBelowStartOfCombat,✴️,HullHealthBelowStartOfCombat,✴️,HullHealthBelowStartOfCombat,✴️,HullHealthBelowStartOfCombat,✴️,HullHealthBelowStartOfCombat,✴️,HullHealthBelowStartOfCombat,✴️,HullHealthBelowStartOfCombat,➖,HullHPRepair,➖,HullHPRepair,2079302126,307877748,47,Uncommon,,,HullHealthBelowStartOfCombat,1,1,1,,,0.05,0.02,0.05,,,,
92,LESLIE,OA,SHAKEDOWN CRUISE,CombatXPReward,SelfBattleship,ShipLaunched,SelfShip,MultiplyAdd,,Frank Leslie increases the Ship Experience gained on Battleships by X each turn.,+X to Ship XP earned on Battleships,"1.0, 1.0, 1.0, 1.0, 1.0","0.2, 0.3, 0.4, 0.5, 0.6",FALSE,TRUE,➖,CombatXPReward,➖,CombatXPReward,➖,CombatXPReward,➖,CombatXPReward,➖,CombatXPReward,➖,CombatXPReward,➖,CombatXPReward,➖,CombatXPReward,➖,CombatXPReward,➖,CombatXPReward,➖,CombatXPReward,➖,CombatXPReward,➖,CombatXPReward,✅,,40913680,307877748,47,Uncommon,,,,1,1,1,1,1,0.2,0.3,0.4,0.5,0.6,,
93,DECIUS,CM,ROMULAN PATRIOTS,AllPiercing,EnemyStronger,CombatStart,SelfShip,MultiplyAdd,,"When fighting a ship with a bigger Strength, Decius increases Accuracy, Armor Piercing and Shield Piercing of the ship by X.",+X to Accuracy and Armor Piercing and Shield Piercing against stronger ships,"1.0, 1.0, 1.0","0.1, 0.2, 0.3",FALSE,TRUE,✴️,EnemyStronger,✴️,EnemyStronger,✴️,EnemyStronger,✴️,EnemyStronger,✴️,EnemyStronger,✴️,EnemyStronger,✴️,EnemyStronger,✴️,EnemyStronger,✴️,EnemyStronger,✴️,EnemyStronger,✴️,EnemyStronger,✴️,EnemyStronger,➖,AllPiercing,➖,AllPiercing,3943819030,3961190554,31,Rare,,,EnemyStronger,1,1,1,,,0.1,0.2,0.3,,,,
94,DECIUS,OA,ROMULAN PATRIOTS,AllDamage,,HullDamageTaken,SelfShip,MultiplyAdd,,"Every time the ship gets hit by a weapon attack, Decius increases its Weapon Damage by X. -- (Weapons with multiple shots will only trigger this ability once per attack.)",+X to Damage each time the ship gets hit,"1.0, 1.0, 1.0, 1.0, 1.0","0.06, 0.07, 0.08, 0.09, 0.1",FALSE,TRUE,✅,,✅,,✅,,✅,,✅,,✅,,✅,,✅,,✅,,✅,,✅,,✅,,➖,AllDamage,➖,AllDamage,207614493,3961190554,31,Rare,,,,1,1,1,1,1,0.06,0.07,0.08,0.09,0.1,,
95,KANG,CM,BLOOD & HONOR,AddState,,CombatStart,EnemyShip,Set,"num_rounds=3, state=4","At the start of battle, Kang has a X chance of dealing a Hull Breach to the opponent for 3 rounds.",X chance to cause Hull Breach for 3 rounds at start of Combat,"0.8, 0.05, 0.1","1.0, 1.0, 1.0",TRUE,TRUE,✅,,✅,,✅,,✅,,✅,,✅,,✅,,✅,,✅,,✅,,✅,,✅,,➖,AddState,➖,AddState,840557541,1608562191,22,Epic,,,,0.8,0.05,0.1,,,1,1,1,,,,
96,KANG,OA,BLOOD & HONOR,Accuracy,,CombatStart,SelfShip,MultiplyBaseAdd,officer_stat=1,"At the start of battle, Kang increases the Accuracy of the ship by X of the Attack of the crew on the ship.",X of the crew's Attack bonus to Accuracy,"1.0, 1.0, 1.0, 1.0, 1.0","1.0, 2.0, 4.0, 8.0, 16.0",FALSE,TRUE,✅,,✅,,✅,,✅,,✅,,✅,,✅,,✅,,✅,,✅,,✅,,✅,,➖,Accuracy,➖,Accuracy,469743570,1608562191,22,Epic,,,,1,1,1,1,1,1,2,4,8,16,,
97,MARA,CM,BLOOD & HONOR,AllDamage,EnemyInterceptor,CombatStart,SelfShip,MultiplyAdd,,"When fighting Interceptors, Mara increases the Weapon damage of the ship by X.",+X to Damage against Interceptors,"1.0, 1.0, 1.0","0.2, 0.1, 0.2",FALSE,TRUE,✴️,EnemyInterceptor,✴️,EnemyInterceptor,✴️,EnemyInterceptor,✴️,EnemyInterceptor,✴️,EnemyInterceptor,✴️,EnemyInterceptor,✴️,EnemyInterceptor,✴️,EnemyInterceptor,✴️,EnemyInterceptor,✴️,EnemyInterceptor,✴️,EnemyInterceptor,✴️,EnemyInterceptor,➖,AllDamage,➖,AllDamage,1304319250,1353192478,23,Rare,,,EnemyInterceptor,1,1,1,,,0.2,0.1,0.2,,,,
98,MARA,OA,BLOOD & HONOR,ShipDodge,"TargetNotArmada, TargetNotASB, TargetHasHullBreach",RoundEnd,EnemyShip,MultiplySub,,"As long as the opponent ship has a Hull Breach, Mara decreases its Dodge by X at the end of each round.",-Xevery round to opponent's Dodge when it has a Hull Breach,"1.0, 1.0, 1.0, 1.0, 1.0","0.2, 0.25, 0.3, 0.35, 0.4",FALSE,TRUE,✴️,TargetHasHullBreach,✴️,TargetHasHullBreach,✴️,TargetHasHullBreach,✴️,TargetHasHullBreach,✴️,TargetHasHullBreach,✴️,TargetHasHullBreach,➖,TargetNotArmada,➖,TargetNotArmada,➖,TargetNotASB,➖,TargetNotArmada,✴️,TargetHasHullBreach,✴️,TargetHasHullBreach,➖,ShipDodge,➖,ShipDodge,1955068300,1353192478,23,Rare,,Hull Breach,TargetHasHullBreach,1,1,1,1,1,0.2,0.25,0.3,0.35,0.4,,
99,KRELL,CM,BLOOD & HONOR,AddState,,ShieldDamageTaken,EnemyShip,Set,"num_rounds=1, state=4","Every time the ship loses Shield Health from a weapon attack, Krell has a X chance of dealing a Hull Breach to the opponent for 1 round. -- (Weapons with multiple shots will only trigger this maneuver once per attack.)",X chance of dealing Hull Breach for 1 round when receiving Shield HP damage,"0.3, 0.07, 0.15","1.0, 1.0, 1.0",TRUE,TRUE,✅,,✅,,✅,,✅,,✅,,✅,,✅,,✅,,✅,,✅,,✅,,✅,,➖,AddState,➖,AddState,3599377845,3465002315,24,Rare,,,,0.3,0.07,0.15,,,1,1,1,,,,
100,KRELL,OA,BLOOD & HONOR,AllDamage,EnemyHullFaction,CombatStart,SelfShip,MultiplyBaseAdd,"faction_id=2064723306, officer_stat=2",Krell increases the Damage against Federation ships by X of the crew's Defense.,+X of the crew's Defense bonus to Damage against Federation ships,"1.0, 1.0, 1.0, 1.0, 1.0","0.25, 0.35, 0.75, 1.75, 5.0",FALSE,TRUE,✴️,Federation,✴️,Federation,✴️,Federation,✴️,Federation,✴️,Federation,✴️,Federation,✴️,Federation,✴️,Federation,✴️,Federation,➖,EnemyHullFaction,➖,EnemyHullFaction,➖,EnemyHullFaction,➖,AllDamage,➖,AllDamage,678167089,3465002315,24,Rare,,,Federation,1,1,1,1,1,0.25,0.35,0.75,1.75,5,,
101,QA'UG,CM,BLOOD & HONOR,AllDefenses,"SelfHasHullBreach, TargetNotArmada, TargetNotASB",RoundStart,EnemyShip,MultiplySub,,"When the ship gets a Hull Breach from the opponent, Qa'ug decreases all the stats of the officers on the opponent's ship by X.",-X to all the opponent Officer stats if the player's ship receives a Hull Breach,"1.0, 1.0, 1.0","0.35, 0.1, 0.2",FALSE,TRUE,✴️,SelfHasHullBreach,✴️,SelfHasHullBreach,✴️,SelfHasHullBreach,✴️,SelfHasHullBreach,✴️,SelfHasHullBreach,✴️,SelfHasHullBreach,➖,TargetNotArmada,➖,TargetNotArmada,➖,TargetNotASB,➖,TargetNotArmada,✴️,SelfHasHullBreach,✴️,SelfHasHullBreach,➖,AllDefenses,➖,AllDefenses,4197012360,3594947012,27,Uncommon,Hull Breach,,SelfHasHullBreach,1,1,1,,,0.35,0.1,0.2,,,,
102,QA'UG,OA,BLOOD & HONOR,Accuracy,SelfHasHullBreach,RoundStart,SelfShip,MultiplyAdd,,"When the ship gets a Hull Breach from the opponent, Qa'ug increases Accuracy by X.",+X to accuracy when the player's ship receives a Hull Breach,"1.0, 1.0, 1.0, 1.0, 1.0","0.3, 0.4, 0.5, 0.6, 0.7",FALSE,TRUE,✴️,SelfHasHullBreach,✴️,SelfHasHullBreach,✴️,SelfHasHullBreach,✴️,SelfHasHullBreach,✴️,SelfHasHullBreach,✴️,SelfHasHullBreach,✴️,SelfHasHullBreach,✴️,SelfHasHullBreach,✴️,SelfHasHullBreach,✴️,SelfHasHullBreach,✴️,SelfHasHullBreach,✴️,SelfHasHullBreach,➖,Accuracy,➖,Accuracy,2314534937,3594947012,27,Uncommon,Hull Breach,,SelfHasHullBreach,1,1,1,1,1,0.3,0.4,0.5,0.6,0.7,,
103,LINKASA,CM,BLOOD & HONOR,OfficerStatDefense,,BattleWon,SelfAll,MultiplyAdd,duration_seconds=60,"After winning a battle, Linkasa increases the Defense of all the Officers on the ship by X.",X to the Officers Defense for 1 min after winning,"1.0, 1.0, 1.0","0.1, 0.02, 0.05",FALSE,TRUE,✅,,✅,,✅,,✅,,✅,,✅,,✅,,✅,,✅,,✅,,✅,,✅,,➖,OfficerStatDefense,➖,OfficerStatDefense,2086809246,3114234402,28,Uncommon,,,,1,1,1,,,0.1,0.02,0.05,,,,
104,LINKASA,OA,BLOOD & HONOR,ShipArmor,,CombatStart,SelfShip,MultiplyBaseAdd,officer_stat=1,"At the start of combat, Linkasa increases the Armor of the ship by X of the total Attack of the crew.",X of the crew's attack bonus to Armor,"1.0, 1.0, 1.0, 1.0, 1.0","0.25, 0.35, 0.75, 1.75, 5.0",FALSE,TRUE,✅,,✅,,✅,,✅,,✅,,✅,,✅,,✅,,✅,,✅,,✅,,✅,,➖,ShipArmor,➖,ShipArmor,2401299714,3114234402,28,Uncommon,,,,1,1,1,1,1,0.25,0.35,0.75,1.75,5,,
105,CHARVANEK,CM,ROMULAN PATRIOTS,AddState,HullHealthBelowStartOfCombat,RoundStart,EnemyShip,Set,"num_rounds=3, percentage=0.8, state=2","When the ship's Hull Health goes under 80% of its value at the start of combat, Charvanek has a X chance of Burning the opponent for 3 rounds.",X chance to cause Burning for 3 rounds when Hull Health is lower than 80%,"0.8, 0.05, 0.1","1.0, 1.0, 1.0",TRUE,TRUE,✴️,HullHealthBelowStartOfCombat,✴️,HullHealthBelowStartOfCombat,✴️,HullHealthBelowStartOfCombat,✴️,HullHealthBelowStartOfCombat,✴️,HullHealthBelowStartOfCombat,✴️,HullHealthBelowStartOfCombat,✴️,HullHealthBelowStartOfCombat,✴️,HullHealthBelowStartOfCombat,✴️,HullHealthBelowStartOfCombat,✴️,HullHealthBelowStartOfCombat,✴️,HullHealthBelowStartOfCombat,✴️,HullHealthBelowStartOfCombat,➖,AddState,➖,AddState,3930256423,1250418815,29,Epic,,,HullHealthBelowStartOfCombat,0.8,0.05,0.1,,,1,1,1,,,,
106,CHARVANEK,OA,ROMULAN PATRIOTS,ArmorPiercing,,CombatStart,SelfShip,MultiplyBaseAdd,officer_stat=3,"At the start of combat, Charvanek increases the Armor Piercing of the ship by X of the Health of the crew on the ship.",X of the crew's Health bonus to Armor Piercing,"1.0, 1.0, 1.0, 1.0, 1.0","1.0, 2.0, 4.0, 8.0, 16.0",FALSE,TRUE,✅,,✅,,✅,,✅,,✅,,✅,,✅,,✅,,✅,,✅,,✅,,✅,,➖,ArmorPiercing,➖,ArmorPiercing,2825675256,1250418815,29,Epic,,,,1,1,1,1,1,1,2,4,8,16,,
107,MIREK,CM,ROMULAN PATRIOTS,AddState,,HullDamageTaken,EnemyShip,Set,"num_rounds=1, state=2","Every time the ship gets hit by a weapon attack, Mirek has a X chance of Burning the opponent's ship for 1 round. -- (Weapons with multiple shots will only trigger this maneuver once per attack.)",X chance to cause Burning for 1 round when the ship is hit,"0.2, 0.05, 0.1","1.0, 1.0, 1.0",TRUE,TRUE,✅,,✅,,✅,,✅,,✅,,✅,,✅,,✅,,✅,,✅,,✅,,✅,,➖,AddState,➖,AddState,3030072621,531187684,32,Rare,,,,0.2,0.05,0.1,,,1,1,1,,,,
108,MIREK,OA,ROMULAN PATRIOTS,AllDamage,EnemyHullFaction,CombatStart,SelfShip,MultiplyBaseAdd,"faction_id=2064723306, officer_stat=2",Mirek increases the Damage against Federation ships by X of the crew's Defense.,X of the crew's defense bonus to Damage against Federation ships,"1.0, 1.0, 1.0, 1.0, 1.0","0.25, 0.35, 0.75, 1.75, 5.0",FALSE,TRUE,✴️,Federation,✴️,Federation,✴️,Federation,✴️,Federation,✴️,Federation,✴️,Federation,✴️,Federation,✴️,Federation,✴️,Federation,➖,EnemyHullFaction,➖,EnemyHullFaction,➖,EnemyHullFaction,➖,AllDamage,➖,AllDamage,259747624,531187684,32,Rare,,,Federation,1,1,1,1,1,0.25,0.35,0.75,1.75,5,,
109,L'NAR,CM,ROMULAN PATRIOTS,OfficerStatHealth,,ShipLaunched,SelfBridge,MultiplyAdd,,L'Nar increases the Health of the Officers on the Bridge by X.,+X to the Health of the Bridge Officers,"1.0, 1.0, 1.0","0.2, 0.1, 0.2",FALSE,TRUE,✅,,✅,,✅,,✅,,✅,,✅,,✅,,✅,,✅,,✅,,✅,,✅,,➖,OfficerStatHealth,➖,OfficerStatHealth,3171947561,3079282844,33,Uncommon,,,,1,1,1,,,0.2,0.1,0.2,,,,
110,L'NAR,OA,ROMULAN PATRIOTS,AllDamage,EnemyHullFaction,CombatStart,SelfShip,MultiplyBaseAdd,"faction_id=4153667145, officer_stat=1",L'Nar increases the Damage against Klingon ships by X of the crew's Attack.,X of the crew's attack bonus to Damage against Klingon ships,"1.0, 1.0, 1.0, 1.0, 1.0","0.25, 0.35, 0.75, 1.75, 5.0",FALSE,TRUE,✴️,Klingon,✴️,Klingon,✴️,Klingon,✴️,Klingon,✴️,Klingon,✴️,Klingon,✴️,Klingon,✴️,Klingon,✴️,Klingon,➖,EnemyHullFaction,➖,EnemyHullFaction,➖,EnemyHullFaction,➖,AllDamage,➖,AllDamage,3079666421,3079282844,33,Uncommon,,,Klingon,1,1,1,1,1,0.25,0.35,0.75,1.75,5,,
111,SEVERUS,CM,ROMULAN PATRIOTS,HullHPRepair,"SelfHasBurning, TargetNotArmada, TargetNotASB",RoundStart,EnemyShip,MultiplySub,,"When the ship is Burning from the opponent, Severus decreases the opponent's Hull Health by X each round.",-X to the opponent's Hull Health each round if the player's ship is Burning,"1.0, 1.0, 1.0","0.1, 0.02, 0.05",FALSE,TRUE,✴️,SelfHasBurning,✴️,SelfHasBurning,✴️,SelfHasBurning,✴️,SelfHasBurning,✴️,SelfHasBurning,✴️,SelfHasBurning,➖,TargetNotArmada,➖,TargetNotArmada,➖,TargetNotASB,➖,TargetNotArmada,✴️,SelfHasBurning,✴️,SelfHasBurning,➖,HullHPRepair,➖,HullHPRepair,1133890335,161972881,35,Uncommon,Burning,,SelfHasBurning,1,1,1,,,0.1,0.02,0.05,,,,
112,SEVERUS,OA,ROMULAN PATRIOTS,AllDamage,SelfHasBurning,RoundStart,SelfShip,MultiplyAdd,num_rounds=1,"When the ship is Burning from the opponent, Severus increases the Damage of the ship by X.",+X to Damage if the player's ship is Burning,"1.0, 1.0, 1.0, 1.0, 1.0","0.2, 0.3, 0.4, 0.5, 0.6",FALSE,TRUE,✴️,SelfHasBurning,✴️,SelfHasBurning,✴️,SelfHasBurning,✴️,SelfHasBurning,✴️,SelfHasBurning,✴️,SelfHasBurning,✴️,SelfHasBurning,✴️,SelfHasBurning,✴️,SelfHasBurning,✴️,SelfHasBurning,✴️,SelfHasBurning,✴️,SelfHasBurning,➖,AllDamage,➖,AllDamage,3765448209,161972881,35,Uncommon,Burning,,SelfHasBurning,1,1,1,1,1,0.2,0.3,0.4,0.5,0.6,,
113,MARCUS,CM,SECTION 31,AddState,HullHealthBelow,RoundStart,SelfShip,Set,"num_rounds=3, percentage=0.8, state=8","At the start of each round, if the opponent's Hull Health is under 80% of its starting total, Alexander Marcus has X chance of inspiring Morale to the ship for 3 rounds.",X chance to inspire Morale for 3 rounds when the opponent's Hull Health is under 80%.,"0.8, 0.05, 0.1","1.0, 1.0, 1.0",TRUE,TRUE,✴️,HullHealthBelow,✴️,HullHealthBelow,✴️,HullHealthBelow,✴️,HullHealthBelow,✴️,HullHealthBelow,✴️,HullHealthBelow,✴️,HullHealthBelow,✴️,HullHealthBelow,✴️,HullHealthBelow,✴️,HullHealthBelow,✴️,HullHealthBelow,✴️,HullHealthBelow,➖,AddState,➖,AddState,2221311201,1127234629,43,Epic,,,HullHealthBelow,0.8,0.05,0.1,,,1,1,1,,,,
114,MARCUS,OA,SECTION 31,ShieldPiercing,,CombatStart,SelfShip,MultiplyBaseAdd,officer_stat=2,"At the start of battle, Alexander Marcus increases the Shield Piercing of the ship by X of the Defense of the crew on the ship.",X of the crew's Defense bonus to Shield Piercing,"1.0, 1.0, 1.0, 1.0, 1.0","1.0, 2.0, 4.0, 8.0, 16.0",FALSE,TRUE,✅,,✅,,✅,,✅,,✅,,✅,,✅,,✅,,✅,,✅,,✅,,✅,,➖,ShieldPiercing,➖,ShieldPiercing,1877391678,1127234629,43,Epic,,,,1,1,1,1,1,1,2,4,8,16,,
115,YUKI,CM,SECTION 31,ShieldHPRepair,"TargetNotArmada, TargetNotASB",RoundStart,EnemyShip,MultiplySub,,Yuki Sulu decreases the Shield Health of the opponent's ship by X each round.,-X to the Shield Health of the opponent's ship each round,"1.0, 1.0, 1.0","0.1, 0.02, 0.05",FALSE,TRUE,✅,,✅,,✅,,✅,,✅,,✅,,➖,TargetNotArmada,➖,TargetNotArmada,➖,TargetNotASB,➖,TargetNotArmada,✅,,✅,,➖,ShieldHPRepair,➖,ShieldHPRepair,1427535254,3381802332,37,Rare,,,,1,1,1,,,0.1,0.02,0.05,,,,
116,YUKI,OA,SECTION 31,AllDamage,EnemyHullFaction,CombatStart,SelfShip,MultiplyBaseAdd,"faction_id=669838839, officer_stat=3",Yuki Sulu increases the Weapon Damage against Romulan ships by X of the Health of the crew on the ship.,X of the crew's Health bonus to Damage against Romulans,"1.0, 1.0, 1.0, 1.0, 1.0","0.25, 0.35, 0.75, 1.75, 5.0",FALSE,TRUE,✴️,Romulan,✴️,Romulan,✴️,Romulan,✴️,Romulan,✴️,Romulan,✴️,Romulan,✴️,Romulan,✴️,Romulan,✴️,Romulan,➖,EnemyHullFaction,➖,EnemyHullFaction,➖,EnemyHullFaction,➖,AllDamage,➖,AllDamage,264056742,3381802332,37,Rare,,,Romulan,1,1,1,1,1,0.25,0.35,0.75,1.75,5,,
117,HARRISON,CM,SECTION 31,AllDamage,"TargetMaxLevel, EnemyExplorer",CombatStart,SelfShip,MultiplyAdd,max_level=70,"When fighting Explorers, John Harrison increases the Weapon damage of the ship by X. Works against Hostiles of level 70 and under.",+X to Damage against Explorers,"1.0, 1.0, 1.0","0.2, 0.1, 0.2",FALSE,TRUE,✴️,"TargetMaxLevel, EnemyExplorer",✴️,"TargetMaxLevel, EnemyExplorer",✴️,"TargetMaxLevel, EnemyExplorer",✴️,"TargetMaxLevel, EnemyExplorer",✴️,"TargetMaxLevel, EnemyExplorer",✴️,"TargetMaxLevel, EnemyExplorer",✴️,"TargetMaxLevel, EnemyExplorer",✴️,"TargetMaxLevel, EnemyExplorer",✴️,"TargetMaxLevel, EnemyExplorer",✴️,"TargetMaxLevel, EnemyExplorer",✴️,"TargetMaxLevel, EnemyExplorer",✴️,"TargetMaxLevel, EnemyExplorer",➖,AllDamage,➖,AllDamage,2099626491,3553398304,38,Rare,,,"TargetMaxLevel, EnemyExplorer",1,1,1,,,0.2,0.1,0.2,,,,
118,HARRISON,OA,SECTION 31,ShieldMitigation,"TargetMaxLevel, TargetNotArmada, TargetNotASB",CombatStart,EnemyShip,MultiplySub,"max_level=70, num_rounds=1","For the first round of combat, John Harrison ignores X of the opponent's shield. Works against Hostiles and Players of level 70 and under.",X of the opponent's Shield ignored for the first round of combat.,"1.0, 1.0, 1.0, 1.0, 1.0","0.6, 0.7, 0.8, 0.9, 1.0",FALSE,TRUE,✴️,target level 70 or under,✴️,target level 70 or under,✴️,target level 70 or under,✴️,target level 70 or under,✴️,target level 70 or under,✴️,target level 70 or under,➖,TargetNotArmada,➖,TargetNotArmada,➖,TargetNotASB,➖,TargetNotArmada,✴️,target level 70 or under,✴️,target level 70 or under,➖,ShieldMitigation,➖,ShieldMitigation,3875841674,3553398304,38,Rare,,,target level 70 or under,1,1,1,1,1,0.6,0.7,0.8,0.9,1,,
119,DUPONT,CM,SURVEYORS & MINERS,MiningRate,,ShipLaunched,SelfShip,MultiplyAdd,"resources=[680796905, 1779416627, 84292608]","Raphaël DuPont increases the rate of G3 Crystal, Gas and Ore Mining by X.","+X to G3 Crystal, Gas and Ore Mining Speed","1.0, 1.0, 1.0","0.35, 0.1, 0.2",FALSE,TRUE,➖,MiningRate,➖,MiningRate,➖,MiningRate,➖,MiningRate,➖,MiningRate,➖,MiningRate,➖,MiningRate,➖,MiningRate,➖,MiningRate,➖,MiningRate,➖,MiningRate,➖,MiningRate,➖,MiningRate,✅,,4020180140,2446409392,39,Rare,,,,1,1,1,,,0.35,0.1,0.2,,,,
120,DUPONT,OA,SURVEYORS & MINERS,CargoProtection,,ShipLaunched,SelfShip,MultiplyAdd,,Raphaël DuPont increases the Protected Cargo by X.,+X to this ship's Protected Cargo,"1.0, 1.0, 1.0, 1.0, 1.0","0.5, 1.0, 1.5, 2.0, 3.0",FALSE,TRUE,➖,CargoProtection,➖,CargoProtection,➖,CargoProtection,➖,CargoProtection,➖,CargoProtection,➖,CargoProtection,➖,CargoProtection,➖,CargoProtection,➖,CargoProtection,➖,CargoProtection,➖,CargoProtection,➖,CargoProtection,➖,CargoProtection,✅,,3267066178,2446409392,39,Rare,,,,1,1,1,1,1,0.5,1,1.5,2,3,,
121,ZHOU,CM,SECTION 31,OfficerStatDefense,,ShipLaunched,SelfBridge,MultiplyAdd,,Paul Zhou increases the Defense of all Officers on the bridge of the ship by X,+X to Officer Defense on the bridge of the ship,"1.0, 1.0, 1.0","0.15, 0.06, 0.1",FALSE,TRUE,✅,,✅,,✅,,✅,,✅,,✅,,✅,,✅,,✅,,✅,,✅,,✅,,➖,OfficerStatDefense,➖,OfficerStatDefense,1892484976,1143746577,40,Uncommon,,,,1,1,1,,,0.15,0.06,0.1,,,,
122,ZHOU,OA,SECTION 31,AllDefenses,SelfHasMorale,RoundStart,SelfShip,MultiplyBaseAdd,"num_rounds=1, officer_stat=2","As long as the ship has Morale, Paul Zhou increases the Shield deflection, Armor and Dodge of the ship by X of the crew's Defense.","X of the crew's Defense bonus to Dodge, Armor and Shield Deflection while having Morale","1.0, 1.0, 1.0, 1.0, 1.0","0.3, 0.4, 0.8, 1.6, 3.0",FALSE,TRUE,✴️,SelfHasMorale,✴️,SelfHasMorale,✴️,SelfHasMorale,✴️,SelfHasMorale,✴️,SelfHasMorale,✴️,SelfHasMorale,✴️,SelfHasMorale,✴️,SelfHasMorale,✴️,SelfHasMorale,✴️,SelfHasMorale,✴️,SelfHasMorale,✴️,SelfHasMorale,➖,AllDefenses,➖,AllDefenses,4081666796,1143746577,40,Uncommon,Morale,,SelfHasMorale,1,1,1,1,1,0.3,0.4,0.8,1.6,3,,
123,MÄKINEN,CM,SURVEYORS & MINERS,MiningRate,,ShipLaunched,SelfShip,MultiplyAdd,"resources=[2325683920, 743985951, 2614028847, 1908242242, 96209859, 1371898528, 84292608, 1779416627, 680796905, 802509572, 2964093937, 3735331456, 2905009151, 1349464922, 3598797204, 1600760006, 2166628666, 1957060718, 1692987719, 2424553373, 2991010408, 2705205969, 563579678, 2164745208, 4275314946, 1734940706, 733419347, 3842158911, 2002611017, 3739531165, 999782265, 580616659, 3043859351, 3662113780, 2392079650, 3111281042, 2160856496, 3821364733, 1768524995, 1495067766, 2431214132, 3342042571, 819663825, 1586478890, 296474010, 2285412015, 2440004407, 1574840331, 298768773, 141958867]",Elea Mäkinen increases the Mining Speed of the ship by X.,+X to base Mining Speed,"1.0, 1.0, 1.0","0.1, 0.1, 0.2",FALSE,TRUE,➖,MiningRate,➖,MiningRate,➖,MiningRate,➖,MiningRate,➖,MiningRate,➖,MiningRate,➖,MiningRate,➖,MiningRate,➖,MiningRate,➖,MiningRate,➖,MiningRate,➖,MiningRate,➖,MiningRate,✅,,3618813132,3155462804,42,Uncommon,,,,1,1,1,,,0.1,0.1,0.2,,,,
124,MÄKINEN,OA,SURVEYORS & MINERS,MiningRate,,ShipLaunched,SelfShip,MultiplyAdd,"resources=[2991010408, 2705205969, 563579678]",Elea Mäkinen increases the rate of Isogen Mining by X.,+X to Isogen Mining Speed,"1.0, 1.0, 1.0, 1.0, 1.0","0.2, 0.4, 0.6, 0.8, 1.0",FALSE,TRUE,➖,MiningRate,➖,MiningRate,➖,MiningRate,➖,MiningRate,➖,MiningRate,➖,MiningRate,➖,MiningRate,➖,MiningRate,➖,MiningRate,➖,MiningRate,➖,MiningRate,➖,MiningRate,➖,MiningRate,✅,,2208202896,3155462804,42,Uncommon,,,,1,1,1,1,1,0.2,0.4,0.6,0.8,1,,
125,PIKE,CM,SHAKEDOWN CRUISE,OffAbilityEffect,TargetMaxLevel,CombatStart,SelfBridge,MultiplyAdd,max_level=70,Christopher Pike increases the effectiveness of all Officer Abilities that trigger in combat by X. Works against Hostiles of level 70 and under.,X increased effectiveness to Officer Abilities that activate in combat,"1.0, 1.0, 1.0","0.4, 0.4, 0.8",FALSE,TRUE,✴️,target level 70 or under,✴️,target level 70 or under,✴️,target level 70 or under,✴️,target level 70 or under,✴️,target level 70 or under,✴️,target level 70 or under,✴️,target level 70 or under,✴️,target level 70 or under,✴️,target level 70 or under,✴️,target level 70 or under,✴️,target level 70 or under,✴️,target level 70 or under,➖,OffAbilityEffect,➖,OffAbilityEffect,156238802,329940464,90,Epic,,,target level 70 or under,1,1,1,,,0.4,0.4,0.8,,,,
126,PIKE,OA,SHAKEDOWN CRUISE,CombatXPReward,,ShipLaunched,SelfShip,MultiplyAdd,,Christopher Pike increases the Ship XP earned by combat by X. Works against Hostiles of level 70 and under.,+X to Ship XP earned with this ship,"1.0, 1.0, 1.0, 1.0, 1.0","0.2, 0.3, 0.4, 0.5, 0.6",FALSE,TRUE,➖,CombatXPReward,➖,CombatXPReward,➖,CombatXPReward,➖,CombatXPReward,➖,CombatXPReward,➖,CombatXPReward,➖,CombatXPReward,➖,CombatXPReward,➖,CombatXPReward,➖,CombatXPReward,➖,CombatXPReward,➖,CombatXPReward,➖,CombatXPReward,✅,,2383265567,329940464,90,Epic,,,,1,1,1,1,1,0.2,0.3,0.4,0.5,0.6,,
127,MOREAU,CM,SHAKEDOWN CRUISE,ShieldHPRepair,,BattleWon,SelfShip,MultiplyAdd,,"After winning a battle, Moreau heals the Shield Health by X.",X Shield Health healed after winning,"1.0, 1.0, 1.0","0.4, 0.1, 0.2",FALSE,TRUE,✅,,✅,,✅,,✅,,✅,,✅,,✅,,✅,,✅,,✅,,✅,,✅,,➖,ShieldHPRepair,➖,ShieldHPRepair,10760547,3990993357,44,Rare,,,,1,1,1,,,0.4,0.1,0.2,,,,
128,MOREAU,OA,SHAKEDOWN CRUISE,AllPiercing,"TargetMaxLevel, EnemyHostile, TargetNotArmada",CombatStart,EnemyShip,MultiplySub,max_level=70,"Moreau decreases the Armor Piercing, Shield Piercing and Accuracy of Hostiles by X. Works against Hostiles of level 70 and under.",-X to Hostiles Penetration.,"1.0, 1.0, 1.0, 1.0, 1.0","0.3, 0.4, 0.5, 0.6, 0.7",FALSE,TRUE,➖,EnemyHostile,➖,EnemyHostile,✴️,target level 70 or under,✴️,target level 70 or under,➖,EnemyHostile,✴️,target level 70 or under,➖,TargetNotArmada,➖,TargetNotArmada,➖,EnemyHostile,➖,TargetNotArmada,➖,EnemyHostile,➖,EnemyHostile,➖,AllPiercing,➖,AllPiercing,1471408949,3990993357,44,Rare,,,target level 70 or under,1,1,1,1,1,0.3,0.4,0.5,0.6,0.7,,
129,HENDORFF,CM,SHAKEDOWN CRUISE,AllDefenses,HullHealthBelowStartOfCombat,RoundStart,SelfShip,MultiplyAdd,"num_rounds=1, percentage=0.5","As long as Hull Health is below 60% of its value at the start of combat, Hendorff increases Dodge, Armor and Shield Deflection by X.","+X to Dodge, Armor and Shield Deflection when Hull Health is below 60% of its Hull health at the start of the battle.","1.0, 1.0, 1.0","0.2, 0.1, 0.2",FALSE,TRUE,✴️,HullHealthBelowStartOfCombat,✴️,HullHealthBelowStartOfCombat,✴️,HullHealthBelowStartOfCombat,✴️,HullHealthBelowStartOfCombat,✴️,HullHealthBelowStartOfCombat,✴️,HullHealthBelowStartOfCombat,✴️,HullHealthBelowStartOfCombat,✴️,HullHealthBelowStartOfCombat,✴️,HullHealthBelowStartOfCombat,✴️,HullHealthBelowStartOfCombat,✴️,HullHealthBelowStartOfCombat,✴️,HullHealthBelowStartOfCombat,➖,AllDefenses,➖,AllDefenses,1815450665,3628828668,45,Uncommon,,,HullHealthBelowStartOfCombat,1,1,1,,,0.2,0.1,0.2,,,,
130,HENDORFF,OA,SHAKEDOWN CRUISE,CombatXPReward,SelfExplorer,ShipLaunched,SelfShip,MultiplyAdd,,Hendorff increases the Ship Experience gained on Explorers by X,+X to Ship XP on Explorers,"1.0, 1.0, 1.0, 1.0, 1.0","0.2, 0.3, 0.4, 0.5, 0.6",FALSE,TRUE,➖,CombatXPReward,➖,CombatXPReward,➖,CombatXPReward,➖,CombatXPReward,➖,CombatXPReward,➖,CombatXPReward,➖,CombatXPReward,➖,CombatXPReward,➖,CombatXPReward,➖,CombatXPReward,➖,CombatXPReward,➖,CombatXPReward,➖,CombatXPReward,✅,,4056050786,3628828668,45,Uncommon,,,,1,1,1,1,1,0.2,0.3,0.4,0.5,0.6,,
131,HADLEY,CM,SHAKEDOWN CRUISE,WarpSpeed,,ShipLaunched,SelfShip,MultiplyAdd,,Hadley increases the Warp Speed of the ship by X.,+X Officer XP gained from combat,"1.0, 1.0, 1.0","0.15, 0.1, 0.15",FALSE,TRUE,➖,WarpSpeed,➖,WarpSpeed,➖,WarpSpeed,➖,WarpSpeed,➖,WarpSpeed,➖,WarpSpeed,➖,WarpSpeed,➖,WarpSpeed,➖,WarpSpeed,➖,WarpSpeed,➖,WarpSpeed,➖,WarpSpeed,➖,WarpSpeed,✅,,511272321,3314108979,48,Common,,,,1,1,1,,,0.15,0.1,0.15,,,,
132,HADLEY,OA,SHAKEDOWN CRUISE,CombatXPReward,SelfSurveyor,ShipLaunched,SelfShip,MultiplyAdd,,Hadley increases Ship Experience gained on Survey ships by X.,+X to Experience gained on Survey ships,"1.0, 1.0, 1.0, 1.0, 1.0","0.2, 0.3, 0.4, 0.5, 0.6",FALSE,TRUE,➖,CombatXPReward,➖,CombatXPReward,➖,CombatXPReward,➖,CombatXPReward,➖,CombatXPReward,➖,CombatXPReward,➖,CombatXPReward,➖,CombatXPReward,➖,CombatXPReward,➖,CombatXPReward,➖,CombatXPReward,➖,CombatXPReward,➖,CombatXPReward,✅,,2331408146,3314108979,48,Common,,,,1,1,1,1,1,0.2,0.3,0.4,0.5,0.6,,
133,CAROL,CM,AUXILIARY CONTROLS,AllDamage,"EnemyPlayer, SelfDefending",CombatStart,EnemyShip,MultiplySub,,"When defending in battle against a player, Carol decreases the Weapon Damage from opponents by X.",-X To Opponent Damage when defending in battle,"1.0, 1.0, 1.0","0.4, 0.05, 0.1",FALSE,TRUE,✅,,✅,,➖,"EnemyPlayer, SelfDefending",➖,"EnemyPlayer, SelfDefending",➖,"EnemyPlayer, SelfDefending",➖,"EnemyPlayer, SelfDefending",➖,"EnemyPlayer, SelfDefending",➖,"EnemyPlayer, SelfDefending",➖,"EnemyPlayer, SelfDefending",➖,"EnemyPlayer, SelfDefending",➖,"EnemyPlayer, SelfDefending",➖,"EnemyPlayer, SelfDefending",➖,AllDamage,➖,AllDamage,2068090718,3722250154,92,Epic,,,,1,1,1,,,0.4,0.05,0.1,,,,
134,CAROL,OA,AUXILIARY CONTROLS,AllDamage,,ShipLaunched,SelfShip,MultiplyAdd,,Carol increases the Weapon Damage by X.,+X to Weapon Damage,"1.0, 1.0, 1.0, 1.0, 1.0","0.2, 0.25, 0.3, 0.35, 0.4",FALSE,TRUE,✅,,✅,,✅,,✅,,✅,,✅,,✅,,✅,,✅,,✅,,✅,,✅,,➖,AllDamage,➖,AllDamage,2541302043,3722250154,92,Epic,,,,1,1,1,1,1,0.2,0.25,0.3,0.35,0.4,,
135,ZAHRA,CM,AUXILIARY CONTROLS,HullHPMax,SelfAtStation,ShipLaunched,SelfShip,MultiplyAdd,,"When defending the Station, Zahra increases the ship's Hull Health by X.",+X to ship Hull Health when defending the Station,"1.0, 1.0, 1.0","0.1, 0.05, 0.1",FALSE,TRUE,➖,SelfAtStation,✅,,➖,SelfAtStation,➖,SelfAtStation,➖,SelfAtStation,➖,SelfAtStation,➖,SelfAtStation,➖,SelfAtStation,➖,SelfAtStation,➖,SelfAtStation,➖,SelfAtStation,➖,SelfAtStation,➖,HullHPMax,➖,HullHPMax,4231113561,407568868,59,Common,,,,1,1,1,,,0.1,0.05,0.1,,,,
136,ZAHRA,OA,AUXILIARY CONTROLS,AllDamage,SelfAtStation,ShipLaunched,SelfShip,MultiplyAdd,,"When defending the Station, Zahra increases the Weapon Damage by X.",+X to Damage dealt when defending the Station,"1.0, 1.0, 1.0, 1.0, 1.0","0.05, 0.08, 0.1, 0.15, 0.2",FALSE,TRUE,➖,SelfAtStation,✅,,➖,SelfAtStation,➖,SelfAtStation,➖,SelfAtStation,➖,SelfAtStation,➖,SelfAtStation,➖,SelfAtStation,➖,SelfAtStation,➖,SelfAtStation,➖,SelfAtStation,➖,SelfAtStation,➖,AllDamage,➖,AllDamage,243472742,407568868,59,Common,,,,1,1,1,1,1,0.05,0.08,0.1,0.15,0.2,,
137,KHAN,CM,KHAN'S CREW,AllDefenses,"TargetNotASB, EnemySentinel",CombatStart,EnemyAllShips,MultiplySub,num_rounds=2,"When attacking a Station, Khan has X chances of drastically reducing the mitigation of all opponent's ships and defense platforms for two rounds.",X chances to drastically reduce the opponent's station and ships Mitigation for 2 rounds,"0.5, 0.1, 0.25","10.0, 0.0, 0.0",TRUE,TRUE,➖,EnemySentinel,✅,,➖,EnemySentinel,➖,EnemySentinel,➖,EnemySentinel,➖,EnemySentinel,➖,EnemySentinel,➖,EnemySentinel,➖,TargetNotASB,➖,EnemySentinel,➖,EnemySentinel,➖,EnemySentinel,➖,AllDefenses,➖,AllDefenses,1479384085,2822661458,60,Epic,,,,0.5,0.1,0.25,,,10,0,0,,,,
138,KHAN,OA,KHAN'S CREW,CritChance,,HullDamageTaken,SelfShip,Add,,"Every time the Ship is hit by a Ship or Defense Platform weapon attack, Khan increases the Critical Hit Chances by X (cumulative). -- (Weapons with multiple shots will only trigger this ability once per attack.)",+X to Critical Hit chances every time the ship gets hit,"1.0, 1.0, 1.0, 1.0, 1.0","0.01, 0.02, 0.03, 0.04, 0.05",FALSE,FALSE,✅,,✅,,✅,,✅,,✅,,✅,,✅,,✅,,✅,,✅,,✅,,✅,,➖,CritChance,➖,CritChance,4235813457,2822661458,60,Epic,,,,1,1,1,1,1,0.01,0.02,0.03,0.04,0.05,,
139,JOACHIM,CM,KHAN'S CREW,AllDefenses,"TargetNotASB, EnemySentinel",CombatStart,SelfShip,Add,num_rounds=1,"When attacking a Station, Joachim has X chances of greatly increasing the mitigation of the ship for the first round of combat.",X chances to drastically increase the ship's mitigation against a Station for the first round.,"0.5, 0.1, 0.25","10000000.0, 0.0, 0.0",TRUE,TRUE,➖,EnemySentinel,✅,,➖,EnemySentinel,➖,EnemySentinel,➖,EnemySentinel,➖,EnemySentinel,➖,EnemySentinel,➖,EnemySentinel,➖,TargetNotASB,➖,EnemySentinel,➖,EnemySentinel,➖,EnemySentinel,➖,AllDefenses,➖,AllDefenses,416954820,3264304828,61,Rare,,,,0.5,0.1,0.25,,,10000000,0,0,,,,
140,JOACHIM,OA,KHAN'S CREW,AllDamage,"TargetNotASB, EnemySentinel",CombatStart,EnemyAllShips,MultiplySub,,"When attacking a Station, Joachim decreases the Weapon Damage of all opponent's Ships and Defense Platforms by X",-X to all opponent's ships and defense platforms damage in Station Combat,"1.0, 1.0, 1.0, 1.0, 1.0","0.1, 0.15, 0.2, 0.25, 0.3",FALSE,TRUE,➖,EnemySentinel,✅,,➖,EnemySentinel,➖,EnemySentinel,➖,EnemySentinel,➖,EnemySentinel,➖,EnemySentinel,➖,EnemySentinel,➖,TargetNotASB,➖,EnemySentinel,➖,EnemySentinel,➖,EnemySentinel,➖,AllDamage,➖,AllDamage,556660994,3264304828,61,Rare,,,,1,1,1,1,1,0.1,0.15,0.2,0.25,0.3,,
141,MARLA,CM,KHAN'S CREW,RepairTime,,ShipLaunched,SelfShip,MultiplyAdd,,Marla increases the Repair Speed of the ship by X.,+X to this ship's Repair Speed,"1.0, 1.0, 1.0","0.2, 0.05, 0.15",FALSE,TRUE,➖,RepairTime,➖,RepairTime,➖,RepairTime,➖,RepairTime,➖,RepairTime,➖,RepairTime,➖,RepairTime,➖,RepairTime,➖,RepairTime,➖,RepairTime,➖,RepairTime,➖,RepairTime,➖,RepairTime,✅,,2905060077,1617168639,62,Rare,,,,1,1,1,,,0.2,0.05,0.15,,,,
142,MARLA,OA,KHAN'S CREW,OfficerStatAll,,ShipLaunched,SelfCaptain,MultiplyAdd,,"Marla increases the Attack, Defense and Health of the captain by X",+X to this ship's Captain stats,"1.0, 1.0, 1.0, 1.0, 1.0","0.5, 0.6, 0.7, 0.8, 0.9",FALSE,TRUE,✅,,✅,,✅,,✅,,✅,,✅,,✅,,✅,,✅,,✅,,✅,,✅,,➖,OfficerStatAll,➖,OfficerStatAll,1434879169,1617168639,62,Rare,,,,1,1,1,1,1,0.5,0.6,0.7,0.8,0.9,,
143,JOAQUIN,CM,KHAN'S CREW,CargoProtection,,ShipLaunched,SelfShip,MultiplyAdd,,Joaquin increases the Protected Cargo of the ship by X,+X to this ship's Protected Cargo,"1.0, 1.0, 1.0","0.5, 0.15, 0.25",FALSE,TRUE,➖,CargoProtection,➖,CargoProtection,➖,CargoProtection,➖,CargoProtection,➖,CargoProtection,➖,CargoProtection,➖,CargoProtection,➖,CargoProtection,➖,CargoProtection,➖,CargoProtection,➖,CargoProtection,➖,CargoProtection,➖,CargoProtection,✅,,1585093811,3528103772,63,Uncommon,,,,1,1,1,,,0.5,0.15,0.25,,,,
144,JOAQUIN,OA,KHAN'S CREW,MiningRate,,ShipLaunched,SelfShip,MultiplyAdd,"resources=[1600760006, 2166628666]",Joaquin increases the Mining Rate of the ship by  X when mining Corrupted Data and Decoded Data.,+X to Corrupted and Decoded Data Mining Speed,"1.0, 1.0, 1.0, 1.0, 1.0","0.4, 0.6, 0.8, 1.0, 1.25",FALSE,TRUE,➖,MiningRate,➖,MiningRate,➖,MiningRate,➖,MiningRate,➖,MiningRate,➖,MiningRate,➖,MiningRate,➖,MiningRate,➖,MiningRate,➖,MiningRate,➖,MiningRate,➖,MiningRate,➖,MiningRate,✅,,1244413740,3528103772,63,Uncommon,,,,1,1,1,1,1,0.4,0.6,0.8,1,1.25,,
145,OTTO,CM,KHAN'S CREW,AllDamage,"EnemySentinel, TargetNotASB",RoundStart,SelfShip,MultiplyAdd,num_rounds=1,"At the start of each round, if the target of the ship is a Defense Platform, Otto increases the damage of the ship by X for that round.",+X damage to Defense Platforms,"1.0, 1.0, 1.0","0.2, 0.05, 0.1",FALSE,TRUE,➖,EnemySentinel,✅,,➖,EnemySentinel,➖,EnemySentinel,➖,EnemySentinel,➖,EnemySentinel,➖,EnemySentinel,➖,EnemySentinel,➖,TargetNotASB,➖,EnemySentinel,➖,EnemySentinel,➖,EnemySentinel,➖,AllDamage,➖,AllDamage,935457644,2219055924,64,Uncommon,,,,1,1,1,,,0.2,0.05,0.1,,,,
146,OTTO,OA,KHAN'S CREW,OfficerStatAttack,,ShipLaunched,SelfBridge,MultiplyAdd,,Otto increases the Attack of each officer on the Bridge of the ship by X.,+X Attack to every Officer on the Bridge of the ship,"1.0, 1.0, 1.0, 1.0, 1.0","0.2, 0.3, 0.4, 0.5, 0.6",FALSE,TRUE,✅,,✅,,✅,,✅,,✅,,✅,,✅,,✅,,✅,,✅,,✅,,✅,,➖,OfficerStatAttack,➖,OfficerStatAttack,2283189229,2219055924,64,Uncommon,,,,1,1,1,1,1,0.2,0.3,0.4,0.5,0.6,,
147,KATI,CM,KHAN'S CREW,CritChance,"EnemySentinel, TargetNotASB",RoundStart,SelfShip,Add,num_rounds=1,"At the start of each round, if the target of the ship is a Defense Platform, Kati increases the Chances of a Critical Hit by X for that round.",+X Critical Hit Chances against Defense Platforms,"1.0, 1.0, 1.0","0.04, 0.02, 0.03",FALSE,TRUE,➖,EnemySentinel,✅,,➖,EnemySentinel,➖,EnemySentinel,➖,EnemySentinel,➖,EnemySentinel,➖,EnemySentinel,➖,EnemySentinel,➖,TargetNotASB,➖,EnemySentinel,➖,EnemySentinel,➖,EnemySentinel,➖,CritChance,➖,CritChance,3199621934,1602389738,65,Uncommon,,,,1,1,1,,,0.04,0.02,0.03,,,,
148,KATI,OA,KHAN'S CREW,CritDamage,"TargetNotASB, EnemySentinel",CombatStart,SelfShip,Add,,"When attacking a Station, Kati increases the Critical Hit Damage by X.",+X Critical Hit Damage in Station Combat,"1.0, 1.0, 1.0, 1.0, 1.0","0.15, 0.2, 0.25, 0.3, 0.4",FALSE,FALSE,➖,EnemySentinel,✅,,➖,EnemySentinel,➖,EnemySentinel,➖,EnemySentinel,➖,EnemySentinel,➖,EnemySentinel,➖,EnemySentinel,➖,TargetNotASB,➖,EnemySentinel,➖,EnemySentinel,➖,EnemySentinel,➖,CritDamage,➖,CritDamage,905884666,1602389738,65,Uncommon,,,,1,1,1,1,1,0.15,0.2,0.25,0.3,0.4,,
149,NAVI,CM,KHAN'S CREW,CritDamage,SelfHasHullBreach,RoundStart,SelfShip,Add,num_rounds=1,"At the start of each round, if the ship has a Hull Breach, Navi increases the Critical Hit damage bonus by X for this round.",+X to Critical Hit Damage when the ship has a Hull Breach.,"1.0, 1.0, 1.0","0.2, 0.1, 0.2",FALSE,TRUE,✴️,SelfHasHullBreach,✴️,SelfHasHullBreach,✴️,SelfHasHullBreach,✴️,SelfHasHullBreach,✴️,SelfHasHullBreach,✴️,SelfHasHullBreach,✴️,SelfHasHullBreach,✴️,SelfHasHullBreach,✴️,SelfHasHullBreach,✴️,SelfHasHullBreach,✴️,SelfHasHullBreach,✴️,SelfHasHullBreach,➖,CritDamage,➖,CritDamage,1639285460,3019272402,120,Rare,Hull Breach,,SelfHasHullBreach,1,1,1,,,0.2,0.1,0.2,,,,
150,NAVI,OA,KHAN'S CREW,AllDefenses,SelfHasHullBreach,RoundStart,SelfShip,MultiplyAdd,num_rounds=1,"At the start of each round, if the ship has a Hull Breach, Navi increases the Armor, Shield Deflection and Dodge of the ship by X for this round.","+X to Armor, Shield Deflection and Dodge when the ship has a Hull Breach","1.0, 1.0, 1.0, 1.0, 1.0","0.5, 0.65, 0.85, 1.1, 1.4",FALSE,TRUE,✴️,SelfHasHullBreach,✴️,SelfHasHullBreach,✴️,SelfHasHullBreach,✴️,SelfHasHullBreach,✴️,SelfHasHullBreach,✴️,SelfHasHullBreach,✴️,SelfHasHullBreach,✴️,SelfHasHullBreach,✴️,SelfHasHullBreach,✴️,SelfHasHullBreach,✴️,SelfHasHullBreach,✴️,SelfHasHullBreach,➖,AllDefenses,➖,AllDefenses,2724936958,3019272402,120,Rare,Hull Breach,,SelfHasHullBreach,1,1,1,1,1,0.5,0.65,0.85,1.1,1.4,,
151,PAN,CM,KHAN'S CREW,ImpulseSpeed,,ShipLaunched,SelfShip,MultiplyAdd,,Pan increases the Impulse Speed of the ship by X.,+X to Impulse Speed,"1.0, 1.0, 1.0","0.2, 0.05, 0.15",FALSE,TRUE,➖,ImpulseSpeed,➖,ImpulseSpeed,➖,ImpulseSpeed,➖,ImpulseSpeed,➖,ImpulseSpeed,➖,ImpulseSpeed,➖,ImpulseSpeed,➖,ImpulseSpeed,➖,ImpulseSpeed,➖,ImpulseSpeed,➖,ImpulseSpeed,➖,ImpulseSpeed,➖,ImpulseSpeed,✅,,1080113780,43410162,121,Rare,,,,1,1,1,,,0.2,0.05,0.15,,,,
152,PAN,OA,KHAN'S CREW,AddState,,RoundStart,SelfShip,Set,"num_rounds=3, state=4","At the start of each round, Pan has a X chance of applying a Hull Breach to his own ship for 3 rounds.",X chance to apply a Hull Breach on your own ship for three rounds,"0.25, 0.35, 0.45, 0.55, 0.65","1.0, 1.0, 1.0, 1.0, 1.0",TRUE,TRUE,✅,,✅,,✅,,✅,,✅,,✅,,✅,,✅,,✅,,✅,,✅,,✅,,➖,AddState,➖,AddState,2657236509,43410162,121,Rare,,,,0.25,0.35,0.45,0.55,0.65,1,1,1,1,1,,
153,RIMA,CM,KHAN'S CREW,AllDamage,SelfHasHullBreach,RoundStart,SelfShip,MultiplyAdd,num_rounds=1,"At the start of each round, if the ship has a Hull Breach, Rima increases the Damage of the ship by X for this round.",+X to Damage when the ship has a Hull Breach,"1.0, 1.0, 1.0","0.4, 0.1, 0.2",FALSE,TRUE,✴️,SelfHasHullBreach,✴️,SelfHasHullBreach,✴️,SelfHasHullBreach,✴️,SelfHasHullBreach,✴️,SelfHasHullBreach,✴️,SelfHasHullBreach,✴️,SelfHasHullBreach,✴️,SelfHasHullBreach,✴️,SelfHasHullBreach,✴️,SelfHasHullBreach,✴️,SelfHasHullBreach,✴️,SelfHasHullBreach,➖,AllDamage,➖,AllDamage,2804399891,1349602017,122,Rare,Hull Breach,,SelfHasHullBreach,1,1,1,,,0.4,0.1,0.2,,,,
154,RIMA,OA,KHAN'S CREW,CritChance,SelfHasHullBreach,RoundStart,SelfShip,Add,num_rounds=1,"At the start of each round, if the ship has a Hull Breach, Rima adds X to Critical Hit chances",+X to Critical Hit chances when the ship has a Hull Breach,"1.0, 1.0, 1.0, 1.0, 1.0","0.05, 0.08, 0.1, 0.15, 0.2",FALSE,TRUE,✴️,SelfHasHullBreach,✴️,SelfHasHullBreach,✴️,SelfHasHullBreach,✴️,SelfHasHullBreach,✴️,SelfHasHullBreach,✴️,SelfHasHullBreach,✴️,SelfHasHullBreach,✴️,SelfHasHullBreach,✴️,SelfHasHullBreach,✴️,SelfHasHullBreach,✴️,SelfHasHullBreach,✴️,SelfHasHullBreach,➖,CritChance,➖,CritChance,1975058516,1349602017,122,Rare,Hull Breach,,SelfHasHullBreach,1,1,1,1,1,0.05,0.08,0.1,0.15,0.2,,
155,MUDD,CM,MUDD'S COMPANY,AllDamage,"TargetIsArmada, TargetMaxLevel",HitTaken,EnemyShip,MultiplySub,"max_level=70, num_rounds=1","When the ship takes damage from an Armada Target weapon attack, Harry Mudd decreases the Weapon Damage of that Armada Target by X for this round. Works against Hostiles of level 70 and under. -- (Weapons with multiple shots will only trigger this maneuver once per attack.)",-X to Armada Targets Weapon Damage when taking damage.,"1.0, 1.0, 1.0","0.1, 0.03, 0.05",FALSE,TRUE,➖,TargetIsArmada,➖,TargetIsArmada,➖,TargetIsArmada,➖,TargetIsArmada,➖,TargetIsArmada,➖,TargetIsArmada,✴️,target level 70 or under,✴️,target level 70 or under,➖,TargetIsArmada,➖,TargetIsArmada,➖,TargetIsArmada,➖,TargetIsArmada,➖,AllDamage,➖,AllDamage,2953367854,634330627,123,Epic,,,target level 70 or under,1,1,1,,,0.1,0.03,0.05,,,,
156,MUDD,OA,MUDD'S COMPANY,AllDamage,TargetMaxLevel,ShieldsDepleted,SelfShip,MultiplyAdd,max_level=70,"When the ship's Shield Health is depleted, Harry Mudd increases the Weapon Damage of the ship by X for the rest of the combat. Works against Hostiles of level 70 and under.",+X to Damage when the shields are depleted.,"1.0, 1.0, 1.0, 1.0, 1.0","2.0, 2.5, 3.0, 3.5, 4.0",FALSE,TRUE,✴️,target level 70 or under,✴️,target level 70 or under,✴️,target level 70 or under,✴️,target level 70 or under,✴️,target level 70 or under,✴️,target level 70 or under,✴️,target level 70 or under,✴️,target level 70 or under,✴️,target level 70 or under,✴️,target level 70 or under,✴️,target level 70 or under,✴️,target level 70 or under,➖,AllDamage,➖,AllDamage,1501211612,634330627,123,Epic,,,target level 70 or under,1,1,1,1,1,2,2.5,3,3.5,4,,
157,EURYDICE,CM,MUDD'S COMPANY,AllDamage,TargetMaxLevel,ShieldDamageTaken,SelfShip,MultiplyAdd,max_level=70,"When the ship loses Shield Health from a weapon attack, Eurydice increases the damage of the weapons by X (cumulative). Works against Hostiles of level 70 and under. -- (Weapons with multiple shots will only trigger this maneuver once per attack.)",+X to Damage when taking SHP damage,"1.0, 1.0, 1.0","0.1, 0.02, 0.05",FALSE,TRUE,✴️,target level 70 or under,✴️,target level 70 or under,✴️,target level 70 or under,✴️,target level 70 or under,✴️,target level 70 or under,✴️,target level 70 or under,✴️,target level 70 or under,✴️,target level 70 or under,✴️,target level 70 or under,✴️,target level 70 or under,✴️,target level 70 or under,✴️,target level 70 or under,➖,AllDamage,➖,AllDamage,3789527814,949329475,124,Epic,,,target level 70 or under,1,1,1,,,0.1,0.02,0.05,,,,
158,EURYDICE,OA,MUDD'S COMPANY,ShieldHPRepair,TargetMaxLevel,ShieldsDepleted,SelfShip,MultiplyAdd,max_level=70,"When the shields are depleted, Eurydice has a X chance to heal the Shield Health by 5%. Works against Hostiles of level 70 and under.",X chance to heal 5% shields when they're depleted.,"0.35, 0.45, 0.55, 0.65, 0.75","0.05, 0.05, 0.05, 0.05, 0.05",TRUE,TRUE,✴️,target level 70 or under,✴️,target level 70 or under,✴️,target level 70 or under,✴️,target level 70 or under,✴️,target level 70 or under,✴️,target level 70 or under,✴️,target level 70 or under,✴️,target level 70 or under,✴️,target level 70 or under,✴️,target level 70 or under,✴️,target level 70 or under,✴️,target level 70 or under,➖,ShieldHPRepair,➖,ShieldHPRepair,1608351478,949329475,124,Epic,,,target level 70 or under,0.35,0.45,0.55,0.65,0.75,0.05,0.05,0.05,0.05,0.05,,
159,SESHA,CM,MUDD'S COMPANY,CritChance,EnemyHullFaction,CombatStart,EnemyShip,Sub,faction_id=1750120904,"If the opponent is an Eclipse hostile (including Armada Targets), Sesha has a X chance to reduce the opponent's Critical Hit Chance by 15%",X chance to decrease Eclipse's hostile Critical Hit Chance by 15%,"0.2, 0.1, 0.2","0.15, 0.0, 0.0",TRUE,TRUE,➖,EnemyHullFaction,➖,EnemyHullFaction,✴️,Eclipse,✴️,Eclipse,✴️,Eclipse,✴️,Eclipse,✴️,Eclipse,✴️,Eclipse,✴️,Eclipse,➖,EnemyHullFaction,➖,EnemyHullFaction,➖,EnemyHullFaction,➖,CritChance,➖,CritChance,196211263,2651130337,126,Common,,,Eclipse,0.2,0.1,0.2,,,0.15,0,0,,,,
160,SESHA,OA,MUDD'S COMPANY,CritDamage,EnemyHullFaction,CombatStart,SelfShip,Add,"faction_id=1750120904, num_rounds=3","For the first three rounds of combat, when fighting Eclipse hostiles (including Armada Targets), Sesha increases the Critical Damage Bonus of the ship by X.",+X to Critical Hit Damage against Eclipse hostiles,"1.0, 1.0, 1.0, 1.0, 1.0","0.2, 0.3, 0.5, 0.7, 0.9",FALSE,TRUE,➖,EnemyHullFaction,➖,EnemyHullFaction,✴️,Eclipse,✴️,Eclipse,✴️,Eclipse,✴️,Eclipse,✴️,Eclipse,✴️,Eclipse,✴️,Eclipse,➖,EnemyHullFaction,➖,EnemyHullFaction,➖,EnemyHullFaction,➖,CritDamage,➖,CritDamage,4129104008,2651130337,126,Common,,,Eclipse,1,1,1,1,1,0.2,0.3,0.5,0.7,0.9,,
161,RO MUDD,CM,MUDD'S COMPANY,OfficerStatAll,,ShipLaunched,SelfCaptain,MultiplyAdd,,Ro Mudd increases her stats by X when she is the captain.,+X to the Captain's Stats,"1.0, 1.0, 1.0","0.5, 0.25, 0.5",FALSE,TRUE,✅,,✅,,✅,,✅,,✅,,✅,,✅,,✅,,✅,,✅,,✅,,✅,,➖,OfficerStatAll,➖,OfficerStatAll,1604629509,1330179266,125,Rare,,,,1,1,1,,,0.5,0.25,0.5,,,,
162,RO MUDD,OA,MUDD'S COMPANY,AllDamage,,CombatStart,SelfShip,MultiplyBaseAdd,officer_stat=1,"At the start of combat, Ro Mudd has a X chance of increasing the Damage dealt by the ship by 300% of the total Attack of all officers on the ship for the whole combat.",X chance to increase damage by 300% of Officers Attack,"0.2, 0.3, 0.4, 0.5, 0.6","3.0, 3.0, 3.0, 3.0, 3.0",TRUE,TRUE,✅,,✅,,✅,,✅,,✅,,✅,,✅,,✅,,✅,,✅,,✅,,✅,,➖,AllDamage,➖,AllDamage,3958845992,1330179266,125,Rare,,,,0.2,0.3,0.4,0.5,0.6,3,3,3,3,3,,
163,GOON,CM,MUDD'S COMPANY,CritChance,EnemyHostile,CombatStart,SelfShip,Add,num_rounds=1,"When fighting Hostiles, Goon increases the chances of dealing a Critical Hit by  X for the first round of combat.",+X to Critical Hit Chance against hostiles for the first round,"1.0, 1.0, 1.0","0.2, 0.15, 0.2",FALSE,TRUE,➖,EnemyHostile,➖,EnemyHostile,✅,,✅,,➖,EnemyHostile,✅,,✅,,✅,,➖,EnemyHostile,✅,,➖,EnemyHostile,➖,EnemyHostile,➖,CritChance,➖,CritChance,3587777576,1083140166,127,Uncommon,,,,1,1,1,,,0.2,0.15,0.2,,,,
164,GOON,OA,MUDD'S COMPANY,CombatXPReward,,ShipLaunched,SelfShip,MultiplyAdd,,Goon increases the Ship XP gained by the ship from fighting by X.,+X to Ship XP gained while fighting,"1.0, 1.0, 1.0, 1.0, 1.0","0.15, 0.2, 0.25, 0.35, 0.5",FALSE,TRUE,➖,CombatXPReward,➖,CombatXPReward,➖,CombatXPReward,➖,CombatXPReward,➖,CombatXPReward,➖,CombatXPReward,➖,CombatXPReward,➖,CombatXPReward,➖,CombatXPReward,➖,CombatXPReward,➖,CombatXPReward,➖,CombatXPReward,➖,CombatXPReward,✅,,2608766342,1083140166,127,Uncommon,,,,1,1,1,1,1,0.15,0.2,0.25,0.35,0.5,,
165,AHVIX,CM,MUDD'S COMPANY,CritChance,EnemyHullFaction,CombatStart,SelfShip,Add,"faction_id=1750120904, num_rounds=3","When fighting Eclipse hostiles (including Armada Targets), for the first three rounds of combat, Ahvix increases the chances of a Critical Hit by X",+X to Critical Hit Chance for the first three rounds against Eclipse hostiles.,"1.0, 1.0, 1.0","0.2, 0.05, 0.1",FALSE,TRUE,➖,EnemyHullFaction,➖,EnemyHullFaction,✴️,Eclipse,✴️,Eclipse,✴️,Eclipse,✴️,Eclipse,✴️,Eclipse,✴️,Eclipse,✴️,Eclipse,➖,EnemyHullFaction,➖,EnemyHullFaction,➖,EnemyHullFaction,➖,CritChance,➖,CritChance,1074437376,229898163,129,Rare,,,Eclipse,1,1,1,,,0.2,0.05,0.1,,,,
166,AHVIX,OA,MUDD'S COMPANY,AllDefenses,EnemyHullFaction,CombatStart,EnemyShip,MultiplySub,faction_id=1750120904,"When fighting Eclipse hostiles (including Armadas), Ahvix has a X chance to decrease the Shield Deflection, Armor and Dodge of the opponent by 40% .",X chance to reduce Eclipse hostiles's mitigation by 40%,"0.25, 0.3, 0.35, 0.4, 0.5","0.4, 0.4, 0.4, 0.4, 0.4",TRUE,TRUE,➖,EnemyHullFaction,➖,EnemyHullFaction,✴️,Eclipse,✴️,Eclipse,✴️,Eclipse,✴️,Eclipse,✴️,Eclipse,✴️,Eclipse,✴️,Eclipse,➖,EnemyHullFaction,➖,EnemyHullFaction,➖,EnemyHullFaction,➖,AllDefenses,➖,AllDefenses,3792739416,229898163,129,Rare,,,Eclipse,0.25,0.3,0.35,0.4,0.5,0.4,0.4,0.4,0.4,0.4,,
167,TIZA,CM,MUDD'S COMPANY,ShieldMitigation,EnemyHullFaction,CombatStart,EnemyShip,MultiplySub,"faction_id=1750120904, num_rounds=3","When fighting Eclipse hostiles (including Armada Targets), for the first three rounds of combat, Tiza decreases the Shield Mitigation of the opponent by X",-X to Eclipse hostile's Shield Mitigation for the first round,"1.0, 1.0, 1.0","0.04, 0.01, 0.02",FALSE,TRUE,➖,EnemyHullFaction,➖,EnemyHullFaction,✴️,Eclipse,✴️,Eclipse,✴️,Eclipse,✴️,Eclipse,✴️,Eclipse,✴️,Eclipse,✴️,Eclipse,➖,EnemyHullFaction,➖,EnemyHullFaction,➖,EnemyHullFaction,➖,ShieldMitigation,➖,ShieldMitigation,254956305,3106264505,128,Common,,,Eclipse,1,1,1,,,0.04,0.01,0.02,,,,
168,TIZA,OA,MUDD'S COMPANY,AllDefenses,EnemyHullFaction,CombatStart,SelfShip,MultiplyAdd,faction_id=1750120904,"When fighting Eclipse hostiles (including Armadas), Tiza has a X chance to increase Shield Deflection, Armor and Dodge by 100% for the whole combat.",X chance to increase mitigation by 100% against Eclipse hostiles,"0.35, 0.45, 0.55, 0.65, 0.75","1.0, 1.0, 1.0, 1.0, 1.0",TRUE,TRUE,➖,EnemyHullFaction,➖,EnemyHullFaction,✴️,Eclipse,✴️,Eclipse,✴️,Eclipse,✴️,Eclipse,✴️,Eclipse,✴️,Eclipse,✴️,Eclipse,➖,EnemyHullFaction,➖,EnemyHullFaction,➖,EnemyHullFaction,➖,AllDefenses,➖,AllDefenses,780595425,3106264505,128,Common,,,Eclipse,0.35,0.45,0.55,0.65,0.75,1,1,1,1,1,,
169,HARRY MUDD,CM,MUDD'S COMPANY,ShieldMitigation,TargetMaxLevel,CombatStart,SelfShip,Add,"max_level=70, num_rounds=2",Harcourt Fenton Mudd has a X chance to raise shield mitigation to 98% for the first two rounds of combat. Works against Hostiles of level 70 and under.,X chance to have 98% shield mitigation for the first two rounds of combat,"0.4, 0.1, 0.2","0.18, 0.0, 0.0",TRUE,TRUE,✴️,target level 70 or under,✴️,target level 70 or under,✴️,target level 70 or under,✴️,target level 70 or under,✴️,target level 70 or under,✴️,target level 70 or under,✴️,target level 70 or under,✴️,target level 70 or under,✴️,target level 70 or under,✴️,target level 70 or under,✴️,target level 70 or under,✴️,target level 70 or under,➖,ShieldMitigation,➖,ShieldMitigation,2186472721,677303054,130,Epic,,,target level 70 or under,0.4,0.1,0.2,,,0.18,0,0,,,,
170,HARRY MUDD,OA,MUDD'S COMPANY,ShotsPerAttack,TargetMaxLevel,CombatStart,SelfShip,MultiplyAdd,"max_level=70, num_rounds=1",Harcourt Fenton Mudd has a X chance to double the shots of all the weapons of the ship for the first round of combat. Works against Hostiles of level 70 and under.,X chance to double shots for the first round,"0.2, 0.3, 0.4, 0.5, 0.6","1.0, 1.0, 1.0, 1.0, 1.0",TRUE,TRUE,✴️,target level 70 or under,✴️,target level 70 or under,✴️,target level 70 or under,✴️,target level 70 or under,✴️,target level 70 or under,✴️,target level 70 or under,✴️,target level 70 or under,✴️,target level 70 or under,✴️,target level 70 or under,✴️,target level 70 or under,✴️,target level 70 or under,✴️,target level 70 or under,➖,ShotsPerAttack,➖,ShotsPerAttack,143246507,677303054,130,Epic,,,target level 70 or under,0.2,0.3,0.4,0.5,0.6,1,1,1,1,1,,
171,KRAS,CM,GLORY IN THE KILL,CptManeuverEffect,EnemyPlayer,CombatStart,EnemyCaptain,MultiplySub,,Kras decreases the effectiveness of the opponent's Captain's Maneuver by X.,-X to opponent's Captain's Maneuver effectiveness,"1.0, 1.0, 1.0","0.2, 0.1, 0.15",FALSE,TRUE,✅,,✅,,➖,EnemyPlayer,➖,EnemyPlayer,➖,EnemyPlayer,➖,EnemyPlayer,➖,EnemyPlayer,➖,EnemyPlayer,➖,EnemyPlayer,➖,EnemyPlayer,➖,EnemyPlayer,➖,EnemyPlayer,➖,CptManeuverEffect,➖,CptManeuverEffect,3721061052,2847497836,76,Epic,,,,1,1,1,,,0.2,0.1,0.15,,,,
172,KRAS,OA,GLORY IN THE KILL,OfficerStatAll,EnemyPlayer,CombatStart,EnemyBridge,MultiplySub,,"Kras decreases the Attack, Defense and Health of all the Officers on the Bridge of the opponent's ship by X.",-X To all the stats of the opponent's Bridge Officers,"1.0, 1.0, 1.0, 1.0, 1.0","0.2, 0.3, 0.4, 0.5, 0.6",FALSE,TRUE,✅,,✅,,➖,EnemyPlayer,➖,EnemyPlayer,➖,EnemyPlayer,➖,EnemyPlayer,➖,EnemyPlayer,➖,EnemyPlayer,➖,EnemyPlayer,➖,EnemyPlayer,➖,EnemyPlayer,➖,EnemyPlayer,➖,OfficerStatAll,➖,OfficerStatAll,3322010576,2847497836,76,Epic,,,,1,1,1,1,1,0.2,0.3,0.4,0.5,0.6,,
173,KLAA,CM,GLORY IN THE KILL,ImpulseSpeed,,ShipLaunched,SelfShip,MultiplyAdd,,Klaa increases the Impulse Speed of the ship by X.,+X to Impulse Speed,"1.0, 1.0, 1.0","0.25, 0.03, 0.05",FALSE,TRUE,➖,ImpulseSpeed,➖,ImpulseSpeed,➖,ImpulseSpeed,➖,ImpulseSpeed,➖,ImpulseSpeed,➖,ImpulseSpeed,➖,ImpulseSpeed,➖,ImpulseSpeed,➖,ImpulseSpeed,➖,ImpulseSpeed,➖,ImpulseSpeed,➖,ImpulseSpeed,➖,ImpulseSpeed,✅,,2580371455,2601201375,77,Uncommon,,,,1,1,1,,,0.25,0.03,0.05,,,,
174,KLAA,OA,GLORY IN THE KILL,CritDamage,,ShipLaunched,SelfShip,Add,,Klaa increases the Critical Hit Damage of the ship by X.,+X to Critical Hit Damage,"1.0, 1.0, 1.0, 1.0, 1.0","0.08, 0.1, 0.13, 0.17, 0.2",FALSE,TRUE,✅,,✅,,✅,,✅,,✅,,✅,,✅,,✅,,✅,,✅,,✅,,✅,,➖,CritDamage,➖,CritDamage,1433248203,2601201375,77,Uncommon,,,,1,1,1,1,1,0.08,0.1,0.13,0.17,0.2,,
175,VIXIS,CM,GLORY IN THE KILL,AllReloadSpeed,"TargetNotArmada, TargetNotASB",RoundStart,EnemyShip,Add,num_rounds=2,"At the beginning of each round, Vixis has a X chance of delaying the opponent Weapon Fire by one round.",X chance to delay opponent's Weapons each round for 1 round,"0.06, 0.01, 0.02","1.0, 0.0, 0.0",TRUE,TRUE,✅,,✅,,✅,,✅,,✅,,✅,,➖,TargetNotArmada,➖,TargetNotArmada,➖,TargetNotASB,➖,TargetNotArmada,✅,,✅,,➖,AllReloadSpeed,➖,AllReloadSpeed,3053788649,2517597941,78,Uncommon,,,,0.06,0.01,0.02,,,1,0,0,,,,
176,VIXIS,OA,GLORY IN THE KILL,AllDamage,"EnemyPlayer, ModuleEnergy",CombatStart,EnemyShip,MultiplySub,,Vixis decreases the Energy Weapon Damage of opponent players by X.,-X less Energy Damage from player enemies,"1.0, 1.0, 1.0, 1.0, 1.0","0.1, 0.12, 0.15, 0.2, 0.3",FALSE,TRUE,✴️,ModuleEnergy,✴️,ModuleEnergy,➖,"EnemyPlayer, ModuleEnergy",➖,"EnemyPlayer, ModuleEnergy",➖,"EnemyPlayer, ModuleEnergy",➖,"EnemyPlayer, ModuleEnergy",➖,"EnemyPlayer, ModuleEnergy",➖,"EnemyPlayer, ModuleEnergy",➖,"EnemyPlayer, ModuleEnergy",➖,"EnemyPlayer, ModuleEnergy",➖,"EnemyPlayer, ModuleEnergy",➖,"EnemyPlayer, ModuleEnergy",➖,AllDamage,➖,AllDamage,3174366498,2517597941,78,Uncommon,,,ModuleEnergy,1,1,1,1,1,0.1,0.12,0.15,0.2,0.3,,
177,CADET KIRK,CM,ANOTHER TIME,OfficerStatAll,,ShipLaunched,SelfBridge,MultiplyAdd,,"Cadet Kirk increases the Attack, Defense and Health of all Officers on the Bridge by X.",+X to all Officer stats on the Bridge,"1.0, 1.0, 1.0","0.08, 0.03, 0.06",FALSE,TRUE,✅,,✅,,✅,,✅,,✅,,✅,,✅,,✅,,✅,,✅,,✅,,✅,,➖,OfficerStatAll,➖,OfficerStatAll,2369873168,1525867544,83,Common,,,,1,1,1,,,0.08,0.03,0.06,,,,
178,CADET KIRK,OA,ANOTHER TIME,AllDamage,,ShipLaunched,SelfShip,MultiplyAdd,,Kirk increases the Weapon damage of the ship by X.,+X to Weapon Damage,"1.0, 1.0, 1.0, 1.0, 1.0","0.05, 0.08, 0.12, 0.15, 0.2",FALSE,TRUE,✅,,✅,,✅,,✅,,✅,,✅,,✅,,✅,,✅,,✅,,✅,,✅,,➖,AllDamage,➖,AllDamage,3200446473,1525867544,83,Common,,,,1,1,1,1,1,0.05,0.08,0.12,0.15,0.2,,
179,INSTR. SPOCK,CM,ANOTHER TIME,AllDamage,,ShipLaunched,SelfShip,MultiplyAdd,,Instructor Spock increases the Weapon Damage of the ship by X.,+X to Damage,"1.0, 1.0, 1.0","0.05, 0.02, 0.05",FALSE,TRUE,✅,,✅,,✅,,✅,,✅,,✅,,✅,,✅,,✅,,✅,,✅,,✅,,➖,AllDamage,➖,AllDamage,1862576044,1622062016,84,Common,,,,1,1,1,,,0.05,0.02,0.05,,,,
180,INSTR. SPOCK,OA,ANOTHER TIME,AllDefenses,,ShipLaunched,SelfShip,MultiplyAdd,,"Instructor Spock increases the Shield Deflection, Armor and Dodge of the ship by X.","+X to Dodge, Shield Deflection and Armor","1.0, 1.0, 1.0, 1.0, 1.0","0.05, 0.08, 0.12, 0.15, 0.2",FALSE,TRUE,✅,,✅,,✅,,✅,,✅,,✅,,✅,,✅,,✅,,✅,,✅,,✅,,➖,AllDefenses,➖,AllDefenses,2372470621,1622062016,84,Common,,,,1,1,1,1,1,0.05,0.08,0.12,0.15,0.2,,
181,CADET MCCOY,CM,ANOTHER TIME,OfficerStatHealth,,ShipLaunched,SelfBridge,MultiplyAdd,,Cadet McCoy increases the Health of all Officers on the ship by X.,+X to Officers Health on the ship,"1.0, 1.0, 1.0","0.1, 0.05, 0.1",FALSE,TRUE,✅,,✅,,✅,,✅,,✅,,✅,,✅,,✅,,✅,,✅,,✅,,✅,,➖,OfficerStatHealth,➖,OfficerStatHealth,779039619,1853520303,85,Common,,,,1,1,1,,,0.1,0.05,0.1,,,,
182,CADET MCCOY,OA,ANOTHER TIME,CptManeuverEffect,,CombatStart,SelfCaptain,MultiplyAdd,,"During combat, Cadet McCoy increases the effectiveness of the Captain Maneuver by X.",+X to the effectiveness of the Captain Maneuver,"1.0, 1.0, 1.0, 1.0, 1.0","0.04, 0.06, 0.08, 0.1, 0.12",FALSE,TRUE,✅,,✅,,✅,,✅,,✅,,✅,,✅,,✅,,✅,,✅,,✅,,✅,,➖,CptManeuverEffect,➖,CptManeuverEffect,4225330505,1853520303,85,Common,,,,1,1,1,1,1,0.04,0.06,0.08,0.1,0.12,,
183,CADET SCOTTY,CM,ANOTHER TIME,HullHPMax,,ShipLaunched,SelfShip,MultiplyAdd,,Cadet Scotty increases the Ship Hull Health by X.,+X to Hull Health,"1.0, 1.0, 1.0","0.1, 0.02, 0.05",FALSE,TRUE,✅,,✅,,✅,,✅,,✅,,✅,,✅,,✅,,✅,,✅,,✅,,✅,,➖,HullHPMax,➖,HullHPMax,3029156666,4150311506,86,Common,,,,1,1,1,,,0.1,0.02,0.05,,,,
184,CADET SCOTTY,OA,ANOTHER TIME,WarpDistance,,ShipLaunched,SelfShip,Add,,Cadet Scotty increases the Warp Distance of the ship by X.,+X Warp Distance,"1.0, 1.0, 1.0, 1.0, 1.0","1.0, 2.0, 3.0, 4.0, 5.0",FALSE,FALSE,➖,WarpDistance,➖,WarpDistance,➖,WarpDistance,➖,WarpDistance,➖,WarpDistance,➖,WarpDistance,➖,WarpDistance,➖,WarpDistance,➖,WarpDistance,➖,WarpDistance,➖,WarpDistance,➖,WarpDistance,➖,WarpDistance,✅,,2254319436,4150311506,86,Common,,,,1,1,1,1,1,1,2,3,4,5,,
185,CADET UHURA,CM,ANOTHER TIME,AllDamage,"TargetNotArmada, TargetNotASB",CombatStart,EnemyShip,MultiplySub,,Cadet Uhura decreases the Weapon Damage of the opponent's ship by X.,-X to the opponent's ship Weapon Damage,"1.0, 1.0, 1.0","0.1, 0.02, 0.05",FALSE,TRUE,✅,,✅,,✅,,✅,,✅,,✅,,➖,TargetNotArmada,➖,TargetNotArmada,➖,TargetNotASB,➖,TargetNotArmada,✅,,✅,,➖,AllDamage,➖,AllDamage,734855586,194631754,87,Common,,,,1,1,1,,,0.1,0.02,0.05,,,,
186,CADET UHURA,OA,ANOTHER TIME,ShieldHPMax,,ShipLaunched,SelfShip,MultiplyAdd,,Cadet Uhura increases the Shield Health of the ship by X.,+X to Shield Health,"1.0, 1.0, 1.0, 1.0, 1.0","0.05, 0.07, 0.09, 0.11, 0.14",FALSE,TRUE,✅,,✅,,✅,,✅,,✅,,✅,,✅,,✅,,✅,,✅,,✅,,✅,,➖,ShieldHPMax,➖,ShieldHPMax,2570807487,194631754,87,Common,,,,1,1,1,1,1,0.05,0.07,0.09,0.11,0.14,,
187,CADET SULU,CM,ANOTHER TIME,AllDamage,,CombatStart,SelfShip,MultiplyAdd,num_rounds=1,Cadet Sulu increases the damage of the first shots of the ship by X for the first round.,+X to Damage for the first round,"1.0, 1.0, 1.0","0.05, 0.05, 0.1",FALSE,TRUE,✅,,✅,,✅,,✅,,✅,,✅,,✅,,✅,,✅,,✅,,✅,,✅,,➖,AllDamage,➖,AllDamage,1782601905,4066988596,88,Common,,,,1,1,1,,,0.05,0.05,0.1,,,,
188,CADET SULU,OA,ANOTHER TIME,OfficerStatAttack,,ShipLaunched,SelfBridge,MultiplyAdd,,Cadet Sulu increases the Attack of all the Officers on the ship by X.,+X to the Attack of all the officers in the ship,"1.0, 1.0, 1.0, 1.0, 1.0","0.05, 0.08, 0.1, 0.12, 0.15",FALSE,TRUE,✅,,✅,,✅,,✅,,✅,,✅,,✅,,✅,,✅,,✅,,✅,,✅,,➖,OfficerStatAttack,➖,OfficerStatAttack,1980387696,4066988596,88,Common,,,,1,1,1,1,1,0.05,0.08,0.1,0.12,0.15,,
189,JAYLAH,CM,JAYLAH,CombatPveRewards,SelfHullFranklins,ShipLaunched,SelfShip,MultiplyAdd,,Jaylah increases the amount of resources you get from killing hostiles and Outposts by X while on the Franklin and Franklin-A.,+X to resources dropped by hostiles and Outposts when on either Franklin or Franklin-A.,"1.0, 1.0, 1.0","1.0, 0.0, 0.0",FALSE,TRUE,➖,CombatPveRewards,➖,CombatPveRewards,✴️,on USS Franklin(-A),➖,CombatPveRewards,➖,CombatPveRewards,➖,CombatPveRewards,✴️,on USS Franklin(-A),✴️,on USS Franklin(-A),➖,CombatPveRewards,✴️,on USS Franklin(-A),✴️,on USS Franklin(-A),✴️,on USS Franklin(-A),✅,,➖,CombatPveRewards,3406935770,3479870516,94,Epic,,,CombatPveRewards (on USS-Franklin(-A)),1,1,1,,,1,0,0,,,,
190,JAYLAH,OA,JAYLAH,ShotsPerAttack,"EnemyHullFaction, SelfHullFranklins",CombatStart,SelfShip,Add,faction_id=2489857622,"When Jaylah is on the Franklin and fighting Swarm hostiles, Jaylah increases the number of shots of the Franklin and Franklin-A by X.",+X shots against Swarms on either Franklin.,"1.0, 1.0, 1.0, 1.0, 1.0","1.0, 2.0, 3.0, 4.0, 5.0",FALSE,FALSE,➖,"EnemyHullFaction, SelfHullFranklins",➖,"EnemyHullFaction, SelfHullFranklins",✴️,"EnemyHullFaction, SelfHullFranklins",✴️,"EnemyHullFaction, SelfHullFranklins",✴️,"EnemyHullFaction, SelfHullFranklins",✴️,"EnemyHullFaction, SelfHullFranklins",✴️,"EnemyHullFaction, SelfHullFranklins",✴️,"EnemyHullFaction, SelfHullFranklins",✴️,"EnemyHullFaction, SelfHullFranklins",➖,"EnemyHullFaction, SelfHullFranklins",➖,"EnemyHullFaction, SelfHullFranklins",➖,"EnemyHullFaction, SelfHullFranklins",➖,ShotsPerAttack,➖,ShotsPerAttack,565052704,3479870516,94,Epic,,,"EnemyHullFaction, SelfHullFranklins",1,1,1,1,1,1,2,3,4,5,,
191,ONE OF ELEVEN,CM,UNIMATRIX TWELVE,ShieldMitigation,,CombatStart,SelfShip,Add,,The ship mitigates X more damage to the Shield Health instead of the Hull Health.,+X damage mitigated by the shields.,"1.0, 1.0, 1.0","0.05, 0.01, 0.02",FALSE,TRUE,✅,,✅,,✅,,✅,,✅,,✅,,✅,,✅,,✅,,✅,,✅,,✅,,➖,ShieldMitigation,➖,ShieldMitigation,2296568320,989647182,110,Rare,,,,1,1,1,,,0.05,0.01,0.02,,,,
192,ONE OF ELEVEN,OA,UNIMATRIX TWELVE,CargoProtection,,ShipLaunched,SelfShip,MultiplyAdd,,The Protected Cargo is increased by X,+X to the Protected Cargo of the ship,"1.0, 1.0, 1.0, 1.0, 1.0","0.3, 0.35, 0.4, 0.45, 0.5",FALSE,TRUE,➖,CargoProtection,➖,CargoProtection,➖,CargoProtection,➖,CargoProtection,➖,CargoProtection,➖,CargoProtection,➖,CargoProtection,➖,CargoProtection,➖,CargoProtection,➖,CargoProtection,➖,CargoProtection,➖,CargoProtection,➖,CargoProtection,✅,,4130092864,989647182,110,Rare,,,,1,1,1,1,1,0.3,0.35,0.4,0.45,0.5,,
193,TWO OF ELEVEN,CM,UNIMATRIX TWELVE,CargoCapacity,,ShipLaunched,SelfShip,MultiplyAdd,,Two of Eleven increases the Cargo size of the ship by X.,+X to Cargo size,"1.0, 1.0, 1.0","0.2, 0.05, 0.15",FALSE,TRUE,➖,CargoCapacity,➖,CargoCapacity,➖,CargoCapacity,➖,CargoCapacity,➖,CargoCapacity,➖,CargoCapacity,➖,CargoCapacity,➖,CargoCapacity,➖,CargoCapacity,➖,CargoCapacity,➖,CargoCapacity,➖,CargoCapacity,➖,CargoCapacity,✅,,1012264418,118103052,157,Rare,,,,1,1,1,,,0.2,0.05,0.15,,,,
194,TWO OF ELEVEN,OA,UNIMATRIX TWELVE,MiningRate,,ShipLaunched,SelfShip,MultiplyAdd,"resources=[1371898528, 96209859, 1908242242, 680796905, 1779416627, 84292608, 3735331456, 2964093937, 802509572, 3598797204, 1349464922, 2905009151, 3842158911, 2002611017, 3739531165, 1586478890, 296474010, 2285412015]","Two of Eleven increases the rate of Crystal, Gas, and Ore Mining by X.","+X to Crystal, Gas, and Ore Mining Speed.","1.0, 1.0, 1.0, 1.0, 1.0","0.5, 0.55, 0.6, 0.65, 0.75",FALSE,TRUE,➖,MiningRate,➖,MiningRate,➖,MiningRate,➖,MiningRate,➖,MiningRate,➖,MiningRate,➖,MiningRate,➖,MiningRate,➖,MiningRate,➖,MiningRate,➖,MiningRate,➖,MiningRate,➖,MiningRate,✅,,3972571863,118103052,157,Rare,,,,1,1,1,1,1,0.5,0.55,0.6,0.65,0.75,,
195,THREE OF ELEVEN,CM,UNIMATRIX TWELVE,MiningRate,,ShipLaunched,SelfShip,MultiplyAdd,"resources=[96209859, 1779416627, 2964093937, 1349464922, 2002611017, 296474010]",Three Of Eleven increases Gas mining speed by X.,+X to Gas mining speed.,"1.0, 1.0, 1.0","0.6, 0.3, 0.45",FALSE,TRUE,➖,MiningRate,➖,MiningRate,➖,MiningRate,➖,MiningRate,➖,MiningRate,➖,MiningRate,➖,MiningRate,➖,MiningRate,➖,MiningRate,➖,MiningRate,➖,MiningRate,➖,MiningRate,➖,MiningRate,✅,,1222862242,1395454844,179,Epic,,,,1,1,1,,,0.6,0.3,0.45,,,,
196,THREE OF ELEVEN,OA,UNIMATRIX TWELVE,CargoProtection,,ShipLaunched,SelfShip,MultiplyAdd,,Three Of Eleven increases Protected Cargo by X.,+X to Protected Cargo.,"1.0, 1.0, 1.0, 1.0, 1.0","3.0, 3.5, 4.0, 4.5, 5.0",FALSE,TRUE,➖,CargoProtection,➖,CargoProtection,➖,CargoProtection,➖,CargoProtection,➖,CargoProtection,➖,CargoProtection,➖,CargoProtection,➖,CargoProtection,➖,CargoProtection,➖,CargoProtection,➖,CargoProtection,➖,CargoProtection,➖,CargoProtection,✅,,2422039622,1395454844,179,Epic,,,,1,1,1,1,1,3,3.5,4,4.5,5,,
197,FOUR OF ELEVEN,CM,UNIMATRIX TWELVE,MiningRate,,ShipLaunched,SelfShip,MultiplyAdd,"resources=[1908242242, 84292608, 802509572, 2905009151, 3842158911, 1586478890]",Four of Eleven increases Ore mining speed by X.,+X to Ore mining speed.,"1.0, 1.0, 1.0","0.6, 0.3, 0.45",FALSE,TRUE,➖,MiningRate,➖,MiningRate,➖,MiningRate,➖,MiningRate,➖,MiningRate,➖,MiningRate,➖,MiningRate,➖,MiningRate,➖,MiningRate,➖,MiningRate,➖,MiningRate,➖,MiningRate,➖,MiningRate,✅,,1641795234,3490516652,180,Epic,,,,1,1,1,,,0.6,0.3,0.45,,,,
198,FOUR OF ELEVEN,OA,UNIMATRIX TWELVE,CargoCapacity,,ShipLaunched,SelfShip,MultiplyAdd,,Four of Eleven increases Cargo size by X.,+X to Cargo size.,"1.0, 1.0, 1.0, 1.0, 1.0","0.4, 0.45, 0.5, 0.55, 0.6",FALSE,TRUE,➖,CargoCapacity,➖,CargoCapacity,➖,CargoCapacity,➖,CargoCapacity,➖,CargoCapacity,➖,CargoCapacity,➖,CargoCapacity,➖,CargoCapacity,➖,CargoCapacity,➖,CargoCapacity,➖,CargoCapacity,➖,CargoCapacity,➖,CargoCapacity,✅,,189386619,3490516652,180,Epic,,,,1,1,1,1,1,0.4,0.45,0.5,0.55,0.6,,
199,FIVE OF ELEVEN,CM,UNIMATRIX TWELVE,AllDefenses,,RoundStart,SelfShip,MultiplyBaseAdd,"num_rounds=1, officer_stat=3","Five of Eleven Increases the Shield deflection, Armor and Dodge by X of the total Health of all Officers on the ship.",X of the crew's Health bonus to Mitigation,"1.0, 1.0, 1.0","2.0, 2.0, 4.0",FALSE,TRUE,✅,,✅,,✅,,✅,,✅,,✅,,✅,,✅,,✅,,✅,,✅,,✅,,➖,AllDefenses,➖,AllDefenses,1107085046,3583932904,111,Epic,,,,1,1,1,,,2,2,4,,,,
200,FIVE OF ELEVEN,OA,UNIMATRIX TWELVE,CombatPveRewards,,ShipLaunched,SelfShip,MultiplyAdd,,Five of Eleven increases the amount of resources your ship receives from hostiles by X.,+X to resources that your ship receives from hostiles,"1.0, 1.0, 1.0, 1.0, 1.0","0.2, 0.4, 0.6, 0.8, 1.0",FALSE,TRUE,➖,CombatPveRewards,➖,CombatPveRewards,✅,,➖,CombatPveRewards,➖,CombatPveRewards,➖,CombatPveRewards,✅,,✅,,➖,CombatPveRewards,✅,,✅,,✅,,✅,,➖,CombatPveRewards,4049923936,3583932904,111,Epic,,,,1,1,1,1,1,0.2,0.4,0.6,0.8,1,,
201,SIX OF ELEVEN,CM,UNIMATRIX TWELVE,ShieldHPRepair,,EnemyTakesHit,EnemyShip,MultiplyBaseSub,officer_stat=2,"Every time the ship hits an opponent with a weapon attack, Six of Eleven decreases the opponent's Shield Health by X of the total Defense of all officers on the ship. -- (Weapons with multiple shots will only trigger this maneuver once per attack.)",X of Defense removed from opponent's SHP when hitting the opponent,"1.0, 1.0, 1.0","0.2, 0.1, 0.4",FALSE,TRUE,✅,,✅,,✅,,✅,,✅,,✅,,✅,,✅,,✅,,✅,,✅,,✅,,➖,ShieldHPRepair,➖,ShieldHPRepair,115416486,3627600020,116,Epic,,,,1,1,1,,,0.2,0.1,0.4,,,,
202,SIX OF ELEVEN,OA,UNIMATRIX TWELVE,AllPiercing,TargetIsArmada,EnemyTakesHit,SelfShip,MultiplyBaseAdd,officer_stat=1,"When attacking an Armada Target, every time the ship hits the opponent with a weapon attack, Six of Eleven increases the Accuracy, Armor Piercing and Shield Piercing of the ship by X of the total Attack of all officers on the ship. -- (Weapons with multiple shots will only trigger this ability once per attack.)",X of Attack added to Penetration values when firing at Armada Targets,"1.0, 1.0, 1.0, 1.0, 1.0","0.05, 0.1, 0.2, 0.3, 0.4",FALSE,TRUE,➖,TargetIsArmada,➖,TargetIsArmada,➖,TargetIsArmada,➖,TargetIsArmada,➖,TargetIsArmada,➖,TargetIsArmada,✅,,✅,,➖,TargetIsArmada,➖,TargetIsArmada,➖,TargetIsArmada,➖,TargetIsArmada,➖,AllPiercing,➖,AllPiercing,3353791415,3627600020,116,Epic,,,,1,1,1,1,1,0.05,0.1,0.2,0.3,0.4,,
203,SEVEN OF ELEVEN,CM,UNIMATRIX TWELVE,ShotsPerAttack,"EnemyHullFaction, TargetNotArmada",CombatStart,SelfShip,Add,faction_id=2943562711,"When fighting a Borg Tactical Probe, Seven of Eleven has a X chance of increasing the number of shots of each weapon by 2.",X chance of adding 2 shots to each weapon when fighting Borg Tactical Probes,"0.2, 0.15, 0.35","2.0, 0.0, 0.0",TRUE,TRUE,➖,EnemyHullFaction,➖,EnemyHullFaction,✴️,Borg,✴️,Borg,✴️,Borg,✴️,Borg,➖,TargetNotArmada,➖,TargetNotArmada,✴️,Borg,➖,TargetNotArmada,➖,EnemyHullFaction,➖,EnemyHullFaction,➖,ShotsPerAttack,➖,ShotsPerAttack,3774124358,3304441016,114,Rare,,,Borg,0.2,0.15,0.35,,,2,0,0,,,,
204,SEVEN OF ELEVEN,OA,UNIMATRIX TWELVE,OfficerStatHealth,,ShipLaunched,SelfAll,MultiplyAdd,,Seven of Eleven increases the Health of every Officer on the ship by X.,+X to the Health of all Officers on the ship,"1.0, 1.0, 1.0, 1.0, 1.0","0.6, 0.7, 0.8, 0.9, 1.0",FALSE,TRUE,✅,,✅,,✅,,✅,,✅,,✅,,✅,,✅,,✅,,✅,,✅,,✅,,➖,OfficerStatHealth,➖,OfficerStatHealth,1955519035,3304441016,114,Rare,,,,1,1,1,1,1,0.6,0.7,0.8,0.9,1,,
205,EIGHT OF ELEVEN,CM,UNIMATRIX TWELVE,CritChance,EnemyHullFaction,CombatStart,SelfShip,Add,faction_id=2943562711,"When fighting a Borg ship, Eight of Eleven increases the Chance of dealing a critical hit by X.",+X to Critical Hit Chance against Borg ships,"1.0, 1.0, 1.0","0.1, 0.05, 0.2",FALSE,TRUE,➖,EnemyHullFaction,➖,EnemyHullFaction,✴️,Borg,✴️,Borg,✴️,Borg,✴️,Borg,✴️,Borg,✴️,Borg,✴️,Borg,➖,EnemyHullFaction,➖,EnemyHullFaction,➖,EnemyHullFaction,➖,CritChance,➖,CritChance,3537186442,1131760724,112,Uncommon,,,Borg,1,1,1,,,0.1,0.05,0.2,,,,
206,EIGHT OF ELEVEN,OA,UNIMATRIX TWELVE,OfficerStatAttack,,ShipLaunched,SelfAll,MultiplyAdd,,Eight of Eleven increases the Attack of every Officer on the ship by X.,+X to the Attack of all Officers on the Ship,"1.0, 1.0, 1.0, 1.0, 1.0","0.45, 0.55, 0.65, 0.75, 0.85",FALSE,TRUE,✅,,✅,,✅,,✅,,✅,,✅,,✅,,✅,,✅,,✅,,✅,,✅,,➖,OfficerStatAttack,➖,OfficerStatAttack,3979049942,1131760724,112,Uncommon,,,,1,1,1,1,1,0.45,0.55,0.65,0.75,0.85,,
207,NINE OF ELEVEN,CM,UNIMATRIX TWELVE,CritChance,EnemyHullFaction,CombatStart,EnemyShip,Sub,faction_id=2943562711,"When fighting a Borg ship, Nine of Eleven decreases the Chance of dealing a critical hit of the opponent by X.",-X to opponent Borg Critical Hit Chance,"1.0, 1.0, 1.0","0.1, 0.05, 0.1",FALSE,TRUE,➖,EnemyHullFaction,➖,EnemyHullFaction,✴️,Borg,✴️,Borg,✴️,Borg,✴️,Borg,✴️,Borg,✴️,Borg,✴️,Borg,➖,EnemyHullFaction,➖,EnemyHullFaction,➖,EnemyHullFaction,➖,CritChance,➖,CritChance,966801625,1859906553,113,Uncommon,,,Borg,1,1,1,,,0.1,0.05,0.1,,,,
208,NINE OF ELEVEN,OA,UNIMATRIX TWELVE,OfficerStatDefense,,ShipLaunched,SelfAll,MultiplyAdd,,Nine of Eleven increases the Defense of every Officer on the ship by X.,+X to the Defense of all Officers on the Ship,"1.0, 1.0, 1.0, 1.0, 1.0","0.45, 0.55, 0.65, 0.75, 0.85",FALSE,TRUE,✅,,✅,,✅,,✅,,✅,,✅,,✅,,✅,,✅,,✅,,✅,,✅,,➖,OfficerStatDefense,➖,OfficerStatDefense,149413627,1859906553,113,Uncommon,,,,1,1,1,1,1,0.45,0.55,0.65,0.75,0.85,,
209,TEN OF ELEVEN,CM,UNIMATRIX TWELVE,MiningRate,,ShipLaunched,SelfShip,MultiplyAdd,"resources=[2325683920, 743985951, 2614028847, 999782265, 580616659, 3043859351]","Ten of Eleven increases the speed of Parsteel, Tritanium and Dilithium Mining by X.","+X to Parsteel, Tritanium and Dilithium Mining Speed","1.0, 1.0, 1.0","0.5, 0.25, 0.75",FALSE,TRUE,➖,MiningRate,➖,MiningRate,➖,MiningRate,➖,MiningRate,➖,MiningRate,➖,MiningRate,➖,MiningRate,➖,MiningRate,➖,MiningRate,➖,MiningRate,➖,MiningRate,➖,MiningRate,➖,MiningRate,✅,,2859510273,370544309,115,Epic,,,,1,1,1,,,0.5,0.25,0.75,,,,
210,TEN OF ELEVEN,OA,UNIMATRIX TWELVE,MiningRate,,ShipLaunched,SelfShip,MultiplyAdd,"resources=[2325683920, 743985951, 2614028847, 1908242242, 96209859, 1371898528, 84292608, 1779416627, 680796905, 802509572, 2964093937, 3735331456, 2905009151, 1349464922, 3598797204, 1600760006, 2166628666, 1957060718, 1692987719, 2424553373, 2991010408, 2705205969, 563579678, 2164745208, 4275314946, 1734940706, 733419347, 3842158911, 2002611017, 3739531165, 999782265, 580616659, 3043859351, 3662113780, 2392079650, 3111281042, 2160856496, 3821364733, 1768524995, 1495067766, 2431214132, 3342042571, 819663825, 1586478890, 296474010, 2285412015, 2440004407, 1574840331, 298768773, 141958867]",Ten of Eleven increases the Mining Speed of the ship by X.,+X to Mining Speed,"1.0, 1.0, 1.0, 1.0, 1.0","0.8, 1.0, 1.2, 1.4, 1.6",FALSE,TRUE,➖,MiningRate,➖,MiningRate,➖,MiningRate,➖,MiningRate,➖,MiningRate,➖,MiningRate,➖,MiningRate,➖,MiningRate,➖,MiningRate,➖,MiningRate,➖,MiningRate,➖,MiningRate,➖,MiningRate,✅,,3585546924,370544309,115,Epic,,,,1,1,1,1,1,0.8,1,1.2,1.4,1.6,,
211,ORIGINS BURNHAM,CM,DISCOVERY ORIGINS,OfficerStatAttack,,ShipLaunched,SelfAll,Add,,Origins Burnham increases the Attack of all the Officers on the ship by X.,+X to all Officer Attack,"1.0, 1.0, 1.0","15.0, 2.0, 5.0",FALSE,FALSE,✅,,✅,,✅,,✅,,✅,,✅,,✅,,✅,,✅,,✅,,✅,,✅,,➖,OfficerStatAttack,➖,OfficerStatAttack,568584807,3245467973,141,Uncommon,,,,1,1,1,,,15,2,5,,,,
212,ORIGINS BURNHAM,OA,DISCOVERY ORIGINS,AllDamage,,ShipLaunched,SelfShip,MultiplyAdd,,Origins Burnham increases the Weapon Damage of the ship by X.,+X to Damage,"1.0, 1.0, 1.0, 1.0, 1.0","0.07, 0.11, 0.16, 0.2, 0.25",FALSE,TRUE,✅,,✅,,✅,,✅,,✅,,✅,,✅,,✅,,✅,,✅,,✅,,✅,,➖,AllDamage,➖,AllDamage,494500487,3245467973,141,Uncommon,,,,1,1,1,1,1,0.07,0.11,0.16,0.2,0.25,,
213,ORIGINS SARU,CM,DISCOVERY ORIGINS,OfficerStatDefense,,ShipLaunched,SelfAll,Add,,Origins Saru increases the Defense of all the Officers on the ship by X.,+X to all Officer Defense,"1.0, 1.0, 1.0","10.0, 2.0, 5.0",FALSE,FALSE,✅,,✅,,✅,,✅,,✅,,✅,,✅,,✅,,✅,,✅,,✅,,✅,,➖,OfficerStatDefense,➖,OfficerStatDefense,714063495,3534264929,142,Common,,,,1,1,1,,,10,2,5,,,,
214,ORIGINS SARU,OA,DISCOVERY ORIGINS,HullHPMax,,ShipLaunched,SelfShip,MultiplyAdd,,Origins Saru increases the Hull Health of the ship by X.,+X to Hull Health,"1.0, 1.0, 1.0, 1.0, 1.0","0.05, 0.07, 0.1, 0.12, 0.15",FALSE,TRUE,✅,,✅,,✅,,✅,,✅,,✅,,✅,,✅,,✅,,✅,,✅,,✅,,➖,HullHPMax,➖,HullHPMax,1714820297,3534264929,142,Common,,,,1,1,1,1,1,0.05,0.07,0.1,0.12,0.15,,
215,ORIGINS STAMETS,CM,DISCOVERY ORIGINS,OfficerStatHealth,,ShipLaunched,SelfAll,Add,,Origins Stamets increases the Health of all the Officers on the ship by X.,+X to all Officer Health,"1.0, 1.0, 1.0","10.0, 2.0, 5.0",FALSE,FALSE,✅,,✅,,✅,,✅,,✅,,✅,,✅,,✅,,✅,,✅,,✅,,✅,,➖,OfficerStatHealth,➖,OfficerStatHealth,2081533684,868427019,143,Common,,,,1,1,1,,,10,2,5,,,,
216,ORIGINS STAMETS,OA,DISCOVERY ORIGINS,WarpSpeed,,ShipLaunched,SelfShip,MultiplyAdd,,Origins Stamets increases the Warp Speed of the ship by X.,+X to Warp Speed,"1.0, 1.0, 1.0, 1.0, 1.0","0.3, 0.34, 0.38, 0.42, 0.45",FALSE,TRUE,➖,WarpSpeed,➖,WarpSpeed,➖,WarpSpeed,➖,WarpSpeed,➖,WarpSpeed,➖,WarpSpeed,➖,WarpSpeed,➖,WarpSpeed,➖,WarpSpeed,➖,WarpSpeed,➖,WarpSpeed,➖,WarpSpeed,➖,WarpSpeed,✅,,1703022152,868427019,143,Common,,,,1,1,1,1,1,0.3,0.34,0.38,0.42,0.45,,
217,MICHAEL BURNHAM,CM,DISCOVERY CREW,ImpulseSpeed,,ShipLaunched,SelfShip,Add,,Michael Burnham increases the Impulse Speed of the ship by X.,+X to Impulse Speed,"1.0, 1.0, 1.0","15.0, 5.0, 10.0",FALSE,FALSE,➖,ImpulseSpeed,➖,ImpulseSpeed,➖,ImpulseSpeed,➖,ImpulseSpeed,➖,ImpulseSpeed,➖,ImpulseSpeed,➖,ImpulseSpeed,➖,ImpulseSpeed,➖,ImpulseSpeed,➖,ImpulseSpeed,➖,ImpulseSpeed,➖,ImpulseSpeed,➖,ImpulseSpeed,✅,,3309231106,3999633781,131,Epic,,,,1,1,1,,,15,5,10,,,,
218,MICHAEL BURNHAM,OA,DISCOVERY CREW,ShieldHPRepair,EnemyPlayer,HullDamageTaken,EnemyShip,MultiplyBaseSub,officer_stat=1,"When fighting players, for each weapon attack that hits the opponent, Michael Burnham removes X of the total Attack of all Officers on your Ship from the opponent's Shield Health. -- (Weapons with multiple shots will only trigger this ability once per attack.)",X of Attack removed from opponent's SHP,"1.0, 1.0, 1.0, 1.0, 1.0","0.3, 0.55, 0.85, 3.0, 4.5",FALSE,TRUE,✅,,✅,,➖,EnemyPlayer,➖,EnemyPlayer,➖,EnemyPlayer,➖,EnemyPlayer,➖,EnemyPlayer,➖,EnemyPlayer,➖,EnemyPlayer,➖,EnemyPlayer,➖,EnemyPlayer,➖,EnemyPlayer,➖,ShieldHPRepair,➖,ShieldHPRepair,2958606151,3999633781,131,Epic,,,,1,1,1,1,1,0.3,0.55,0.85,3,4.5,,
219,SARU,CM,DISCOVERY CREW,CritChance,EnemyPlayer,CriticalShotTaken,EnemyShip,Sub,,"When fighting players, every time your ship is hit by a Critical Hit, Saru decreases the Critical Hit Chance of the opponent's ship by X.",-X to opponent's Critical Hit Chance when receiving a Critical Hit.,"1.0, 1.0, 1.0","0.1, 0.05, 0.1",FALSE,TRUE,✅,,✅,,➖,EnemyPlayer,➖,EnemyPlayer,➖,EnemyPlayer,➖,EnemyPlayer,➖,EnemyPlayer,➖,EnemyPlayer,➖,EnemyPlayer,➖,EnemyPlayer,➖,EnemyPlayer,➖,EnemyPlayer,➖,CritChance,➖,CritChance,965390436,56060748,132,Rare,,,,1,1,1,,,0.1,0.05,0.1,,,,
220,SARU,OA,DISCOVERY CREW,AllDamage,EnemyPlayer,CombatStart,EnemyShip,MultiplySub,,"When fighting players, Saru decreases the opponent's weapon damage by X.",-X to opponent's weapon damage,"1.0, 1.0, 1.0, 1.0, 1.0","0.3, 0.4, 0.5, 0.6, 0.7",FALSE,TRUE,✅,,✅,,➖,EnemyPlayer,➖,EnemyPlayer,➖,EnemyPlayer,➖,EnemyPlayer,➖,EnemyPlayer,➖,EnemyPlayer,➖,EnemyPlayer,➖,EnemyPlayer,➖,EnemyPlayer,➖,EnemyPlayer,➖,AllDamage,➖,AllDamage,2273274943,56060748,132,Rare,,,,1,1,1,1,1,0.3,0.4,0.5,0.6,0.7,,
221,PAUL STAMETS,CM,DISCOVERY CREW,JumpAndTowCostEff,SelfHullDiscovery,ShipLaunched,SelfShip,MultiplyAdd,,Stamets increases the Cost Efficiency of Jumping and Summoning with the Discovery by X.,+X to Jumping and Summoning Cost Efficiency,"1.0, 1.0, 1.0","0.2, 0.02, 0.03",FALSE,TRUE,➖,JumpAndTowCostEff,➖,JumpAndTowCostEff,➖,JumpAndTowCostEff,➖,JumpAndTowCostEff,➖,JumpAndTowCostEff,➖,JumpAndTowCostEff,➖,JumpAndTowCostEff,➖,JumpAndTowCostEff,➖,JumpAndTowCostEff,➖,JumpAndTowCostEff,➖,JumpAndTowCostEff,➖,JumpAndTowCostEff,➖,JumpAndTowCostEff,✅,,1584210106,2030703558,133,Rare,,,,1,1,1,,,0.2,0.02,0.03,,,,
222,PAUL STAMETS,OA,DISCOVERY CREW,ArmorPiercing,"EnemyPlayer, SelfDefending",CombatStart,EnemyShip,MultiplySub,,"When defending against a Player, Stamets decreases the opponent's Armor Piercing by X.",-X to opponent's Armor Piercing when defending from a player,"1.0, 1.0, 1.0, 1.0, 1.0","0.4, 0.8, 1.2, 1.6, 2.0",FALSE,TRUE,✅,,✅,,➖,"EnemyPlayer, SelfDefending",➖,"EnemyPlayer, SelfDefending",➖,"EnemyPlayer, SelfDefending",➖,"EnemyPlayer, SelfDefending",➖,"EnemyPlayer, SelfDefending",➖,"EnemyPlayer, SelfDefending",➖,"EnemyPlayer, SelfDefending",➖,"EnemyPlayer, SelfDefending",➖,"EnemyPlayer, SelfDefending",➖,"EnemyPlayer, SelfDefending",➖,ArmorPiercing,➖,ArmorPiercing,862911683,2030703558,133,Rare,,,,1,1,1,1,1,0.4,0.8,1.2,1.6,2,,
223,GEORGIOU,CM,DISCOVERY CREW,OfficerStatAttack,TargetHasBurning,RoundStart,EnemyAll,MultiplySub,num_rounds=1,"At the start of each round, if the opponent is Burning , Captain Georgiou decreases the Attack of all Officers on the opponent's ship by X for that round. -- Decreasing Attack may result in a decrease in Damage",-X to opponent's Officer Attack when the opponent's ship is Burning,"1.0, 1.0, 1.0","1.0, 0.15, 0.25",FALSE,TRUE,✴️,TargetHasBurning,✴️,TargetHasBurning,✴️,TargetHasBurning,✴️,TargetHasBurning,✴️,TargetHasBurning,✴️,TargetHasBurning,✴️,TargetHasBurning,✴️,TargetHasBurning,✴️,TargetHasBurning,✴️,TargetHasBurning,✴️,TargetHasBurning,✴️,TargetHasBurning,➖,OfficerStatAttack,➖,OfficerStatAttack,3904063321,1580157615,138,Epic,,Burning,TargetHasBurning,1,1,1,,,1,0.15,0.25,,,,
224,GEORGIOU,OA,DISCOVERY CREW,AddState,,RoundStart,EnemyShip,Set,"num_rounds=2, state=2","At the beginning of each round, Georgiou has a X chance of Burning the opponent's ship for 2 rounds.",X chance to deal Burning for two rounds at the start of each round,"0.5, 0.6, 0.7, 0.75, 0.8","0.5, 0.6, 0.7, 0.75, 0.8",TRUE,TRUE,✅,,✅,,✅,,✅,,✅,,✅,,✅,,✅,,✅,,✅,,✅,,✅,,➖,AddState,➖,AddState,2490699031,1580157615,138,Epic,,,,0.5,0.6,0.7,0.75,0.8,0.5,0.6,0.7,0.75,0.8,,
225,TILLY,CM,DISCOVERY CREW,ShieldHPRepair,"EnemyPlayer, SelfDefending",CombatStart,EnemyShip,MultiplySub,,"At the start of combat, when defending from a player attack, Tilly decreases the opponent's Shield Health by X of its starting Shield Health.",-X to opponent's Shield Health when defending from a player,"1.0, 1.0, 1.0","0.1, 0.05, 0.1",FALSE,TRUE,✅,,✅,,➖,"EnemyPlayer, SelfDefending",➖,"EnemyPlayer, SelfDefending",➖,"EnemyPlayer, SelfDefending",➖,"EnemyPlayer, SelfDefending",➖,"EnemyPlayer, SelfDefending",➖,"EnemyPlayer, SelfDefending",➖,"EnemyPlayer, SelfDefending",➖,"EnemyPlayer, SelfDefending",➖,"EnemyPlayer, SelfDefending",➖,"EnemyPlayer, SelfDefending",➖,ShieldHPRepair,➖,ShieldHPRepair,1999787012,1800794103,134,Uncommon,,,,1,1,1,,,0.1,0.05,0.1,,,,
226,TILLY,OA,DISCOVERY CREW,OfficerStatAttack,,HitTaken,EnemyBridge,MultiplySub,,"Every time the ship is hit by an opponent's weapon attack, Tilly has a X chance to decrease the opponent's officers Attack by 15% (cumulative) -- Decreasing Attack may result in a decrease in Damage",X chance to decrease opponent's Officer Attack by 15% when hit,"0.3, 0.35, 0.4, 0.45, 0.5","0.15, 0.15, 0.15, 0.15, 0.15",TRUE,TRUE,✅,,✅,,✅,,✅,,✅,,✅,,✅,,✅,,✅,,✅,,✅,,✅,,➖,OfficerStatAttack,➖,OfficerStatAttack,1776666269,1800794103,134,Uncommon,,,,0.3,0.35,0.4,0.45,0.5,0.15,0.15,0.15,0.15,0.15,,
227,TYLER,CM,DISCOVERY CREW,OfficerStatAttack,"CombatBattleType, CombatGameContext, SelfDefending",CombatStart,SelfAll,MultiplyAdd,"battle_types=[4], game_context=capture_node","When defending on a Capture Node, Ash Tyler gives all Officers on the ship a bonus of X to their Attack. -- Increasing Attack may result in an increase in Damage",+X to all Officers Attack when the ship defends a Capture Node,"1.0, 1.0, 1.0","0.6, 0.15, 0.3",FALSE,TRUE,✴️,"docked on a node, on a Capture Node",➖,"CombatBattleType, CombatGameContext",➖,"CombatBattleType, CombatGameContext, SelfDefending",➖,"CombatBattleType, CombatGameContext, SelfDefending",➖,"CombatBattleType, CombatGameContext, SelfDefending",➖,"CombatBattleType, CombatGameContext, SelfDefending",➖,"CombatBattleType, CombatGameContext, SelfDefending",➖,"CombatBattleType, CombatGameContext, SelfDefending",➖,"CombatBattleType, CombatGameContext, SelfDefending",➖,"CombatBattleType, CombatGameContext, SelfDefending",➖,"CombatBattleType, CombatGameContext, SelfDefending",➖,"CombatBattleType, CombatGameContext, SelfDefending",➖,OfficerStatAttack,➖,OfficerStatAttack,1485218350,3769449499,135,Rare,,,"docked on a node, on a Capture Node",1,1,1,,,0.6,0.15,0.3,,,,
228,TYLER,OA,DISCOVERY CREW,AllDamage,TargetHasBurning,RoundStart,SelfShip,MultiplyBaseAdd,officer_stat=1,"At the start of each round, if the opponent is Burning, Ash Tyler increases the damage of the ship by X of the total Attack of all officers on the ship (cumulative).",X of Officer Attack to damage when the opponent's ship is Burning,"1.0, 1.0, 1.0, 1.0, 1.0","0.5, 0.6, 0.7, 0.8, 1.0",FALSE,TRUE,✴️,TargetHasBurning,✴️,TargetHasBurning,✴️,TargetHasBurning,✴️,TargetHasBurning,✴️,TargetHasBurning,✴️,TargetHasBurning,✴️,TargetHasBurning,✴️,TargetHasBurning,✴️,TargetHasBurning,✴️,TargetHasBurning,✴️,TargetHasBurning,✴️,TargetHasBurning,➖,AllDamage,➖,AllDamage,2478131502,3769449499,135,Rare,,Burning,TargetHasBurning,1,1,1,1,1,0.5,0.6,0.7,0.8,1,,
229,CULBER,CM,DISCOVERY CREW,ShipArmor,"CombatBattleType, CombatGameContext, SelfDefending",CombatStart,SelfShip,MultiplyBaseAdd,"battle_types=[4], game_context=capture_node, officer_stat=3","When defending on a Capture Node, Hugh Culber increases Armor by X of the total Health of the Officers on the ship.",X of Health to Armor when defending on a Capture Node,"1.0, 1.0, 1.0","0.5, 0.25, 0.5",FALSE,TRUE,✴️,"docked on a node, on a Capture Node",➖,"CombatBattleType, CombatGameContext",➖,"CombatBattleType, CombatGameContext, SelfDefending",➖,"CombatBattleType, CombatGameContext, SelfDefending",➖,"CombatBattleType, CombatGameContext, SelfDefending",➖,"CombatBattleType, CombatGameContext, SelfDefending",➖,"CombatBattleType, CombatGameContext, SelfDefending",➖,"CombatBattleType, CombatGameContext, SelfDefending",➖,"CombatBattleType, CombatGameContext, SelfDefending",➖,"CombatBattleType, CombatGameContext, SelfDefending",➖,"CombatBattleType, CombatGameContext, SelfDefending",➖,"CombatBattleType, CombatGameContext, SelfDefending",➖,ShipArmor,➖,ShipArmor,3511725168,440622131,137,Uncommon,,,"docked on a node, on a Capture Node",1,1,1,,,0.5,0.25,0.5,,,,
230,CULBER,OA,DISCOVERY CREW,JumpAndTowCostEff,SelfHullDiscovery,ShipLaunched,SelfShip,MultiplyAdd,,Hugh increases the Cost Efficiency of Jumping and Summoning with the Discovery by X.,+X to Jumping and Summoning Cost Efficiency,"1.0, 1.0, 1.0, 1.0, 1.0","0.05, 0.1, 0.15, 0.2, 0.25",FALSE,TRUE,➖,JumpAndTowCostEff,➖,JumpAndTowCostEff,➖,JumpAndTowCostEff,➖,JumpAndTowCostEff,➖,JumpAndTowCostEff,➖,JumpAndTowCostEff,➖,JumpAndTowCostEff,➖,JumpAndTowCostEff,➖,JumpAndTowCostEff,➖,JumpAndTowCostEff,➖,JumpAndTowCostEff,➖,JumpAndTowCostEff,➖,JumpAndTowCostEff,✅,,2499304252,440622131,137,Uncommon,,,,1,1,1,1,1,0.05,0.1,0.15,0.2,0.25,,
231,AIRIAM,CM,DISCOVERY CREW,MiningRate,,ShipLaunched,SelfShip,MultiplyAdd,"resources=[2991010408, 2705205969, 563579678]",Airiam increases the mining speed of Isogen by X.,+X to Isogen Mining Speed,"1.0, 1.0, 1.0","0.4, 0.1, 0.2",FALSE,TRUE,➖,MiningRate,➖,MiningRate,➖,MiningRate,➖,MiningRate,➖,MiningRate,➖,MiningRate,➖,MiningRate,➖,MiningRate,➖,MiningRate,➖,MiningRate,➖,MiningRate,➖,MiningRate,➖,MiningRate,✅,,3029331443,743931698,136,Uncommon,,,,1,1,1,,,0.4,0.1,0.2,,,,
232,AIRIAM,OA,DISCOVERY CREW,AddState,"CombatBattleType, CombatGameContext, SelfDefending",RoundStart,EnemyShip,MultiplyAdd,"battle_types=[4], game_context=capture_node, num_rounds=1, state=2","When defending on a Capture Node, at the start of each round, Airiam has a X chance of Burning the opponent for this round.",+X chance to inflict Burning when defending on a Node,"0.6, 0.7, 0.8, 0.9, 0.95","0.6, 0.7, 0.8, 0.9, 0.95",FALSE,TRUE,✴️,"docked on a node, on a Capture Node",➖,"CombatBattleType, CombatGameContext",➖,"CombatBattleType, CombatGameContext, SelfDefending",➖,"CombatBattleType, CombatGameContext, SelfDefending",➖,"CombatBattleType, CombatGameContext, SelfDefending",➖,"CombatBattleType, CombatGameContext, SelfDefending",➖,"CombatBattleType, CombatGameContext, SelfDefending",➖,"CombatBattleType, CombatGameContext, SelfDefending",➖,"CombatBattleType, CombatGameContext, SelfDefending",➖,"CombatBattleType, CombatGameContext, SelfDefending",➖,"CombatBattleType, CombatGameContext, SelfDefending",➖,"CombatBattleType, CombatGameContext, SelfDefending",➖,AddState,➖,AddState,235386558,743931698,136,Uncommon,,,"docked on a node, on a Capture Node",0.6,0.7,0.8,0.9,0.95,0.6,0.7,0.8,0.9,0.95,,
233,EMP. GEORGIOU,CM,TERRAN EMPIRE,OfficerStatDefense,"CombatGameContext, SelfAttacking",RoundStart,EnemyAll,MultiplySub,game_context=takeover,Decreases the opponent crew's Defense by a stacking X of base each round when attacking a player during a Takeover.,-X to the opponent crew's Defense each round when attacking a player during a Takeover.,"1.0, 1.0, 1.0","1.0, 0.15, 0.25",FALSE,TRUE,✴️,during Takeover,➖,CombatGameContext,➖,"CombatGameContext, SelfAttacking",➖,"CombatGameContext, SelfAttacking",➖,"CombatGameContext, SelfAttacking",➖,"CombatGameContext, SelfAttacking",➖,"CombatGameContext, SelfAttacking",➖,"CombatGameContext, SelfAttacking",➖,"CombatGameContext, SelfAttacking",➖,"CombatGameContext, SelfAttacking",➖,"CombatGameContext, SelfAttacking",➖,"CombatGameContext, SelfAttacking",➖,OfficerStatDefense,➖,OfficerStatDefense,4172773477,2449957978,140,Rare,,,during Takeover,1,1,1,,,1,0.15,0.25,,,,
234,EMP. GEORGIOU,OA,TERRAN EMPIRE,ShotsPerAttack,"CombatBattleType, CombatGameContext, SelfAttacking",RoundStart,SelfShip,Add,"battle_types=[4], game_context=capture_node","When attacking a player on a capture node, at the start of each round, Emperor Georgiou increases the number of shots of each weapon by X. (cumulative) -- Weapon shots are rounded to the nearest whole number",+X to shots,"1.0, 1.0, 1.0, 1.0, 1.0","0.17, 0.25, 0.34, 0.4, 0.5",FALSE,TRUE,✴️,"docked on a node, on a Capture Node",➖,"CombatBattleType, CombatGameContext",➖,"CombatBattleType, CombatGameContext, SelfAttacking",➖,"CombatBattleType, CombatGameContext, SelfAttacking",➖,"CombatBattleType, CombatGameContext, SelfAttacking",➖,"CombatBattleType, CombatGameContext, SelfAttacking",➖,"CombatBattleType, CombatGameContext, SelfAttacking",➖,"CombatBattleType, CombatGameContext, SelfAttacking",➖,"CombatBattleType, CombatGameContext, SelfAttacking",➖,"CombatBattleType, CombatGameContext, SelfAttacking",➖,"CombatBattleType, CombatGameContext, SelfAttacking",➖,"CombatBattleType, CombatGameContext, SelfAttacking",➖,ShotsPerAttack,➖,ShotsPerAttack,2557888665,2449957978,140,Rare,,,"docked on a node, on a Capture Node",1,1,1,1,1,0.17,0.25,0.34,0.4,0.5,,
235,CAP. TILLY,CM,TERRAN EMPIRE,AllPiercing,"CombatBattleType, SelfAttacking, CombatGameContext, TargetHasHullBreach",RoundStart,SelfShip,MultiplyBaseAdd,"battle_types=[4], game_context=capture_node, officer_stat=2","When attacking on a capture node, at the start of each turn, as long as the opponent's ship has a Hull Breach, Captain Tilly increases the Armor Piercing, Shield Piercing and Accuracy of the ship by X of the total Defense of all Officers on the ship (cumulative).",X of Defense to Piercing values,"1.0, 1.0, 1.0","0.5, 0.15, 0.25",FALSE,TRUE,✴️,"CombatBattleType, CombatGameContext, TargetHasHullBreach",➖,"CombatBattleType, CombatGameContext, TargetHasHullBreach",➖,"CombatBattleType, SelfAttacking, CombatGameContext, TargetHasHullBreach",➖,"CombatBattleType, SelfAttacking, CombatGameContext, TargetHasHullBreach",➖,"CombatBattleType, SelfAttacking, CombatGameContext, TargetHasHullBreach",➖,"CombatBattleType, SelfAttacking, CombatGameContext, TargetHasHullBreach",➖,"CombatBattleType, SelfAttacking, CombatGameContext, TargetHasHullBreach",➖,"CombatBattleType, SelfAttacking, CombatGameContext, TargetHasHullBreach",➖,"CombatBattleType, SelfAttacking, CombatGameContext, TargetHasHullBreach",➖,"CombatBattleType, SelfAttacking, CombatGameContext, TargetHasHullBreach",➖,"CombatBattleType, SelfAttacking, CombatGameContext, TargetHasHullBreach",➖,"CombatBattleType, SelfAttacking, CombatGameContext, TargetHasHullBreach",➖,AllPiercing,➖,AllPiercing,2059684707,1958876935,144,Rare,,Hull Breach,"CombatBattleType, CombatGameContext, TargetHasHullBreach",1,1,1,,,0.5,0.15,0.25,,,,
236,CAP. TILLY,OA,TERRAN EMPIRE,AllDefenses,TargetHasHullBreach,RoundStart,SelfShip,MultiplyBaseAdd,officer_stat=3,"At the start of each round, if the opponent has a Hull Breach, Captain Tilly increases the Armor, Shield deflection and Dodge by X of the total Health of all Officers on the ship (cumulative).",X of Health to Mitigation values,"1.0, 1.0, 1.0, 1.0, 1.0","0.5, 0.6, 0.7, 0.8, 1.0",FALSE,TRUE,✴️,TargetHasHullBreach,✴️,TargetHasHullBreach,✴️,TargetHasHullBreach,✴️,TargetHasHullBreach,✴️,TargetHasHullBreach,✴️,TargetHasHullBreach,✴️,TargetHasHullBreach,✴️,TargetHasHullBreach,✴️,TargetHasHullBreach,✴️,TargetHasHullBreach,✴️,TargetHasHullBreach,✴️,TargetHasHullBreach,➖,AllDefenses,➖,AllDefenses,1561819154,1958876935,144,Rare,,Hull Breach,TargetHasHullBreach,1,1,1,1,1,0.5,0.6,0.7,0.8,1,,
237,LORCA,CM,TERRAN EMPIRE,AllDamage,"EnemyPlayer, TargetHasHullBreach",RoundStart,EnemyShip,MultiplySub,num_rounds=1,"When fighting players, at the start of each round, if the opponent has Hull Breach, Lorca decreases the opponent's Weapon damage by X for this turn.",-X to opponent's Damage,"1.0, 1.0, 1.0","1.0, 0.25, 0.5",FALSE,TRUE,✴️,TargetHasHullBreach,✴️,TargetHasHullBreach,➖,"EnemyPlayer, TargetHasHullBreach",➖,"EnemyPlayer, TargetHasHullBreach",➖,"EnemyPlayer, TargetHasHullBreach",➖,"EnemyPlayer, TargetHasHullBreach",➖,"EnemyPlayer, TargetHasHullBreach",➖,"EnemyPlayer, TargetHasHullBreach",➖,"EnemyPlayer, TargetHasHullBreach",➖,"EnemyPlayer, TargetHasHullBreach",➖,"EnemyPlayer, TargetHasHullBreach",➖,"EnemyPlayer, TargetHasHullBreach",➖,AllDamage,➖,AllDamage,598057792,4110037371,139,Epic,,Hull Breach,TargetHasHullBreach,1,1,1,,,1,0.25,0.5,,,,
238,LORCA,OA,TERRAN EMPIRE,AddState,,RoundStart,EnemyShip,Set,"num_rounds=2, state=4","At the beginning of each round, Lorca has a X chance of dealing Hull Breach to the opponent's ship for 2 rounds.",X chance to inflict Hull Breach,"0.5, 0.6, 0.7, 0.75, 0.8","0.5, 0.6, 0.7, 0.75, 0.8",TRUE,TRUE,✅,,✅,,✅,,✅,,✅,,✅,,✅,,✅,,✅,,✅,,✅,,✅,,➖,AddState,➖,AddState,3344613248,4110037371,139,Epic,,,,0.5,0.6,0.7,0.75,0.8,0.5,0.6,0.7,0.75,0.8,,
239,TOS KIRK,CM,TOS ENTERPRISE CREW,AllDamage,"SelfHasMorale, EnemyPlayer, ModuleEnergy",RoundStart,SelfShip,MultiplyBaseAdd,officer_stat=2,"When fighting players, at the start of each turn, as long as the ship has Morale, TOS James T. Kirk increases the damage of energy weapons by X of the total Defense of all Officers on the ship (cumulative).",X of Defense to energy damage,"1.0, 1.0, 1.0","0.5, 0.25, 0.5",FALSE,TRUE,✴️,"SelfHasMorale, ModuleEnergy",✴️,"SelfHasMorale, ModuleEnergy",➖,"SelfHasMorale, EnemyPlayer, ModuleEnergy",➖,"SelfHasMorale, EnemyPlayer, ModuleEnergy",➖,"SelfHasMorale, EnemyPlayer, ModuleEnergy",➖,"SelfHasMorale, EnemyPlayer, ModuleEnergy",➖,"SelfHasMorale, EnemyPlayer, ModuleEnergy",➖,"SelfHasMorale, EnemyPlayer, ModuleEnergy",➖,"SelfHasMorale, EnemyPlayer, ModuleEnergy",➖,"SelfHasMorale, EnemyPlayer, ModuleEnergy",➖,"SelfHasMorale, EnemyPlayer, ModuleEnergy",➖,"SelfHasMorale, EnemyPlayer, ModuleEnergy",➖,AllDamage,➖,AllDamage,3524108217,107451388,150,Epic,Morale,,"SelfHasMorale, ModuleEnergy",1,1,1,,,0.5,0.25,0.5,,,,
240,TOS KIRK,OA,TOS ENTERPRISE CREW,AddState,HullHealthAbove,RoundStart,SelfShip,Set,"num_rounds=1, percentage=0.3, state=8","At the start of each round, if the ship's Health is above 30% of its starting value, TOS James T. Kirk has a X chance to inspire Morale to the ship for this round.",X chance to give Morale,"0.75, 0.8, 0.85, 0.9, 0.95","0.75, 0.8, 0.85, 0.9, 0.95",TRUE,TRUE,✴️,HullHealthAbove,✴️,HullHealthAbove,✴️,HullHealthAbove,✴️,HullHealthAbove,✴️,HullHealthAbove,✴️,HullHealthAbove,✴️,HullHealthAbove,✴️,HullHealthAbove,✴️,HullHealthAbove,✴️,HullHealthAbove,✴️,HullHealthAbove,✴️,HullHealthAbove,➖,AddState,➖,AddState,1602353343,107451388,150,Epic,,,HullHealthAbove,0.75,0.8,0.85,0.9,0.95,0.75,0.8,0.85,0.9,0.95,,
241,TOS SPOCK,CM,TOS ENTERPRISE CREW,ShieldHPRepair,SelfDefending,RoundStart,SelfAllShips,MultiplyBaseAdd,officer_stat=2,"When defending, at the start of each turn, TOS Spock restores Shield Health to an amount equal to X of the Defense of the Officers on the ship (restores the Shield Health of all your ships if the ship is defending the station).",X of Defense to SHP of all ships,"1.0, 1.0, 1.0","1.0, 0.5, 1.0",FALSE,TRUE,✅,,✅,,➖,SelfDefending,➖,SelfDefending,➖,SelfDefending,➖,SelfDefending,➖,SelfDefending,➖,SelfDefending,➖,SelfDefending,➖,SelfDefending,➖,SelfDefending,➖,SelfDefending,➖,ShieldHPRepair,➖,ShieldHPRepair,2015269686,2757127113,151,Epic,,,,1,1,1,,,1,0.5,1,,,,
242,TOS SPOCK,OA,TOS ENTERPRISE CREW,CritDamage,"SelfHasMorale, EnemyPlayer",RoundStart,EnemyShip,Sub,num_rounds=1,"When fighting players, as long as the ship has Morale, TOS Spock decreases the Critical Hit Damage bonus of the opponent's ship by X.",-X to opponent's Critical damage,"1.0, 1.0, 1.0, 1.0, 1.0","0.5, 0.75, 1.0, 1.25, 1.5",FALSE,TRUE,✴️,SelfHasMorale,✴️,SelfHasMorale,➖,"SelfHasMorale, EnemyPlayer",➖,"SelfHasMorale, EnemyPlayer",➖,"SelfHasMorale, EnemyPlayer",➖,"SelfHasMorale, EnemyPlayer",➖,"SelfHasMorale, EnemyPlayer",➖,"SelfHasMorale, EnemyPlayer",➖,"SelfHasMorale, EnemyPlayer",➖,"SelfHasMorale, EnemyPlayer",➖,"SelfHasMorale, EnemyPlayer",➖,"SelfHasMorale, EnemyPlayer",➖,CritDamage,➖,CritDamage,2578265840,2757127113,151,Epic,Morale,,SelfHasMorale,1,1,1,1,1,0.5,0.75,1,1.25,1.5,,
243,TOS UHURA,CM,TOS ENTERPRISE CREW,CritChance,"SelfHasMorale, EnemyPlayer",RoundStart,EnemyShip,Sub,num_rounds=1,"When fighting players, as long as the ship has Morale, TOS Nyota Uhura decreases the opponent's Critical Hit Chance by X.",-X to opponent's critical hit chance,"1.0, 1.0, 1.0","0.1, 0.25, 1.0",FALSE,TRUE,✴️,SelfHasMorale,✴️,SelfHasMorale,➖,"SelfHasMorale, EnemyPlayer",➖,"SelfHasMorale, EnemyPlayer",➖,"SelfHasMorale, EnemyPlayer",➖,"SelfHasMorale, EnemyPlayer",➖,"SelfHasMorale, EnemyPlayer",➖,"SelfHasMorale, EnemyPlayer",➖,"SelfHasMorale, EnemyPlayer",➖,"SelfHasMorale, EnemyPlayer",➖,"SelfHasMorale, EnemyPlayer",➖,"SelfHasMorale, EnemyPlayer",➖,CritChance,➖,CritChance,1796469058,1752126880,152,Rare,Morale,,SelfHasMorale,1,1,1,,,0.1,0.25,1,,,,
244,TOS UHURA,OA,TOS ENTERPRISE CREW,ShieldMitigation,"SelfHasMorale, EnemyPlayer",RoundStart,EnemyShip,Sub,num_rounds=1,"When fighting players, as long as the ship has Morale, TOS Nyota Uhura removes X from the Shield Mitigation of the opponent's ship. -- Shield Mitigation determines the amount of damage dealt to the shield health",-X to opponent's Shield Mitigation,"1.0, 1.0, 1.0, 1.0, 1.0","0.08, 0.1, 0.12, 0.16, 0.2",FALSE,TRUE,✴️,SelfHasMorale,✴️,SelfHasMorale,➖,"SelfHasMorale, EnemyPlayer",➖,"SelfHasMorale, EnemyPlayer",➖,"SelfHasMorale, EnemyPlayer",➖,"SelfHasMorale, EnemyPlayer",➖,"SelfHasMorale, EnemyPlayer",➖,"SelfHasMorale, EnemyPlayer",➖,"SelfHasMorale, EnemyPlayer",➖,"SelfHasMorale, EnemyPlayer",➖,"SelfHasMorale, EnemyPlayer",➖,"SelfHasMorale, EnemyPlayer",➖,ShieldMitigation,➖,ShieldMitigation,2247949691,1752126880,152,Rare,Morale,,SelfHasMorale,1,1,1,1,1,0.08,0.1,0.12,0.16,0.2,,
245,TOS MCCOY,CM,TOS ENTERPRISE CREW,AllDefenses,SelfDefending,CombatStart,SelfShip,MultiplyBaseAdd,officer_stat=3,"When defending, TOS Leonard McCoy increases the Shield Deflection, Armor, and Dodge of the ship by X of the Health of all Officers on the ship.","X to Dodge, Shield Deflection, and Armor when defending","1.0, 1.0, 1.0","3.0, 0.5, 1.0",FALSE,TRUE,✅,,✅,,➖,SelfDefending,➖,SelfDefending,➖,SelfDefending,➖,SelfDefending,➖,SelfDefending,➖,SelfDefending,➖,SelfDefending,➖,SelfDefending,➖,SelfDefending,➖,SelfDefending,➖,AllDefenses,➖,AllDefenses,1411083962,423029416,153,Rare,,,,1,1,1,,,3,0.5,1,,,,
246,TOS MCCOY,OA,TOS ENTERPRISE CREW,OfficerStatAll,SelfExplorer,ShipLaunched,SelfAll,MultiplyAdd,,"If the ship is an Explorer, TOS Leonard McCoy increases the Attack, Defense, and Health of all Officers on the ship by X.","X to Attack, Defense, and Health of all Officers when aboard an Explorer","1.0, 1.0, 1.0, 1.0, 1.0","0.2, 0.4, 0.6, 0.8, 1.0",FALSE,TRUE,✴️,SelfExplorer,✴️,SelfExplorer,✴️,SelfExplorer,✴️,SelfExplorer,✴️,SelfExplorer,✴️,SelfExplorer,✴️,SelfExplorer,✴️,SelfExplorer,✴️,SelfExplorer,✴️,SelfExplorer,✴️,SelfExplorer,✴️,SelfExplorer,➖,OfficerStatAll,➖,OfficerStatAll,1471902954,423029416,153,Rare,,,SelfExplorer,1,1,1,1,1,0.2,0.4,0.6,0.8,1,,
247,TOS SULU,CM,TOS ENTERPRISE CREW,AddState,,RoundStart,SelfShip,Set,"num_rounds=1, state=8","At the start of each round, TOS Hikaru Sulu has a X chance of inspiring Morale for one round.",X chance to inspire Morale for 1 round,"0.55, 0.05, 0.1","0.0, 0.0, 0.0",TRUE,TRUE,✅,,✅,,✅,,✅,,✅,,✅,,✅,,✅,,✅,,✅,,✅,,✅,,➖,AddState,➖,AddState,261387865,1670351312,154,Rare,,,,0.55,0.05,0.1,,,0,0,0,,,,
248,TOS SULU,OA,TOS ENTERPRISE CREW,CritChance,"SelfExplorer, SelfHasMorale",RoundStart,SelfShip,Add,num_rounds=1,"If the ship is an Explorer, at the start of each turn, if the ship has Morale, TOS Hikaru Sulu increases its Critical Hit Chance by X for that round.",X increase to Critical Hit Chance when aboard an Explorer that has  Morale,"1.0, 1.0, 1.0, 1.0, 1.0","0.06, 0.08, 0.1, 0.12, 0.15",FALSE,TRUE,✴️,"SelfExplorer, SelfHasMorale",✴️,"SelfExplorer, SelfHasMorale",✴️,"SelfExplorer, SelfHasMorale",✴️,"SelfExplorer, SelfHasMorale",✴️,"SelfExplorer, SelfHasMorale",✴️,"SelfExplorer, SelfHasMorale",✴️,"SelfExplorer, SelfHasMorale",✴️,"SelfExplorer, SelfHasMorale",✴️,"SelfExplorer, SelfHasMorale",✴️,"SelfExplorer, SelfHasMorale",✴️,"SelfExplorer, SelfHasMorale",✴️,"SelfExplorer, SelfHasMorale",➖,CritChance,➖,CritChance,3831328818,1670351312,154,Rare,Morale,,"SelfExplorer, SelfHasMorale",1,1,1,1,1,0.06,0.08,0.1,0.12,0.15,,
249,TOS SCOTTY,CM,TOS ENTERPRISE CREW,WarpDistance,SelfExplorer,ShipLaunched,SelfShip,Add,,TOS Scotty increases the Warp Range of Explorers by X.,+X to Warp Range for Explorers,"1.0, 1.0, 1.0","4.0, 2.0, 3.0",FALSE,FALSE,➖,WarpDistance,➖,WarpDistance,➖,WarpDistance,➖,WarpDistance,➖,WarpDistance,➖,WarpDistance,➖,WarpDistance,➖,WarpDistance,➖,WarpDistance,➖,WarpDistance,➖,WarpDistance,➖,WarpDistance,➖,WarpDistance,✅,,895293227,3579242146,155,Rare,,,,1,1,1,,,4,2,3,,,,
250,TOS SCOTTY,OA,TOS ENTERPRISE CREW,RepairCostsPost,,ShipLaunched,SelfShip,MultiplyAdd,,TOS Scotty increases the Repair Cost Efficiency of the ship by X. -- This ability is applied after all other bonuses from research and/or your station and stacked on top.,+X to Repair Cost Efficiency,"1.0, 1.0, 1.0, 1.0, 1.0","0.1, 0.2, 0.3, 0.4, 0.5",FALSE,TRUE,➖,RepairCostsPost,➖,RepairCostsPost,➖,RepairCostsPost,➖,RepairCostsPost,➖,RepairCostsPost,➖,RepairCostsPost,➖,RepairCostsPost,➖,RepairCostsPost,➖,RepairCostsPost,➖,RepairCostsPost,➖,RepairCostsPost,➖,RepairCostsPost,➖,RepairCostsPost,✅,,1072929447,3579242146,155,Rare,,,,1,1,1,1,1,0.1,0.2,0.3,0.4,0.5,,
251,TOS CHEKOV,CM,TOS ENTERPRISE CREW,ImpulseSpeed,SelfExplorer,ShipLaunched,SelfShip,Add,,TOS Chekov increases the Impulse Speed of Explorers by X.,+X to Impulse Speed on Explorers,"1.0, 1.0, 1.0","10.0, 5.0, 10.0",FALSE,FALSE,➖,ImpulseSpeed,➖,ImpulseSpeed,➖,ImpulseSpeed,➖,ImpulseSpeed,➖,ImpulseSpeed,➖,ImpulseSpeed,➖,ImpulseSpeed,➖,ImpulseSpeed,➖,ImpulseSpeed,➖,ImpulseSpeed,➖,ImpulseSpeed,➖,ImpulseSpeed,➖,ImpulseSpeed,✅,,1058182319,3382562951,156,Rare,,,,1,1,1,,,10,5,10,,,,
252,TOS CHEKOV,OA,TOS ENTERPRISE CREW,AllDamage,"CombatBattleType, EnemyPlayer, SelfDefending",CombatStart,EnemyShip,MultiplySub,battle_types=[4],"When attacked while on a Capture or Mining Node by a player, TOS Chekov decreases the opponent's damage by X.",-X to opponent's damage when attacked on nodes,"1.0, 1.0, 1.0, 1.0, 1.0","0.3, 0.5, 0.75, 1.0, 1.5",FALSE,TRUE,✴️,docked on a node,➖,CombatBattleType,➖,"CombatBattleType, EnemyPlayer, SelfDefending",➖,"CombatBattleType, EnemyPlayer, SelfDefending",➖,"CombatBattleType, EnemyPlayer, SelfDefending",➖,"CombatBattleType, EnemyPlayer, SelfDefending",➖,"CombatBattleType, EnemyPlayer, SelfDefending",➖,"CombatBattleType, EnemyPlayer, SelfDefending",➖,"CombatBattleType, EnemyPlayer, SelfDefending",➖,"CombatBattleType, EnemyPlayer, SelfDefending",➖,"CombatBattleType, EnemyPlayer, SelfDefending",➖,"CombatBattleType, EnemyPlayer, SelfDefending",➖,AllDamage,➖,AllDamage,3190031600,3382562951,156,Rare,,,docked on a node,1,1,1,1,1,0.3,0.5,0.75,1,1.5,,
253,NEXT GEN DATA,CM,NEXT GEN,OfficerStatAll,,ShipLaunched,SelfBridge,MultiplyAdd,,"Next Gen Data increases the Attack, Defense and Health of all Officers on the Bridge by X.",+X to all Officer stats on the Bridge,"1.0, 1.0, 1.0","0.08, 0.03, 0.06",FALSE,TRUE,✅,,✅,,✅,,✅,,✅,,✅,,✅,,✅,,✅,,✅,,✅,,✅,,➖,OfficerStatAll,➖,OfficerStatAll,834551032,1841597470,160,Common,,,,1,1,1,,,0.08,0.03,0.06,,,,
254,NEXT GEN DATA,OA,NEXT GEN,AllDamage,,ShipLaunched,SelfShip,MultiplyAdd,,Next Gen Data increases the Weapon damage of the ship by X.,+X to Weapon Damage,"1.0, 1.0, 1.0, 1.0, 1.0","0.05, 0.08, 0.12, 0.15, 0.2",FALSE,TRUE,✅,,✅,,✅,,✅,,✅,,✅,,✅,,✅,,✅,,✅,,✅,,✅,,➖,AllDamage,➖,AllDamage,80249640,1841597470,160,Common,,,,1,1,1,1,1,0.05,0.08,0.12,0.15,0.2,,
255,NEXT GEN TROI,CM,NEXT GEN,AllDamage,,ShipLaunched,SelfShip,MultiplyAdd,,Next Gen Troi increases the Weapon Damage of the ship by X.,+X to Damage,"1.0, 1.0, 1.0","0.05, 0.02, 0.05",FALSE,TRUE,✅,,✅,,✅,,✅,,✅,,✅,,✅,,✅,,✅,,✅,,✅,,✅,,➖,AllDamage,➖,AllDamage,715015459,3217575459,162,Common,,,,1,1,1,,,0.05,0.02,0.05,,,,
256,NEXT GEN TROI,OA,NEXT GEN,AllDefenses,,ShipLaunched,SelfShip,MultiplyAdd,,"Next Gen Troi increases the Shield Deflection, Armor and Dodge of the ship by X.","+X to Dodge, Shield Deflection and Armor","1.0, 1.0, 1.0, 1.0, 1.0","0.05, 0.08, 0.12, 0.15, 0.2",FALSE,TRUE,✅,,✅,,✅,,✅,,✅,,✅,,✅,,✅,,✅,,✅,,✅,,✅,,➖,AllDefenses,➖,AllDefenses,870791323,3217575459,162,Common,,,,1,1,1,1,1,0.05,0.08,0.12,0.15,0.2,,
257,NEXT GEN CRUSHER,CM,NEXT GEN,OfficerStatHealth,,ShipLaunched,SelfBridge,MultiplyAdd,,Next Gen Crusher increases the Health of all Officers on the ship by X.,+X to Officers Health on the ship,"1.0, 1.0, 1.0","0.1, 0.05, 0.1",FALSE,TRUE,✅,,✅,,✅,,✅,,✅,,✅,,✅,,✅,,✅,,✅,,✅,,✅,,➖,OfficerStatHealth,➖,OfficerStatHealth,3365829083,1485791413,163,Common,,,,1,1,1,,,0.1,0.05,0.1,,,,
258,NEXT GEN CRUSHER,OA,NEXT GEN,CptManeuverEffect,,CombatStart,SelfCaptain,MultiplyAdd,,"During combat, Next Gen Crusher increases the effectiveness of the Captain Maneuver by X.",+X to the effectiveness of the Captain Maneuver,"1.0, 1.0, 1.0, 1.0, 1.0","0.04, 0.06, 0.08, 0.1, 0.12",FALSE,TRUE,✅,,✅,,✅,,✅,,✅,,✅,,✅,,✅,,✅,,✅,,✅,,✅,,➖,CptManeuverEffect,➖,CptManeuverEffect,972047904,1485791413,163,Common,,,,1,1,1,1,1,0.04,0.06,0.08,0.1,0.12,,
259,NEXT GEN LA FORGE,CM,NEXT GEN,AllDamage,"TargetNotArmada, TargetNotASB",CombatStart,EnemyShip,MultiplySub,,Next Gen La Forge decreases the Weapon Damage of the opponent's ship by X.,-X to the opponent's ship Weapon Damage,"1.0, 1.0, 1.0","0.1, 0.02, 0.05",FALSE,TRUE,✅,,✅,,✅,,✅,,✅,,✅,,➖,TargetNotArmada,➖,TargetNotArmada,➖,TargetNotASB,➖,TargetNotArmada,✅,,✅,,➖,AllDamage,➖,AllDamage,1462377933,3968109489,164,Common,,,,1,1,1,,,0.1,0.02,0.05,,,,
260,NEXT GEN LA FORGE,OA,NEXT GEN,ShieldHPMax,,ShipLaunched,SelfShip,MultiplyAdd,,Next Gen La Forge increases the Shield Health of the ship by X.,+X to Shield Health,"1.0, 1.0, 1.0, 1.0, 1.0","0.05, 0.07, 0.09, 0.11, 0.14",FALSE,TRUE,✅,,✅,,✅,,✅,,✅,,✅,,✅,,✅,,✅,,✅,,✅,,✅,,➖,ShieldHPMax,➖,ShieldHPMax,1499701415,3968109489,164,Common,,,,1,1,1,1,1,0.05,0.07,0.09,0.11,0.14,,
261,NEXT GEN RIKER,CM,NEXT GEN,AllDamage,,CombatStart,SelfShip,MultiplyAdd,num_rounds=1,Next Gen Riker increases the damage of the first shots of the ship by X for the first round.,+X to Damage for the first round,"1.0, 1.0, 1.0","0.05, 0.05, 0.1",FALSE,TRUE,✅,,✅,,✅,,✅,,✅,,✅,,✅,,✅,,✅,,✅,,✅,,✅,,➖,AllDamage,➖,AllDamage,735446036,631590783,161,Common,,,,1,1,1,,,0.05,0.05,0.1,,,,
262,NEXT GEN RIKER,OA,NEXT GEN,OfficerStatAttack,,ShipLaunched,SelfBridge,MultiplyAdd,,Next Gen Riker increases the Attack of all the Officers on the ship by X.,+X to the Attack of all the officers in the ship,"1.0, 1.0, 1.0, 1.0, 1.0","0.05, 0.08, 0.1, 0.12, 0.15",FALSE,TRUE,✅,,✅,,✅,,✅,,✅,,✅,,✅,,✅,,✅,,✅,,✅,,✅,,➖,OfficerStatAttack,➖,OfficerStatAttack,1603399419,631590783,161,Common,,,,1,1,1,1,1,0.05,0.08,0.1,0.12,0.15,,
263,DATA,CM,TNG CREW,CritChance,EnemyHostile,CombatStart,SelfShip,Add,,"When fighting Hostiles and Armadas, Data increases the Critical Hit Chance by X.",+X to Critical Hit Chance against Hostiles/Armadas,"1.0, 1.0, 1.0","0.17, 0.03, 0.04",FALSE,TRUE,➖,EnemyHostile,➖,EnemyHostile,✅,,✅,,➖,EnemyHostile,✅,,✅,,✅,,➖,EnemyHostile,✅,,➖,EnemyHostile,➖,EnemyHostile,➖,CritChance,➖,CritChance,399317258,1683164967,171,Epic,,,,1,1,1,,,0.17,0.03,0.04,,,,
264,DATA,OA,TNG CREW,AllPiercing,CombatBattleType,CombatStart,SelfShip,MultiplyAdd,"battle_types=[2, 3, 5, 6, 7, 8, 9]","When fighting non-player targets (including Mission Hostiles), Data increases Armor Piercing, Shield Piercing, and Accuracy by X.",+X to all Penetration stats against non-player targets,"1.0, 1.0, 1.0, 1.0, 1.0","0.6, 1.2, 1.8, 2.4, 3.0",FALSE,TRUE,➖,CombatBattleType,➖,CombatBattleType,✅,,✅,,✅,,✅,,✅,,✅,,➖,CombatBattleType,✅,,➖,CombatBattleType,➖,CombatBattleType,➖,AllPiercing,➖,AllPiercing,264286170,1683164967,171,Epic,,,,1,1,1,1,1,0.6,1.2,1.8,2.4,3,,
265,BEVERLY CRUSHER,CM,TNG CREW,ShieldHPRepair,EnemyHostile,RoundStart,SelfShip,MultiplyBaseAdd,officer_stat=3,"When fighting Hostiles and Armadas, Beverly Crusher restores Shield Health each round equal to X of the Health of all Officers on the ship.",+X of total crew Health restored to SHP each round when fighting Hostiles/Armadas,"1.0, 1.0, 1.0","2.0, 0.5, 1.0",FALSE,TRUE,➖,EnemyHostile,➖,EnemyHostile,✅,,✅,,➖,EnemyHostile,✅,,✅,,✅,,➖,EnemyHostile,✅,,➖,EnemyHostile,➖,EnemyHostile,➖,ShieldHPRepair,➖,ShieldHPRepair,4222722823,177664289,174,Rare,,,,1,1,1,,,2,0.5,1,,,,
266,BEVERLY CRUSHER,OA,TNG CREW,AllDefenses,EnemyHostile,CombatStart,SelfShip,MultiplyBaseAdd,officer_stat=2,"When fighting Hostiles and Armadas, Beverly Crusher increases Armor, Shield Deflection, and Dodge by X of the Defense of all Officers on the ship.",+X to all Mitigation stats when fighting Hostiles/Armadas,"1.0, 1.0, 1.0, 1.0, 1.0","1.5, 2.0, 2.5, 3.0, 3.5",FALSE,TRUE,➖,EnemyHostile,➖,EnemyHostile,✅,,✅,,➖,EnemyHostile,✅,,✅,,✅,,➖,EnemyHostile,✅,,➖,EnemyHostile,➖,EnemyHostile,➖,AllDefenses,➖,AllDefenses,697043235,177664289,174,Rare,,,,1,1,1,1,1,1.5,2,2.5,3,3.5,,
267,GEORDI LA FORGE,CM,TNG CREW,ArmadaLoot,,ShipLaunched,SelfShip,MultiplyAdd,,Geordi La Forge increases the rewards your ship receives from defeated Armada Targets by X.,+X increased rewards that your ship receives from defeated Armadas,"1.0, 1.0, 1.0","0.5, 0.1, 0.15",FALSE,TRUE,➖,ArmadaLoot,➖,ArmadaLoot,➖,ArmadaLoot,➖,ArmadaLoot,➖,ArmadaLoot,➖,ArmadaLoot,✅,,✅,,➖,ArmadaLoot,✅,,✅,,➖,ArmadaLoot,✅,,➖,ArmadaLoot,345049752,2204519406,175,Epic,,,,1,1,1,,,0.5,0.1,0.15,,,,
268,GEORDI LA FORGE,OA,TNG CREW,AllDamage,"EnemyHullFaction, EnemyHostile",CombatStart,SelfShip,MultiplyAdd,faction_id=4153667145,Geordi La Forge increases Weapon Damage against Klingon Hostiles and Klingon Armadas by X.,+X to Weapon Damage against Klingon Hostiles/Armadas,"1.0, 1.0, 1.0, 1.0, 1.0","1.0, 1.5, 2.0, 2.5, 3.0",FALSE,TRUE,➖,EnemyHostile,➖,EnemyHostile,✴️,Klingon,✴️,Klingon,➖,EnemyHostile,✴️,Klingon,✴️,Klingon,✴️,Klingon,➖,EnemyHostile,➖,EnemyHullFaction,➖,"EnemyHullFaction, EnemyHostile",➖,"EnemyHullFaction, EnemyHostile",➖,AllDamage,➖,AllDamage,330406172,2204519406,175,Epic,,,Klingon,1,1,1,1,1,1,1.5,2,2.5,3,,
269,JEAN-LUC PICARD,CM,TNG CREW,OffAbilityEffect,TargetMaxLevel,CombatStart,SelfBridge,MultiplyAdd,max_level=70,"Jean-Luc Picard increases the effectiveness of all Officer Abilities that trigger in combat by X. Works against Hostiles of level 70 and under. -- This ability receives the same synergy bonus from all TNG Officers, regardless of class.",X increased effectiveness to Officer Abilities that activate in combat,"1.0, 1.0, 1.0","0.2, 1.0, 1.0",FALSE,TRUE,✴️,target level 70 or under,✴️,target level 70 or under,✴️,target level 70 or under,✴️,target level 70 or under,✴️,target level 70 or under,✴️,target level 70 or under,✴️,target level 70 or under,✴️,target level 70 or under,✴️,target level 70 or under,✴️,target level 70 or under,✴️,target level 70 or under,✴️,target level 70 or under,➖,OffAbilityEffect,➖,OffAbilityEffect,1022859147,1427486959,170,Epic,,,target level 70 or under,1,1,1,,,0.2,1,1,,,,
270,JEAN-LUC PICARD,OA,TNG CREW,CritDamage,,CombatStart,SelfShip,MultiplyAdd,,Jean-Luc Picard increases your Critical Hit Damage by X.,+X to your Critical Hit Damage,"1.0, 1.0, 1.0, 1.0, 1.0","0.05, 0.1, 0.15, 0.2, 0.25",FALSE,TRUE,✅,,✅,,✅,,✅,,✅,,✅,,✅,,✅,,✅,,✅,,✅,,✅,,➖,CritDamage,➖,CritDamage,3573803212,1427486959,170,Epic,,,,1,1,1,1,1,0.05,0.1,0.15,0.2,0.25,,
271,WESLEY CRUSHER,CM,TNG CREW,AllDamage,EnemyHostile,CombatStart,SelfShip,MultiplyBaseAdd,officer_stat=1,Wesley Crusher increases Weapon Damage against Hostiles and Armadas by X of Crew Attack.,+X of Attack to Damage vs. Hostiles/Armadas,"1.0, 1.0, 1.0","1.0, 0.25, 0.5",FALSE,TRUE,➖,EnemyHostile,➖,EnemyHostile,✅,,✅,,➖,EnemyHostile,✅,,✅,,✅,,➖,EnemyHostile,✅,,➖,EnemyHostile,➖,EnemyHostile,➖,AllDamage,➖,AllDamage,2111864873,1116707401,176,Rare,,,,1,1,1,,,1,0.25,0.5,,,,
272,WESLEY CRUSHER,OA,TNG CREW,OfficerStatAll,,ShipLaunched,SelfOfficer,MultiplyAdd,,Wesley Crusher increases his own stats by X.,+X to own stats,"1.0, 1.0, 1.0, 1.0, 1.0","0.2, 0.4, 0.7, 1.0, 2.0",FALSE,TRUE,✅,,✅,,✅,,✅,,✅,,✅,,✅,,✅,,✅,,✅,,✅,,✅,,➖,OfficerStatAll,➖,OfficerStatAll,424820476,1116707401,176,Rare,,,,1,1,1,1,1,0.2,0.4,0.7,1,2,,
273,WILLIAM T. RIKER,CM,TNG CREW,AllDamage,TargetIsArmada,RoundStart,SelfShip,MultiplyAdd,,William T. Riker increases Weapon Damage against Armada Targets by X every round (cumulative).,+X to Damage against Armadas each round (cumulative),"1.0, 1.0, 1.0","1.0, 0.1, 0.2",FALSE,TRUE,➖,TargetIsArmada,➖,TargetIsArmada,➖,TargetIsArmada,➖,TargetIsArmada,➖,TargetIsArmada,➖,TargetIsArmada,✅,,✅,,➖,TargetIsArmada,➖,TargetIsArmada,➖,TargetIsArmada,➖,TargetIsArmada,➖,AllDamage,➖,AllDamage,855610396,1137482318,172,Epic,,,,1,1,1,,,1,0.1,0.2,,,,
274,WILLIAM T. RIKER,OA,TNG CREW,AllDamage,"EnemyHullFaction, EnemyHostile",CombatStart,SelfShip,MultiplyAdd,faction_id=2064723306,William T. Riker increases Weapon Damage against Federation Hostiles and Federation Armadas by X.,+X to Weapon Damage against Federation Hostiles/Armadas,"1.0, 1.0, 1.0, 1.0, 1.0","1.0, 1.5, 2.0, 2.5, 3.0",FALSE,TRUE,➖,EnemyHostile,➖,EnemyHostile,✴️,Federation,✴️,Federation,➖,EnemyHostile,✴️,Federation,✴️,Federation,✴️,Federation,➖,EnemyHostile,➖,EnemyHullFaction,➖,"EnemyHullFaction, EnemyHostile",➖,"EnemyHullFaction, EnemyHostile",➖,AllDamage,➖,AllDamage,1577212247,1137482318,172,Epic,,,Federation,1,1,1,1,1,1,1.5,2,2.5,3,,
275,DEANNA TROI,CM,TNG CREW,CritChance,TargetIsArmada,CombatStart,EnemyShip,Sub,,Deanna Troi reduces the Crit Chance of Armada Targets by X.,-X to Crit Chance for Armadas,"1.0, 1.0, 1.0","0.15, 0.02, 0.05",FALSE,TRUE,➖,TargetIsArmada,➖,TargetIsArmada,➖,TargetIsArmada,➖,TargetIsArmada,➖,TargetIsArmada,➖,TargetIsArmada,✅,,✅,,➖,TargetIsArmada,➖,TargetIsArmada,➖,TargetIsArmada,➖,TargetIsArmada,➖,CritChance,➖,CritChance,1458678084,1070197892,173,Epic,,,,1,1,1,,,0.15,0.02,0.05,,,,
276,DEANNA TROI,OA,TNG CREW,AllDamage,"EnemyHullFaction, EnemyHostile",CombatStart,SelfShip,MultiplyAdd,faction_id=669838839,Deanna Troi increases Weapon Damage against Romulan Hostiles and Romulan Armadas by X.,+X to Weapon Damage against Romulan Hostiles/Armadas,"1.0, 1.0, 1.0, 1.0, 1.0","1.0, 1.5, 2.0, 2.5, 3.0",FALSE,TRUE,➖,EnemyHostile,➖,EnemyHostile,✴️,Romulan,✴️,Romulan,➖,EnemyHostile,✴️,Romulan,✴️,Romulan,✴️,Romulan,➖,EnemyHostile,➖,EnemyHullFaction,➖,"EnemyHullFaction, EnemyHostile",➖,"EnemyHullFaction, EnemyHostile",➖,AllDamage,➖,AllDamage,1578395870,1070197892,173,Epic,,,Romulan,1,1,1,1,1,1,1.5,2,2.5,3,,
277,WORF,CM,TNG CREW,WarpSpeed,,BattleWon,SelfShip,MultiplyAdd,,"After winning a battle, Worf increases the Warp Speed of the ship by X. This bonus does not stack, and is removed when returning to your station.",+X to Warp Speed after winning a battle,"1.0, 1.0, 1.0","0.7, 0.1, 0.15",FALSE,TRUE,➖,WarpSpeed,➖,WarpSpeed,➖,WarpSpeed,➖,WarpSpeed,➖,WarpSpeed,➖,WarpSpeed,➖,WarpSpeed,➖,WarpSpeed,➖,WarpSpeed,➖,WarpSpeed,➖,WarpSpeed,➖,WarpSpeed,➖,WarpSpeed,✅,,2418798268,2593842933,177,Rare,,,,1,1,1,,,0.7,0.1,0.15,,,,
278,WORF,OA,TNG CREW,AllDefenses,CombatBattleType,CombatStart,SelfShip,MultiplyAdd,"battle_types=[2, 3, 5, 6, 7, 8, 9]",Worf increases all Mitigation stats against non-player targets by X.,+X to all Mitigation against non-player targets,"1.0, 1.0, 1.0, 1.0, 1.0","0.2, 0.4, 0.6, 0.8, 1.0",FALSE,TRUE,➖,CombatBattleType,➖,CombatBattleType,✅,,✅,,✅,,✅,,✅,,✅,,➖,CombatBattleType,✅,,➖,CombatBattleType,➖,CombatBattleType,➖,AllDefenses,➖,AllDefenses,3612793883,2593842933,177,Rare,,,,1,1,1,1,1,0.2,0.4,0.6,0.8,1,,
279,TASHA YAR,CM,TNG CREW,CritChance,CombatBattleType,CombatStart,EnemyShip,Sub,battle_types=[3],Tasha Yar reduces the Crit Chance of Mission Hostiles (yellow hostiles) by X.,-X to Crit Chance for Mission Hostiles,"1.0, 1.0, 1.0","0.1, 0.02, 0.05",FALSE,TRUE,➖,CombatBattleType,➖,CombatBattleType,➖,CombatBattleType,➖,CombatBattleType,✅,,✅,,➖,CombatBattleType,➖,CombatBattleType,➖,CombatBattleType,➖,CombatBattleType,➖,CombatBattleType,➖,CombatBattleType,➖,CritChance,➖,CritChance,3342912908,4148782205,178,Rare,,,,1,1,1,,,0.1,0.02,0.05,,,,
280,TASHA YAR,OA,TNG CREW,AllDamage,CombatBattleType,CombatStart,SelfShip,MultiplyAdd,"battle_types=[2, 3, 5, 6, 7, 8, 9]",Tasha Yar increases all Weapon Damage against non-player targets by X.,+X to Weapon Damage against non-player targets,"1.0, 1.0, 1.0, 1.0, 1.0","0.1, 0.2, 0.3, 0.4, 0.5",FALSE,TRUE,➖,CombatBattleType,➖,CombatBattleType,✅,,✅,,✅,,✅,,✅,,✅,,➖,CombatBattleType,✅,,➖,CombatBattleType,➖,CombatBattleType,➖,AllDamage,➖,AllDamage,1382019546,4148782205,178,Rare,,,,1,1,1,1,1,0.1,0.2,0.3,0.4,0.5,,
281,ELEVEN OF ELEVEN,CM,UNIMATRIX TWELVE,MiningRate,,ShipLaunched,SelfShip,MultiplyAdd,"resources=[1371898528, 680796905, 3735331456, 3598797204, 3739531165, 2285412015]",Eleven of Eleven increases Crystal mining speed by X.,+X to Crystal mining speed.,"1.0, 1.0, 1.0","0.6, 0.3, 0.45",FALSE,TRUE,➖,MiningRate,➖,MiningRate,➖,MiningRate,➖,MiningRate,➖,MiningRate,➖,MiningRate,➖,MiningRate,➖,MiningRate,➖,MiningRate,➖,MiningRate,➖,MiningRate,➖,MiningRate,➖,MiningRate,✅,,3830386207,3542999283,181,Epic,,,,1,1,1,,,0.6,0.3,0.45,,,,
282,ELEVEN OF ELEVEN,OA,UNIMATRIX TWELVE,WarpSpeed,,ShipLaunched,SelfShip,MultiplyAdd,,Eleven of Eleven increases Warp Speed by X.,+X to Warp Speed.,"1.0, 1.0, 1.0, 1.0, 1.0","0.3, 0.35, 0.4, 0.45, 0.5",FALSE,TRUE,➖,WarpSpeed,➖,WarpSpeed,➖,WarpSpeed,➖,WarpSpeed,➖,WarpSpeed,➖,WarpSpeed,➖,WarpSpeed,➖,WarpSpeed,➖,WarpSpeed,➖,WarpSpeed,➖,WarpSpeed,➖,WarpSpeed,➖,WarpSpeed,✅,,3620433776,3542999283,181,Epic,,,,1,1,1,1,1,0.3,0.35,0.4,0.45,0.5,,
283,HONORGUARD WORF,CM,KHITOMER'S REVENGE,ArmorPiercing,EnemyPlayer,CriticalShotFired,SelfShip,MultiplyBaseAdd,officer_stat=1,"When fighting other players, Honorguard Worf increases the ship's Armor Piercing by X of Crew Attack whenever the ship scores a critical hit.",Increase Armor Piercing by X of Crew Attack when critically hitting player targets,"1.0, 1.0, 1.0","0.3, 0.05, 0.1",FALSE,TRUE,✅,,✅,,➖,EnemyPlayer,➖,EnemyPlayer,➖,EnemyPlayer,➖,EnemyPlayer,➖,EnemyPlayer,➖,EnemyPlayer,➖,EnemyPlayer,➖,EnemyPlayer,➖,EnemyPlayer,➖,EnemyPlayer,➖,ArmorPiercing,➖,ArmorPiercing,2884241557,2498836305,182,Epic,,,,1,1,1,,,0.3,0.05,0.1,,,,
284,HONORGUARD WORF,OA,KHITOMER'S REVENGE,CritChance,EnemyPlayer,CombatStart,SelfShip,Add,num_rounds=8,"For the first 8 rounds of combat against other players, Honorguard Worf increases the Critical Hit Chance of the ship by X.",+X to Crit Chance against players for the first 8 rounds of combat,"1.0, 1.0, 1.0, 1.0, 1.0","0.45, 0.5, 0.6, 0.75, 1.0",FALSE,TRUE,✅,,✅,,➖,EnemyPlayer,➖,EnemyPlayer,➖,EnemyPlayer,➖,EnemyPlayer,➖,EnemyPlayer,➖,EnemyPlayer,➖,EnemyPlayer,➖,EnemyPlayer,➖,EnemyPlayer,➖,EnemyPlayer,➖,CritChance,➖,CritChance,4096806574,2498836305,182,Epic,,,,1,1,1,1,1,0.45,0.5,0.6,0.75,1,,
285,SELA,CM,PRIDE OF ROMULUS,CritDamage,SelfCloaked,CombatStart,SelfShip,Add,,"While cloaked, Sela increases Critical Hit Damage by X.",Increase Crit Damage by X while cloaked,"1.0, 1.0, 1.0","0.5, 0.1, 0.15",FALSE,TRUE,✅,,➖,SelfCloaked,➖,SelfCloaked,➖,SelfCloaked,➖,SelfCloaked,➖,SelfCloaked,➖,SelfCloaked,➖,SelfCloaked,➖,SelfCloaked,➖,SelfCloaked,➖,SelfCloaked,➖,SelfCloaked,➖,CritDamage,➖,CritDamage,1412669858,336948052,186,Epic,,,,1,1,1,,,0.5,0.1,0.15,,,,
286,SELA,OA,PRIDE OF ROMULUS,CritChance,EnemyPlayer,EnemyTakesHit,EnemyShip,Sub,,"When fighting other players, Sela decreases the enemy's Critical Hit Chance by X every time the ship scores a hit.","In PVP, decrease enemy Crit Chance by X per hit","1.0, 1.0, 1.0, 1.0, 1.0","0.02, 0.03, 0.04, 0.05, 0.06",FALSE,TRUE,✅,,✅,,➖,EnemyPlayer,➖,EnemyPlayer,➖,EnemyPlayer,➖,EnemyPlayer,➖,EnemyPlayer,➖,EnemyPlayer,➖,EnemyPlayer,➖,EnemyPlayer,➖,EnemyPlayer,➖,EnemyPlayer,➖,CritChance,➖,CritChance,542000466,336948052,186,Epic,,,,1,1,1,1,1,0.02,0.03,0.04,0.05,0.06,,
287,TOMALAK,CM,PRIDE OF ROMULUS,AllPiercing,SelfCloaked,CombatStart,SelfShip,MultiplyAdd,,"While cloaked, Tomalak increases Armor Piercing, Shield Penetration, and Accuracy by X.",Increase all Penetration stats by X while cloaked,"1.0, 1.0, 1.0","1.0, 0.25, 0.5",FALSE,TRUE,✅,,➖,SelfCloaked,➖,SelfCloaked,➖,SelfCloaked,➖,SelfCloaked,➖,SelfCloaked,➖,SelfCloaked,➖,SelfCloaked,➖,SelfCloaked,➖,SelfCloaked,➖,SelfCloaked,➖,SelfCloaked,➖,AllPiercing,➖,AllPiercing,4018220297,215089650,187,Rare,,,,1,1,1,,,1,0.25,0.5,,,,
288,TOMALAK,OA,PRIDE OF ROMULUS,AllDamage,EnemyHullFaction,CombatStart,SelfShip,MultiplyBaseAdd,"faction_id=4153667145, officer_stat=1",Tomalak increases Weapon Damage against Klingon targets by X of total Crew Attack.,Increase Damage against Klingons by X of Crew Attack,"1.0, 1.0, 1.0, 1.0, 1.0","0.25, 0.35, 0.75, 1.75, 5.0",FALSE,TRUE,✴️,Klingon,✴️,Klingon,✴️,Klingon,✴️,Klingon,✴️,Klingon,✴️,Klingon,✴️,Klingon,✴️,Klingon,✴️,Klingon,➖,EnemyHullFaction,➖,EnemyHullFaction,➖,EnemyHullFaction,➖,AllDamage,➖,AllDamage,223743617,215089650,187,Rare,,,Klingon,1,1,1,1,1,0.25,0.35,0.75,1.75,5,,
289,GOWRON,CM,KHITOMER'S REVENGE,AllDamage,ModuleEnergy,CombatStart,SelfShip,MultiplyAdd,,Gowron increases the ship's Energy Weapon Damage by X.,+X to Energy Weapon Damage,"1.0, 1.0, 1.0","0.5, 0.05, 0.1",FALSE,TRUE,✴️,ModuleEnergy,✴️,ModuleEnergy,✴️,ModuleEnergy,✴️,ModuleEnergy,✴️,ModuleEnergy,✴️,ModuleEnergy,✴️,ModuleEnergy,✴️,ModuleEnergy,✴️,ModuleEnergy,✴️,ModuleEnergy,✴️,ModuleEnergy,✴️,ModuleEnergy,➖,AllDamage,➖,AllDamage,2629388546,2392608691,183,Rare,,,ModuleEnergy,1,1,1,,,0.5,0.05,0.1,,,,
290,GOWRON,OA,KHITOMER'S REVENGE,Shields,,CombatStart,SelfShip,MultiplyBaseAdd,officer_stat=3,Gowron increases the ship's Shield Deflection by X of total Crew Health.,+X of Crew Health to Shield Deflection,"1.0, 1.0, 1.0, 1.0, 1.0","2.0, 5.0, 8.0, 11.0, 14.0",FALSE,TRUE,✅,,✅,,✅,,✅,,✅,,✅,,✅,,✅,,✅,,✅,,✅,,✅,,➖,Shields,➖,Shields,1180450595,2392608691,183,Rare,,,,1,1,1,1,1,2,5,8,11,14,,
291,MARTOK,CM,KHITOMER'S REVENGE,AllDamage,ModuleKinetic,CombatStart,SelfShip,MultiplyAdd,,Martok increases the ship's Kinetic Weapon Damage by X.,+X to Kinetic Weapon Damage,"1.0, 1.0, 1.0","0.5, 0.05, 0.1",FALSE,TRUE,✴️,ModuleKinetic,✴️,ModuleKinetic,✴️,ModuleKinetic,✴️,ModuleKinetic,✴️,ModuleKinetic,✴️,ModuleKinetic,✴️,ModuleKinetic,✴️,ModuleKinetic,✴️,ModuleKinetic,✴️,ModuleKinetic,✴️,ModuleKinetic,✴️,ModuleKinetic,➖,AllDamage,➖,AllDamage,876485508,2184439996,184,Rare,,,ModuleKinetic,1,1,1,,,0.5,0.05,0.1,,,,
292,MARTOK,OA,KHITOMER'S REVENGE,ShipDodge,,CombatStart,SelfShip,MultiplyBaseAdd,officer_stat=2,Martok increases the ship's Dodge by X of total Crew Defense.,+X of Crew Defense to Dodge,"1.0, 1.0, 1.0, 1.0, 1.0","2.0, 5.0, 8.0, 11.0, 14.0",FALSE,TRUE,✅,,✅,,✅,,✅,,✅,,✅,,✅,,✅,,✅,,✅,,✅,,✅,,➖,ShipDodge,➖,ShipDodge,4048510643,2184439996,184,Rare,,,,1,1,1,1,1,2,5,8,11,14,,
293,GHRUSH,CM,Syndicate,CargoProtection,,ShipLaunched,SelfShip,MultiplyAdd,,Ghrush increases the Protected Cargo of the ship by X.,+X to Protected Cargo,"1.0, 1.0, 1.0","1.0, 0.25, 0.5",FALSE,TRUE,➖,CargoProtection,➖,CargoProtection,➖,CargoProtection,➖,CargoProtection,➖,CargoProtection,➖,CargoProtection,➖,CargoProtection,➖,CargoProtection,➖,CargoProtection,➖,CargoProtection,➖,CargoProtection,➖,CargoProtection,➖,CargoProtection,✅,,741219458,909354959,921,Epic,,,,1,1,1,,,1,0.25,0.5,,,,
294,GHRUSH,OA,Syndicate,WarpDistance,,ShipLaunched,SelfShip,MultiplyAdd,,Ghrush increases the Warp Range of the ship by X.,+X to Warp Range,"1.0, 1.0, 1.0, 1.0, 1.0","0.06, 0.08, 0.1, 0.12, 0.15",FALSE,TRUE,➖,WarpDistance,➖,WarpDistance,➖,WarpDistance,➖,WarpDistance,➖,WarpDistance,➖,WarpDistance,➖,WarpDistance,➖,WarpDistance,➖,WarpDistance,➖,WarpDistance,➖,WarpDistance,➖,WarpDistance,➖,WarpDistance,✅,,1514072808,909354959,921,Epic,,,,1,1,1,1,1,0.06,0.08,0.1,0.12,0.15,,
295,BA'EL,CM,KHITOMER'S REVENGE,AllDamage,,CombatStart,SelfShip,MultiplyAdd,,Ba'el increases the ship's Weapon Damage by X.,+X to Weapon Damage,"1.0, 1.0, 1.0","0.25, 0.025, 0.05",FALSE,TRUE,✅,,✅,,✅,,✅,,✅,,✅,,✅,,✅,,✅,,✅,,✅,,✅,,➖,AllDamage,➖,AllDamage,1281603395,566062509,185,Rare,,,,1,1,1,,,0.25,0.025,0.05,,,,
296,BA'EL,OA,KHITOMER'S REVENGE,ShipArmor,,CombatStart,SelfShip,MultiplyBaseAdd,officer_stat=1,Ba'el increases the ship's Armor by X of total Crew Attack.,+X of Crew Attack to Armor,"1.0, 1.0, 1.0, 1.0, 1.0","2.0, 5.0, 8.0, 11.0, 14.0",FALSE,TRUE,✅,,✅,,✅,,✅,,✅,,✅,,✅,,✅,,✅,,✅,,✅,,✅,,➖,ShipArmor,➖,ShipArmor,1300699647,566062509,185,Rare,,,,1,1,1,1,1,2,5,8,11,14,,
297,B'ETOR,CM,PRIDE OF ROMULUS,SkillCloakingDuration,,ShipLaunched,SelfShip,MultiplyAdd,,"When on a ship that can use cloaking, B'Etor increases the duration the ship can stay cloaked by X.",+X to cloaking duration,"1.0, 1.0, 1.0","0.2, 0.05, 0.1",FALSE,TRUE,➖,SkillCloakingDuration,➖,SkillCloakingDuration,➖,SkillCloakingDuration,➖,SkillCloakingDuration,➖,SkillCloakingDuration,➖,SkillCloakingDuration,➖,SkillCloakingDuration,➖,SkillCloakingDuration,➖,SkillCloakingDuration,➖,SkillCloakingDuration,➖,SkillCloakingDuration,➖,SkillCloakingDuration,➖,SkillCloakingDuration,✅,,2319707047,1577339063,189,Rare,,,,1,1,1,,,0.2,0.05,0.1,,,,
298,B'ETOR,OA,PRIDE OF ROMULUS,CombatScavenger,SelfHullAmalgam,ShipLaunched,SelfShip,MultiplyAdd,,"When on the Amalgam, B'Etor boosts the Amalgam's bonus loot ship ability by X.",B'Etor boosts the Amalgam's bonus loot ship ability by +X,"1.0, 1.0, 1.0, 1.0, 1.0","0.1, 0.14, 0.22, 0.34, 0.5",FALSE,TRUE,➖,SelfHullAmalgam,✴️,Amalgam,➖,SelfHullAmalgam,➖,SelfHullAmalgam,➖,SelfHullAmalgam,➖,SelfHullAmalgam,➖,SelfHullAmalgam,➖,SelfHullAmalgam,➖,SelfHullAmalgam,➖,SelfHullAmalgam,➖,SelfHullAmalgam,➖,SelfHullAmalgam,➖,CombatScavenger,➖,CombatScavenger,2971941649,1577339063,189,Rare,,,Amalgam,1,1,1,1,1,0.1,0.14,0.22,0.34,0.5,,
299,LURSA,CM,PRIDE OF ROMULUS,SkillCloakingCooldown,,ShipLaunched,SelfShip,Add,,"When on a ship that can use cloaking, Lursa decreases the cloaking cooldown by X.",-X to cloaking cooldown,"1.0, 1.0, 1.0","0.3, 0.05, 0.1",FALSE,TRUE,➖,SkillCloakingCooldown,➖,SkillCloakingCooldown,➖,SkillCloakingCooldown,➖,SkillCloakingCooldown,➖,SkillCloakingCooldown,➖,SkillCloakingCooldown,➖,SkillCloakingCooldown,➖,SkillCloakingCooldown,➖,SkillCloakingCooldown,➖,SkillCloakingCooldown,➖,SkillCloakingCooldown,➖,SkillCloakingCooldown,➖,SkillCloakingCooldown,✅,,1037918091,2639742910,188,Uncommon,,,,1,1,1,,,0.3,0.05,0.1,,,,
300,LURSA,OA,PRIDE OF ROMULUS,AllDamage,"EnemyPlayer, SelfAttacking",CombatStart,EnemyShip,MultiplySub,,"When attacking other players, Lursa decreases the opponent's Weapon Damage by X.",-X to defending enemy player Weapon Damage,"1.0, 1.0, 1.0, 1.0, 1.0","0.25, 0.3, 0.4, 0.55, 0.7",FALSE,TRUE,✅,,✅,,➖,"EnemyPlayer, SelfAttacking",➖,"EnemyPlayer, SelfAttacking",➖,"EnemyPlayer, SelfAttacking",➖,"EnemyPlayer, SelfAttacking",➖,"EnemyPlayer, SelfAttacking",➖,"EnemyPlayer, SelfAttacking",➖,"EnemyPlayer, SelfAttacking",➖,"EnemyPlayer, SelfAttacking",➖,"EnemyPlayer, SelfAttacking",➖,"EnemyPlayer, SelfAttacking",➖,AllDamage,➖,AllDamage,3409009998,2639742910,188,Uncommon,,,,1,1,1,1,1,0.25,0.3,0.4,0.55,0.7,,
301,ARROCK,CM,FERENGI CONGLOMERATE,MiningRate,,ShipLaunched,SelfShip,MultiplyAdd,resources=[2164745208],Increase mining speed when mining Concentrated Latinum by X.,+X mining speed for Concentrated Latinum.,"1.0, 1.0, 1.0","65.0, 12.0, 30.0",FALSE,TRUE,➖,MiningRate,➖,MiningRate,➖,MiningRate,➖,MiningRate,➖,MiningRate,➖,MiningRate,➖,MiningRate,➖,MiningRate,➖,MiningRate,➖,MiningRate,➖,MiningRate,➖,MiningRate,➖,MiningRate,✅,,1319690809,1835829612,192,Rare,,,,1,1,1,,,65,12,30,,,,
302,ARROCK,OA,FERENGI CONGLOMERATE,MiningRate,,ShipLaunched,SelfShip,MultiplyAdd,"resources=[2325683920, 743985951, 2614028847, 1908242242, 96209859, 1371898528, 84292608, 1779416627, 680796905, 802509572, 2964093937, 3735331456, 2905009151, 1349464922, 3598797204, 1600760006, 2166628666, 1957060718, 1692987719, 2424553373, 2991010408, 2705205969, 563579678, 2164745208, 4275314946, 1734940706, 733419347, 3842158911, 2002611017, 3739531165, 999782265, 580616659, 3043859351, 3662113780, 2392079650, 3111281042, 2160856496, 3821364733, 1768524995, 1495067766, 2431214132, 3342042571, 819663825, 1586478890, 296474010, 2285412015, 2440004407, 1574840331, 298768773, 141958867]",Increase mining speed by X.,+X Mining Speed.,"1.0, 1.0, 1.0, 1.0, 1.0","0.25, 0.3, 0.4, 0.45, 0.5",FALSE,TRUE,➖,MiningRate,➖,MiningRate,➖,MiningRate,➖,MiningRate,➖,MiningRate,➖,MiningRate,➖,MiningRate,➖,MiningRate,➖,MiningRate,➖,MiningRate,➖,MiningRate,➖,MiningRate,➖,MiningRate,✅,,104723506,1835829612,192,Rare,,,,1,1,1,1,1,0.25,0.3,0.4,0.45,0.5,,
303,FESS,CM,FERENGI CONGLOMERATE,MiningRate,,ShipLaunched,SelfShip,MultiplyAdd,"resources=[2325683920, 743985951, 2614028847, 1908242242, 96209859, 1371898528, 84292608, 1779416627, 680796905, 802509572, 2964093937, 3735331456, 2905009151, 1349464922, 3598797204, 1600760006, 2166628666, 1957060718, 1692987719, 2424553373, 2991010408, 2705205969, 563579678, 2164745208, 4275314946, 1734940706, 733419347, 3842158911, 2002611017, 3739531165, 999782265, 580616659, 3043859351, 3662113780, 2392079650, 3111281042, 2160856496, 3821364733, 1768524995, 1495067766, 2431214132, 3342042571, 819663825, 1586478890, 296474010, 2285412015, 2440004407, 1574840331, 298768773, 141958867]",Increase base mining speed by X.,+X Mining Speed.,"1.0, 1.0, 1.0","0.55, 0.2, 0.35",FALSE,TRUE,➖,MiningRate,➖,MiningRate,➖,MiningRate,➖,MiningRate,➖,MiningRate,➖,MiningRate,➖,MiningRate,➖,MiningRate,➖,MiningRate,➖,MiningRate,➖,MiningRate,➖,MiningRate,➖,MiningRate,✅,,4265842515,3191841428,193,Rare,,,,1,1,1,,,0.55,0.2,0.35,,,,
304,FESS,OA,FERENGI CONGLOMERATE,CargoProtection,,ShipLaunched,SelfShip,MultiplySub,,Reduce protected cargo by X.,Reduce protected cargo by X.,"1.0, 1.0, 1.0, 1.0, 1.0","0.3, 0.25, 0.2, 0.15, 0.1",FALSE,TRUE,➖,CargoProtection,➖,CargoProtection,➖,CargoProtection,➖,CargoProtection,➖,CargoProtection,➖,CargoProtection,➖,CargoProtection,➖,CargoProtection,➖,CargoProtection,➖,CargoProtection,➖,CargoProtection,➖,CargoProtection,➖,CargoProtection,✅,,2110567361,3191841428,193,Rare,,,,1,1,1,1,1,0.3,0.25,0.2,0.15,0.1,,
305,QUARK,CM,FERENGI CONGLOMERATE,CargoProtection,,ShipLaunched,SelfShip,MultiplyAdd,,Increase protected cargo by X.,Increase protected cargo by +X.,"1.0, 1.0, 1.0","0.9, 0.08, 0.15",FALSE,TRUE,➖,CargoProtection,➖,CargoProtection,➖,CargoProtection,➖,CargoProtection,➖,CargoProtection,➖,CargoProtection,➖,CargoProtection,➖,CargoProtection,➖,CargoProtection,➖,CargoProtection,➖,CargoProtection,➖,CargoProtection,➖,CargoProtection,✅,,3140201508,2334517642,191,Epic,,,,1,1,1,,,0.9,0.08,0.15,,,,
306,QUARK,OA,FERENGI CONGLOMERATE,MiningRate,,ShipLaunched,SelfShip,MultiplyAdd,"resources=[2325683920, 743985951, 2614028847, 1908242242, 96209859, 1371898528, 84292608, 1779416627, 680796905, 802509572, 2964093937, 3735331456, 2905009151, 1349464922, 3598797204, 1600760006, 2166628666, 1957060718, 1692987719, 2424553373, 2991010408, 2705205969, 563579678, 2164745208, 4275314946, 1734940706, 733419347, 3842158911, 2002611017, 3739531165, 999782265, 580616659, 3043859351, 3662113780, 2392079650, 3111281042, 2160856496, 3821364733, 1768524995, 1495067766, 2431214132, 3342042571, 819663825, 1586478890, 296474010, 2285412015, 2440004407, 1574840331, 298768773, 141958867]",Increase mining speed by X.,+X Mining Speed.,"1.0, 1.0, 1.0, 1.0, 1.0","0.8, 1.0, 1.2, 1.4, 1.6",FALSE,TRUE,➖,MiningRate,➖,MiningRate,➖,MiningRate,➖,MiningRate,➖,MiningRate,➖,MiningRate,➖,MiningRate,➖,MiningRate,➖,MiningRate,➖,MiningRate,➖,MiningRate,➖,MiningRate,➖,MiningRate,✅,,2656564852,2334517642,191,Epic,,,,1,1,1,1,1,0.8,1,1.2,1.4,1.6,,
307,ROM,CM,FERENGI CONGLOMERATE,AllLoadSpeed,"EnemySentinel, TargetNotASB, SelfAttacking",CombatStart,EnemyAllShips,Add,,"When attacking a station, Rom delays opponent ship and defense platform Weapon Fire for X round. -- This ability does not gain synergy group benefits.",Delay opponent's fire by X round when attacking a station.,"1.0, 1.0, 1.0","1.0, 0.0, 0.0",FALSE,TRUE,➖,EnemySentinel,✅,,➖,"SelfAttacking, EnemySentinel",➖,"SelfAttacking, EnemySentinel",➖,"SelfAttacking, EnemySentinel",➖,"SelfAttacking, EnemySentinel",➖,"SelfAttacking, EnemySentinel",➖,"SelfAttacking, EnemySentinel",➖,TargetNotASB,➖,"SelfAttacking, EnemySentinel",➖,"SelfAttacking, EnemySentinel",➖,"SelfAttacking, EnemySentinel",➖,AllLoadSpeed,➖,AllLoadSpeed,3546112970,1248750548,194,Epic,,,,1,1,1,,,1,0,0,,,,
308,ROM,OA,FERENGI CONGLOMERATE,ShotsPerAttack,"EnemySentinel, TargetNotASB, SelfAttacking",CombatStart,SelfShip,MultiplyAdd,,"When attacking a station, Rom increases the number of shots of the ship's weapons by X.",+X shots when attacking a station.,"1.0, 1.0, 1.0, 1.0, 1.0","0.5, 0.7, 0.9, 1.2, 1.5",FALSE,TRUE,➖,EnemySentinel,✅,,➖,"SelfAttacking, EnemySentinel",➖,"SelfAttacking, EnemySentinel",➖,"SelfAttacking, EnemySentinel",➖,"SelfAttacking, EnemySentinel",➖,"SelfAttacking, EnemySentinel",➖,"SelfAttacking, EnemySentinel",➖,TargetNotASB,➖,"SelfAttacking, EnemySentinel",➖,"SelfAttacking, EnemySentinel",➖,"SelfAttacking, EnemySentinel",➖,ShotsPerAttack,➖,ShotsPerAttack,479594847,1248750548,194,Epic,,,,1,1,1,1,1,0.5,0.7,0.9,1.2,1.5,,
309,CATH,CM,FERENGI CONGLOMERATE,RepairCostsPost,,ShipLaunched,SelfShip,MultiplyAdd,,Cath increases the Repair Cost Efficiency of the ship by X. -- This ability is applied after all other bonuses from research and/or your station and stacked on top.,+X to Repair Cost Efficiency,"1.0, 1.0, 1.0","0.4, 0.05, 0.1",FALSE,TRUE,➖,RepairCostsPost,➖,RepairCostsPost,➖,RepairCostsPost,➖,RepairCostsPost,➖,RepairCostsPost,➖,RepairCostsPost,➖,RepairCostsPost,➖,RepairCostsPost,➖,RepairCostsPost,➖,RepairCostsPost,➖,RepairCostsPost,➖,RepairCostsPost,➖,RepairCostsPost,✅,,1100318825,4019230068,195,Rare,,,,1,1,1,,,0.4,0.05,0.1,,,,
310,CATH,OA,FERENGI CONGLOMERATE,AllDamage,"ModuleKinetic, TargetMaxLevel, EnemyHostile, TargetNotArmada",CombatStart,EnemyShip,MultiplySub,max_level=51,"If the opponent is a Hostile, Cath decreases the Damage done by its Kinetic Weapons by X. Works against Hostiles of level 51 and under.",-X to Kinetic Damage dealt by enemy Hostiles,"1.0, 1.0, 1.0, 1.0, 1.0","0.12, 0.15, 0.18, 0.21, 0.25",FALSE,TRUE,➖,"ModuleKinetic, EnemyHostile",➖,"ModuleKinetic, EnemyHostile",✴️,"TargetMaxLevel, ModuleKinetic",✴️,"TargetMaxLevel, ModuleKinetic",➖,"ModuleKinetic, EnemyHostile",✴️,"TargetMaxLevel, ModuleKinetic",➖,TargetNotArmada,➖,TargetNotArmada,➖,"ModuleKinetic, EnemyHostile",➖,TargetNotArmada,➖,"ModuleKinetic, EnemyHostile",➖,"ModuleKinetic, EnemyHostile",➖,AllDamage,➖,AllDamage,1250096698,4019230068,195,Rare,,,"TargetMaxLevel, ModuleKinetic",1,1,1,1,1,0.12,0.15,0.18,0.21,0.25,,
311,BECKETT MARINER,OA,LOWER DECKS CREW,OfficerStatAttack,,ShipLaunched,SelfAll,MultiplyAdd,,Beckett Mariner increases the Attack of all Officers on the ship by X.,+X to all Officer Attack.,"1.0, 1.0, 1.0, 1.0, 1.0","0.05, 0.1, 0.15, 0.25, 0.3",FALSE,TRUE,✅,,✅,,✅,,✅,,✅,,✅,,✅,,✅,,✅,,✅,,✅,,✅,,➖,OfficerStatAttack,➖,OfficerStatAttack,2587348908,725106789,196,Epic,,,,1,1,1,1,1,0.05,0.1,0.15,0.25,0.3,,
312,BECKETT MARINER,BDA,LOWER DECKS CREW,AllDamage,,ShipLaunched,SelfShip,MultiplyAdd,,Beckett Mariner increases the ship's Weapon Damage by X.,+X to Weapon Damage.,"1.0, 1.0, 1.0, 1.0, 1.0","0.7, 0.95, 1.15, 1.4, 1.8",FALSE,TRUE,✅,,✅,,✅,,✅,,✅,,✅,,✅,,✅,,✅,,✅,,✅,,✅,,➖,AllDamage,➖,AllDamage,409777518,725106789,196,Epic,,,,1,1,1,1,1,0.7,0.95,1.15,1.4,1.8,,
313,BRAD BOIMLER,OA,LOWER DECKS CREW,AllPiercing,,ShipLaunched,SelfShip,MultiplyAdd,,"Brad Boimler increases Armor Piercing, Shield Piercing, and Accuracy by X.",+X to all Penetration stats.,"1.0, 1.0, 1.0, 1.0, 1.0","0.3, 0.35, 0.4, 0.45, 0.5",FALSE,TRUE,✅,,✅,,✅,,✅,,✅,,✅,,✅,,✅,,✅,,✅,,✅,,✅,,➖,AllPiercing,➖,AllPiercing,3954073301,2486433247,197,Rare,,,,1,1,1,1,1,0.3,0.35,0.4,0.45,0.5,,
314,BRAD BOIMLER,BDA,LOWER DECKS CREW,AllDefenses,,ShipLaunched,SelfShip,MultiplyAdd,,"Brad Boimler increases Armor, Shield Deflection, and Dodge by X.",+X to all Mitigation stats.,"1.0, 1.0, 1.0, 1.0, 1.0","0.5, 0.675, 0.85, 1.075, 1.3",FALSE,TRUE,✅,,✅,,✅,,✅,,✅,,✅,,✅,,✅,,✅,,✅,,✅,,✅,,➖,AllDefenses,➖,AllDefenses,419878869,2486433247,197,Rare,,,,1,1,1,1,1,0.5,0.675,0.85,1.075,1.3,,
315,BADGEY,OA,LOWER DECKS CREW,AllDefenses,"TargetNotArmada, TargetNotASB",CombatStart,EnemyShip,MultiplySub,,"Badgey decreases the Armor, Shield Deflection, and Dodge of enemy ships by X.",-X to all Mitigation stats of enemy ships.,"1.0, 1.0, 1.0, 1.0, 1.0","0.05, 0.12, 0.15, 0.18, 0.2",FALSE,TRUE,✅,,✅,,✅,,✅,,✅,,✅,,➖,TargetNotArmada,➖,TargetNotArmada,➖,TargetNotASB,➖,TargetNotArmada,✅,,✅,,➖,AllDefenses,➖,AllDefenses,1821429098,1437818828,198,Uncommon,,,,1,1,1,1,1,0.05,0.12,0.15,0.18,0.2,,
316,BADGEY,BDA,LOWER DECKS CREW,AllPiercing,,ShipLaunched,SelfShip,MultiplyAdd,,"Badgey increases Armor Penetration, Shield Penetration, and Accuracy by X.",+X to all Penetration stats.,"1.0, 1.0, 1.0, 1.0, 1.0","0.15, 0.225, 0.3, 0.45, 0.65",FALSE,TRUE,✅,,✅,,✅,,✅,,✅,,✅,,✅,,✅,,✅,,✅,,✅,,✅,,➖,AllPiercing,➖,AllPiercing,2353995811,1437818828,198,Uncommon,,,,1,1,1,1,1,0.15,0.225,0.3,0.45,0.65,,
317,D'VANA TENDI,OA,LOWER DECKS CREW,OfficerStatHealth,,ShipLaunched,SelfAll,MultiplyAdd,,D'Vana Tendi increases the Health of all Officers on the ship by X.,+X to all Officer Health.,"1.0, 1.0, 1.0, 1.0, 1.0","0.05, 0.1, 0.15, 0.25, 0.3",FALSE,TRUE,✅,,✅,,✅,,✅,,✅,,✅,,✅,,✅,,✅,,✅,,✅,,✅,,➖,OfficerStatHealth,➖,OfficerStatHealth,698615866,3865023367,200,Epic,,,,1,1,1,1,1,0.05,0.1,0.15,0.25,0.3,,
318,D'VANA TENDI,BDA,LOWER DECKS CREW,HullHPMax,,ShipLaunched,SelfShip,MultiplyAdd,,D'Vana Tendi increases the ship's Hull Health by X.,+X to HHP.,"1.0, 1.0, 1.0, 1.0, 1.0","0.75, 1.0, 1.35, 1.7, 2.15",FALSE,TRUE,✅,,✅,,✅,,✅,,✅,,✅,,✅,,✅,,✅,,✅,,✅,,✅,,➖,HullHPMax,➖,HullHPMax,2296451322,3865023367,200,Epic,,,,1,1,1,1,1,0.75,1,1.35,1.7,2.15,,
319,SAM RUTHERFORD,OA,LOWER DECKS CREW,AllDefenses,,ShipLaunched,SelfShip,MultiplyAdd,,"Sam Rutherford increases Armor, Shield Deflection, and Dodge by X.",+X to all Mitigation stats.,"1.0, 1.0, 1.0, 1.0, 1.0","0.3, 0.35, 0.4, 0.45, 0.5",FALSE,TRUE,✅,,✅,,✅,,✅,,✅,,✅,,✅,,✅,,✅,,✅,,✅,,✅,,➖,AllDefenses,➖,AllDefenses,2260942311,47699744,199,Rare,,,,1,1,1,1,1,0.3,0.35,0.4,0.45,0.5,,
320,SAM RUTHERFORD,BDA,LOWER DECKS CREW,ShieldHPMax,,ShipLaunched,SelfShip,MultiplyAdd,,Sam Rutherford increases the ship's Shield Health by X.,+X to SHP.,"1.0, 1.0, 1.0, 1.0, 1.0","0.5, 0.7, 0.9, 1.1, 1.35",FALSE,TRUE,✅,,✅,,✅,,✅,,✅,,✅,,✅,,✅,,✅,,✅,,✅,,✅,,➖,ShieldHPMax,➖,ShieldHPMax,1495104260,47699744,199,Rare,,,,1,1,1,1,1,0.5,0.7,0.9,1.1,1.35,,
321,SNW PIKE,CM,STRANGE NEW WORLDS,ShieldMitigation,"EnemyHostile, TargetNotArmada",CombatStart,SelfShip,Add,,"When fighting hostiles, SNW Pike increases Shield Mitigation by X.",Increase Shield Mitigation by X.,"1.0, 1.0, 1.0","0.04, 0.02, 0.05",FALSE,TRUE,➖,EnemyHostile,➖,EnemyHostile,✅,,✅,,➖,EnemyHostile,✅,,➖,TargetNotArmada,➖,TargetNotArmada,➖,EnemyHostile,➖,TargetNotArmada,➖,EnemyHostile,➖,EnemyHostile,➖,ShieldMitigation,➖,ShieldMitigation,3308805436,2241990218,201,Epic,,,,1,1,1,,,0.04,0.02,0.05,,,,
322,SNW PIKE,OA,STRANGE NEW WORLDS,ShieldMitigation,"EnemyHostile, TargetNotArmada",CombatStart,EnemyShip,Sub,,"When fighting hostiles, SNW Pike decreases hostile Shield Mitigation by X.",Decrease hostile Shield Mitigation by X.,"1.0, 1.0, 1.0, 1.0, 1.0","0.1, 0.15, 0.2, 0.25, 0.35",FALSE,TRUE,➖,EnemyHostile,➖,EnemyHostile,✅,,✅,,➖,EnemyHostile,✅,,➖,TargetNotArmada,➖,TargetNotArmada,➖,EnemyHostile,➖,TargetNotArmada,➖,EnemyHostile,➖,EnemyHostile,➖,ShieldMitigation,➖,ShieldMitigation,1761806598,2241990218,201,Epic,,,,1,1,1,1,1,0.1,0.15,0.2,0.25,0.35,,
323,SNW SPOCK,CM,STRANGE NEW WORLDS,CritChance,"EnemyHostile, TargetNotArmada",CombatStart,EnemyShip,Sub,,"When fighting hostiles, SNW Spock decreases hostile critical hit chance by X.",Decrease critical hit chance of hostiles by X.,"1.0, 1.0, 1.0","0.15, 0.05, 0.1",FALSE,TRUE,➖,EnemyHostile,➖,EnemyHostile,✅,,✅,,➖,EnemyHostile,✅,,➖,TargetNotArmada,➖,TargetNotArmada,➖,EnemyHostile,➖,TargetNotArmada,➖,EnemyHostile,➖,EnemyHostile,➖,CritChance,➖,CritChance,2246477690,2702893021,202,Rare,,,,1,1,1,,,0.15,0.05,0.1,,,,
324,SNW SPOCK,OA,STRANGE NEW WORLDS,AllDefenses,"SelfExplorer, EnemyHostile, TargetNotArmada, EnemyInterceptor",CombatStart,SelfShip,MultiplyBaseAdd,officer_stat=2,"SNW Spock increases Armor, Shield Deflection, and Dodge by X of total Defense when attacking hostile Interceptors from an Explorer.","Increase Armor, Shield Deflection, and Dodge by X of total Defense.","1.0, 1.0, 1.0, 1.0, 1.0","5.0, 8.0, 11.0, 14.0, 18.0",FALSE,TRUE,➖,"SelfExplorer, EnemyHostile, EnemyInterceptor",➖,"SelfExplorer, EnemyHostile, EnemyInterceptor",✴️,"SelfExplorer, EnemyInterceptor",✴️,"SelfExplorer, EnemyInterceptor",➖,"SelfExplorer, EnemyHostile, EnemyInterceptor",✴️,"SelfExplorer, EnemyInterceptor",➖,TargetNotArmada,➖,TargetNotArmada,➖,"SelfExplorer, EnemyHostile, EnemyInterceptor",➖,TargetNotArmada,➖,"SelfExplorer, EnemyHostile, EnemyInterceptor",➖,"SelfExplorer, EnemyHostile, EnemyInterceptor",➖,AllDefenses,➖,AllDefenses,1101292289,2702893021,202,Rare,,,"SelfExplorer, EnemyInterceptor",1,1,1,1,1,5,8,11,14,18,,
325,SNW LA'AN,OA,STRANGE NEW WORLDS,WarpSpeed,,ShipLaunched,SelfShip,MultiplyAdd,,SNW La'an increases base Warp Speed by X.,Increase base Warp Speed by X.,"1.0, 1.0, 1.0, 1.0, 1.0","0.5, 0.7, 0.95, 1.25, 1.5",FALSE,TRUE,➖,WarpSpeed,➖,WarpSpeed,➖,WarpSpeed,➖,WarpSpeed,➖,WarpSpeed,➖,WarpSpeed,➖,WarpSpeed,➖,WarpSpeed,➖,WarpSpeed,➖,WarpSpeed,➖,WarpSpeed,➖,WarpSpeed,➖,WarpSpeed,✅,,2282961192,2543722471,203,Rare,,,,1,1,1,1,1,0.5,0.7,0.95,1.25,1.5,,
326,SNW LA'AN,BDA,STRANGE NEW WORLDS,CargoCapacity,,ShipLaunched,SelfShip,MultiplyAdd,,SNW La'an increases the ship's base Max Cargo by X.,Increase base Max Cargo by X.,"1.0, 1.0, 1.0, 1.0, 1.0","0.25, 0.3, 0.35, 0.4, 0.5",FALSE,TRUE,➖,CargoCapacity,➖,CargoCapacity,➖,CargoCapacity,➖,CargoCapacity,➖,CargoCapacity,➖,CargoCapacity,➖,CargoCapacity,➖,CargoCapacity,➖,CargoCapacity,➖,CargoCapacity,➖,CargoCapacity,➖,CargoCapacity,➖,CargoCapacity,✅,,786504700,2543722471,203,Rare,,,,1,1,1,1,1,0.25,0.3,0.35,0.4,0.5,,
327,REGINALD BARCLAY,OA,HOLODECK,OfficerStatDefense,,ShipLaunched,SelfAll,MultiplyAdd,,Reginald Barclay increases the base Defense of all Officers by X.,+X to all Officer's base Defense.,"1.0, 1.0, 1.0, 1.0, 1.0","0.05, 0.1, 0.15, 0.25, 0.3",FALSE,TRUE,✅,,✅,,✅,,✅,,✅,,✅,,✅,,✅,,✅,,✅,,✅,,✅,,➖,OfficerStatDefense,➖,OfficerStatDefense,3136273375,3523093667,205,Epic,,,,1,1,1,1,1,0.05,0.1,0.15,0.25,0.3,,
328,REGINALD BARCLAY,BDA,HOLODECK,CargoProtection,,ShipLaunched,SelfShip,MultiplyAdd,,Reginald Barclay increases the ship's base Protected Cargo by X.,Increase base Protected Cargo by X.,"1.0, 1.0, 1.0, 1.0, 1.0","0.3, 0.45, 0.6, 0.8, 1.0",FALSE,TRUE,➖,CargoProtection,➖,CargoProtection,➖,CargoProtection,➖,CargoProtection,➖,CargoProtection,➖,CargoProtection,➖,CargoProtection,➖,CargoProtection,➖,CargoProtection,➖,CargoProtection,➖,CargoProtection,➖,CargoProtection,➖,CargoProtection,✅,,337243133,3523093667,205,Epic,,,,1,1,1,1,1,0.3,0.45,0.6,0.8,1,,
329,SNW UNA,CM,STRANGE NEW WORLDS,AllDamage,"EnemyHostile, TargetNotArmada",CombatStart,SelfShip,MultiplyAdd,,"When fighting hostiles, SNW Una increases base Weapon Damage by X.",Increase base Weapon Damage by X.,"1.0, 1.0, 1.0","1.0, 0.75, 1.0",FALSE,TRUE,➖,EnemyHostile,➖,EnemyHostile,✅,,✅,,➖,EnemyHostile,✅,,➖,TargetNotArmada,➖,TargetNotArmada,➖,EnemyHostile,➖,TargetNotArmada,➖,EnemyHostile,➖,EnemyHostile,➖,AllDamage,➖,AllDamage,208396594,1724793140,204,Epic,,,,1,1,1,,,1,0.75,1,,,,
330,SNW UNA,OA,STRANGE NEW WORLDS,ImpulseSpeed,,ShipLaunched,SelfShip,Add,,SNW Una increases Impulse Speed by X.,Increase Impulse Speed by X.,"1.0, 1.0, 1.0, 1.0, 1.0","15.0, 20.0, 30.0, 40.0, 50.0",FALSE,FALSE,➖,ImpulseSpeed,➖,ImpulseSpeed,➖,ImpulseSpeed,➖,ImpulseSpeed,➖,ImpulseSpeed,➖,ImpulseSpeed,➖,ImpulseSpeed,➖,ImpulseSpeed,➖,ImpulseSpeed,➖,ImpulseSpeed,➖,ImpulseSpeed,➖,ImpulseSpeed,➖,ImpulseSpeed,✅,,3288424435,1724793140,204,Epic,,,,1,1,1,1,1,15,20,30,40,50,,
331,SNW UHURA,CM,STRANGE NEW WORLDS,CritDamage,"EnemyHostile, TargetNotArmada",CombatStart,SelfShip,Add,,"When fighting hostiles, SNW Uhura increases critical hit damage against hostiles by X.",Increase critical hit damage against hostiles by X.,"1.0, 1.0, 1.0","0.15, 0.05, 0.1",FALSE,TRUE,➖,EnemyHostile,➖,EnemyHostile,✅,,✅,,➖,EnemyHostile,✅,,➖,TargetNotArmada,➖,TargetNotArmada,➖,EnemyHostile,➖,TargetNotArmada,➖,EnemyHostile,➖,EnemyHostile,➖,CritDamage,➖,CritDamage,2975835149,97787926,206,Rare,,,,1,1,1,,,0.15,0.05,0.1,,,,
332,SNW UHURA,OA,STRANGE NEW WORLDS,AllDefenses,"SelfInterceptor, EnemyHostile, TargetNotArmada, EnemyBattleship",CombatStart,SelfShip,MultiplyBaseAdd,officer_stat=1,"SNW Uhura increases Armor, Shield Deflection, and Dodge by X of total Attack when attacking hostile Battleships from an Interceptor.","Increase Armor, Shield Deflection, and Dodge by X of total Attack.","1.0, 1.0, 1.0, 1.0, 1.0","5.0, 8.0, 11.0, 14.0, 18.0",FALSE,TRUE,➖,"SelfInterceptor, EnemyHostile, EnemyBattleship",➖,"SelfInterceptor, EnemyHostile, EnemyBattleship",✴️,"SelfInterceptor, EnemyBattleship",✴️,"SelfInterceptor, EnemyBattleship",➖,"SelfInterceptor, EnemyHostile, EnemyBattleship",✴️,"SelfInterceptor, EnemyBattleship",➖,TargetNotArmada,➖,TargetNotArmada,➖,"SelfInterceptor, EnemyHostile, EnemyBattleship",➖,TargetNotArmada,➖,"SelfInterceptor, EnemyHostile, EnemyBattleship",➖,"SelfInterceptor, EnemyHostile, EnemyBattleship",➖,AllDefenses,➖,AllDefenses,3878448065,97787926,206,Rare,,,"SelfInterceptor, EnemyBattleship",1,1,1,1,1,5,8,11,14,18,,
333,SNW ORTEGAS,CM,STRANGE NEW WORLDS,CritChance,"EnemyHostile, TargetNotArmada",CombatStart,SelfShip,Add,,"When fighting hostiles, SNW Ortegas increases critical hit chance against hostiles by X.",Increase critical hit chance against hostiles by X.,"1.0, 1.0, 1.0","0.15, 0.05, 0.1",FALSE,TRUE,➖,EnemyHostile,➖,EnemyHostile,✅,,✅,,➖,EnemyHostile,✅,,➖,TargetNotArmada,➖,TargetNotArmada,➖,EnemyHostile,➖,TargetNotArmada,➖,EnemyHostile,➖,EnemyHostile,➖,CritChance,➖,CritChance,2272956905,1689277174,207,Rare,,,,1,1,1,,,0.15,0.05,0.1,,,,
334,SNW ORTEGAS,OA,STRANGE NEW WORLDS,AllDefenses,"SelfBattleship, EnemyHostile, EnemyExplorer, TargetNotArmada",CombatStart,SelfShip,MultiplyBaseAdd,officer_stat=3,"SNW Ortegas increases Armor, Shield Deflection, and Dodge by X of total Health when attacking hostile Explorers from a Battleship.","Increase Armor, Shield Deflection, and Dodge by X of total Health.","1.0, 1.0, 1.0, 1.0, 1.0","5.0, 8.0, 11.0, 14.0, 18.0",FALSE,TRUE,➖,"SelfBattleship, EnemyHostile, EnemyExplorer",➖,"SelfBattleship, EnemyHostile, EnemyExplorer",✴️,"SelfBattleship, EnemyExplorer",✴️,"SelfBattleship, EnemyExplorer",➖,"SelfBattleship, EnemyHostile, EnemyExplorer",✴️,"SelfBattleship, EnemyExplorer",➖,TargetNotArmada,➖,TargetNotArmada,➖,"SelfBattleship, EnemyHostile, EnemyExplorer",➖,TargetNotArmada,➖,"SelfBattleship, EnemyHostile, EnemyExplorer",➖,"SelfBattleship, EnemyHostile, EnemyExplorer",➖,AllDefenses,➖,AllDefenses,2416006584,1689277174,207,Rare,,,"SelfBattleship, EnemyExplorer",1,1,1,1,1,5,8,11,14,18,,
335,SNW HEMMER,OA,STRANGE NEW WORLDS,AllDefenses,"EnemyHostile, TargetNotArmada, EnemySurvey",CombatStart,SelfShip,MultiplyBaseAdd,officer_stat=3,"SNW Hemmer increases Armor, Shield Deflection, and Dodge by X of total Health when in combat with hostile Survey ships.","Increase Armor, Shield Deflection, and Dodge by X of total Health.","1.0, 1.0, 1.0, 1.0, 1.0","8.0, 10.0, 14.0, 19.0, 25.0",FALSE,TRUE,➖,"EnemyHostile, EnemySurvey",➖,"EnemyHostile, EnemySurvey",✴️,EnemySurvey,✴️,EnemySurvey,➖,"EnemyHostile, EnemySurvey",✴️,EnemySurvey,➖,TargetNotArmada,➖,TargetNotArmada,➖,"EnemyHostile, EnemySurvey",➖,TargetNotArmada,➖,"EnemyHostile, EnemySurvey",➖,"EnemyHostile, EnemySurvey",➖,AllDefenses,➖,AllDefenses,3879504116,3742595916,208,Epic,,,EnemySurvey,1,1,1,1,1,8,10,14,19,25,,
336,SNW HEMMER,BDA,STRANGE NEW WORLDS,OfficerStatHealth,,ShipLaunched,SelfAll,MultiplyAdd,,SNW Hemmer increases the Health of all Officers on the ship by X of their base value.,Increase Health of all Officers on the ship by X of their base value.,"1.0, 1.0, 1.0, 1.0, 1.0","0.7, 0.8, 1.0, 1.2, 1.5",FALSE,TRUE,✅,,✅,,✅,,✅,,✅,,✅,,✅,,✅,,✅,,✅,,✅,,✅,,➖,OfficerStatHealth,➖,OfficerStatHealth,3078181122,3742595916,208,Epic,,,,1,1,1,1,1,0.7,0.8,1,1.2,1.5,,
337,STRIKE TEAM LA'AN,CM,BATTLESHIP STRIKE TEAM,ShotsPerAttack,"SelfBattleship, EnemyPlayer, TargetHasBurning",RoundStart,SelfShip,MultiplyAdd,,"While on a Battleship fighting a Burning player ship, at the start of each round Strike Team SNW La'an increases the number of shots per Weapon by X.",+X to Weapon Shots on round start if on a Battleship fighting Burning player ships.,"1.0, 1.0, 1.0","0.1, 0.25, 0.65",FALSE,TRUE,✴️,"SelfBattleship, TargetHasBurning",✴️,"SelfBattleship, TargetHasBurning",➖,"SelfBattleship, EnemyPlayer, TargetHasBurning",➖,"SelfBattleship, EnemyPlayer, TargetHasBurning",➖,"SelfBattleship, EnemyPlayer, TargetHasBurning",➖,"SelfBattleship, EnemyPlayer, TargetHasBurning",➖,"SelfBattleship, EnemyPlayer, TargetHasBurning",➖,"SelfBattleship, EnemyPlayer, TargetHasBurning",➖,"SelfBattleship, EnemyPlayer, TargetHasBurning",➖,"SelfBattleship, EnemyPlayer, TargetHasBurning",➖,"SelfBattleship, EnemyPlayer, TargetHasBurning",➖,"SelfBattleship, EnemyPlayer, TargetHasBurning",➖,ShotsPerAttack,➖,ShotsPerAttack,3065338757,3479942533,209,Epic,,Burning,"SelfBattleship, TargetHasBurning",1,1,1,,,0.1,0.25,0.65,,,,
338,STRIKE TEAM LA'AN,OA,BATTLESHIP STRIKE TEAM,AddState,"SelfBattleship, EnemyPlayer",EnemyTakesHit,EnemyShip,MultiplyAdd,"num_rounds=3, state=2","While on a Battleship fighting a player ship, each time your ship hits with a weapon, Strike Team SNW La'an has a X chance of Burning it for 3 rounds.",X chance of Burning player ships for 3 rounds per hit if on a Battleship.,"0.6, 0.65, 0.72, 0.8, 0.9","1.0, 1.0, 1.0, 1.0, 1.0",TRUE,TRUE,✴️,SelfBattleship,✴️,SelfBattleship,➖,"SelfBattleship, EnemyPlayer",➖,"SelfBattleship, EnemyPlayer",➖,"SelfBattleship, EnemyPlayer",➖,"SelfBattleship, EnemyPlayer",➖,"SelfBattleship, EnemyPlayer",➖,"SelfBattleship, EnemyPlayer",➖,"SelfBattleship, EnemyPlayer",➖,"SelfBattleship, EnemyPlayer",➖,"SelfBattleship, EnemyPlayer",➖,"SelfBattleship, EnemyPlayer",➖,AddState,➖,AddState,3785159004,3479942533,209,Epic,,,SelfBattleship,0.6,0.65,0.72,0.8,0.9,1,1,1,1,1,,
339,STRIKE TEAM UNA,CM,BATTLESHIP STRIKE TEAM,OfficerStatAll,"EnemyExplorer, EnemyPlayer",RoundStart,SelfAll,MultiplyAdd,,"While in combat against a player Explorer, Strike Team SNW Una increases all Officer stats by X each round.",+X to Officer stats each round against player Explorers.,"1.0, 1.0, 1.0","1.3, 0.05, 0.1",FALSE,TRUE,✴️,EnemyExplorer,✴️,EnemyExplorer,➖,"EnemyExplorer, EnemyPlayer",➖,"EnemyExplorer, EnemyPlayer",➖,"EnemyExplorer, EnemyPlayer",➖,"EnemyExplorer, EnemyPlayer",➖,"EnemyExplorer, EnemyPlayer",➖,"EnemyExplorer, EnemyPlayer",➖,"EnemyExplorer, EnemyPlayer",➖,"EnemyExplorer, EnemyPlayer",➖,"EnemyExplorer, EnemyPlayer",➖,"EnemyExplorer, EnemyPlayer",➖,OfficerStatAll,➖,OfficerStatAll,185131547,3512227954,210,Rare,,,EnemyExplorer,1,1,1,,,1.3,0.05,0.1,,,,
340,STRIKE TEAM UNA,OA,BATTLESHIP STRIKE TEAM,ShieldMitigation,"SelfBattleship, EnemyPlayer",RoundStart,EnemyShip,MultiplySub,,"While on a Battleship fighting a player ship, Strike Team SNW Una decreases their Shield Mitigation by X each round.",-X enemy Shield Mitigation per round against players when in a Battleship.,"1.0, 1.0, 1.0, 1.0, 1.0","0.25, 0.27, 0.3, 0.34, 0.4",FALSE,TRUE,✴️,SelfBattleship,✴️,SelfBattleship,➖,"SelfBattleship, EnemyPlayer",➖,"SelfBattleship, EnemyPlayer",➖,"SelfBattleship, EnemyPlayer",➖,"SelfBattleship, EnemyPlayer",➖,"SelfBattleship, EnemyPlayer",➖,"SelfBattleship, EnemyPlayer",➖,"SelfBattleship, EnemyPlayer",➖,"SelfBattleship, EnemyPlayer",➖,"SelfBattleship, EnemyPlayer",➖,"SelfBattleship, EnemyPlayer",➖,ShieldMitigation,➖,ShieldMitigation,3519202949,3512227954,210,Rare,,,SelfBattleship,1,1,1,1,1,0.25,0.27,0.3,0.34,0.4,,
341,STRIKE TEAM ORTEGAS,CM,BATTLESHIP STRIKE TEAM,AddState,"EnemyPlayer, EnemyExplorer",HitTaken,EnemyShip,MultiplyAdd,"num_rounds=3, state=2","When shot by a player Explorer, Strike Team SNW Ortegas has X chance of Burning them for 3 rounds.",X chance to inflict Burning for 3 rounds on player Explorers when hit by them.,"0.05, 0.1, 0.2","1.0, 1.0, 1.0",TRUE,TRUE,✴️,EnemyExplorer,✴️,EnemyExplorer,➖,"EnemyPlayer, EnemyExplorer",➖,"EnemyPlayer, EnemyExplorer",➖,"EnemyPlayer, EnemyExplorer",➖,"EnemyPlayer, EnemyExplorer",➖,"EnemyPlayer, EnemyExplorer",➖,"EnemyPlayer, EnemyExplorer",➖,"EnemyPlayer, EnemyExplorer",➖,"EnemyPlayer, EnemyExplorer",➖,"EnemyPlayer, EnemyExplorer",➖,"EnemyPlayer, EnemyExplorer",➖,AddState,➖,AddState,4241392103,2354305961,211,Rare,,,EnemyExplorer,0.05,0.1,0.2,,,1,1,1,,,,
342,STRIKE TEAM ORTEGAS,OA,BATTLESHIP STRIKE TEAM,AllReloadSpeed,"SelfBattleship, EnemyPlayer",RoundStart,EnemyShip,Add,num_rounds=1,"While on a Battleship fighting a player ship, Strike Team SNW Ortegas causes weapons shot by them to have a X chance of having their next attack delayed by 1 round.",X chance to delay enemy player weapons by 1 round when in a Battleship.,"0.4, 0.45, 0.52, 0.6, 0.7","1.0, 1.0, 1.0, 1.0, 1.0",TRUE,TRUE,✴️,SelfBattleship,✴️,SelfBattleship,➖,"SelfBattleship, EnemyPlayer",➖,"SelfBattleship, EnemyPlayer",➖,"SelfBattleship, EnemyPlayer",➖,"SelfBattleship, EnemyPlayer",➖,"SelfBattleship, EnemyPlayer",➖,"SelfBattleship, EnemyPlayer",➖,"SelfBattleship, EnemyPlayer",➖,"SelfBattleship, EnemyPlayer",➖,"SelfBattleship, EnemyPlayer",➖,"SelfBattleship, EnemyPlayer",➖,AllReloadSpeed,➖,AllReloadSpeed,1842949267,2354305961,211,Rare,,,SelfBattleship,0.4,0.45,0.52,0.6,0.7,1,1,1,1,1,,
343,MAVERY,CM,Syndicate,CargoCapacity,,ShipLaunched,SelfShip,MultiplyAdd,,Increase Max Cargo by X.,Increase Max Cargo by X,"1.0, 1.0, 1.0","0.4, 0.1, 0.2",FALSE,TRUE,➖,CargoCapacity,➖,CargoCapacity,➖,CargoCapacity,➖,CargoCapacity,➖,CargoCapacity,➖,CargoCapacity,➖,CargoCapacity,➖,CargoCapacity,➖,CargoCapacity,➖,CargoCapacity,➖,CargoCapacity,➖,CargoCapacity,➖,CargoCapacity,✅,,107512332,1628322562,212,Epic,,,,1,1,1,,,0.4,0.1,0.2,,,,
344,MAVERY,OA,Syndicate,MiningRate,,ShipLaunched,SelfShip,MultiplyAdd,"resources=[1371898528, 96209859, 1908242242, 680796905, 1779416627, 84292608, 3735331456, 2964093937, 802509572, 3598797204, 1349464922, 2905009151, 3842158911, 2002611017, 3739531165, 1586478890, 296474010, 2285412015]","Increase Crystal, Gas and Ore Mining speed by X.","Increase Crystal,Gas and Ore Mining speed by X","1.0, 1.0, 1.0, 1.0, 1.0","1.0, 1.25, 1.5, 1.75, 2.0",FALSE,TRUE,➖,MiningRate,➖,MiningRate,➖,MiningRate,➖,MiningRate,➖,MiningRate,➖,MiningRate,➖,MiningRate,➖,MiningRate,➖,MiningRate,➖,MiningRate,➖,MiningRate,➖,MiningRate,➖,MiningRate,✅,,3295255917,1628322562,212,Epic,,,,1,1,1,1,1,1,1.25,1.5,1.75,2,,
345,GUL DUKAT,CM,INTERCEPTOR STRIKE TEAM,AddState,"SelfInterceptor, EnemyPlayer",RoundStart,EnemyShip,MultiplyAdd,"num_rounds=3, state=4","While on an Interceptor fighting a player ship, at the start of a round Gul Dukat has X chance to apply Hull Breach to it for 3 rounds.","Each round, X chance of applying Hull Breach to player ships for 3 rounds if on an Interceptor.","0.2, 0.2, 0.4","1.0, 1.0, 1.0",TRUE,TRUE,✴️,SelfInterceptor,✴️,SelfInterceptor,➖,"SelfInterceptor, EnemyPlayer",➖,"SelfInterceptor, EnemyPlayer",➖,"SelfInterceptor, EnemyPlayer",➖,"SelfInterceptor, EnemyPlayer",➖,"SelfInterceptor, EnemyPlayer",➖,"SelfInterceptor, EnemyPlayer",➖,"SelfInterceptor, EnemyPlayer",➖,"SelfInterceptor, EnemyPlayer",➖,"SelfInterceptor, EnemyPlayer",➖,"SelfInterceptor, EnemyPlayer",➖,AddState,➖,AddState,1381531883,1310878702,220,Epic,,,SelfInterceptor,0.2,0.2,0.4,,,1,1,1,,,,
346,GUL DUKAT,OA,INTERCEPTOR STRIKE TEAM,ShotsPerAttack,"SelfInterceptor, EnemyPlayer, TargetHasHullBreach",HitTaken,SelfShip,MultiplyAdd,num_rounds=5,"When shot while on an Interceptor fighting a player ship with Hull Breach, Gul Dukat increases the number of shots by X once per Weapon for 5 rounds.",+X Shot Count for 5 rounds if hit by a player with Hull Breach as a Interceptor.,"1.0, 1.0, 1.0, 1.0, 1.0","0.25, 0.29, 0.35, 0.42, 0.5",FALSE,TRUE,✴️,"SelfInterceptor, TargetHasHullBreach",✴️,"SelfInterceptor, TargetHasHullBreach",➖,"SelfInterceptor, EnemyPlayer, TargetHasHullBreach",➖,"SelfInterceptor, EnemyPlayer, TargetHasHullBreach",➖,"SelfInterceptor, EnemyPlayer, TargetHasHullBreach",➖,"SelfInterceptor, EnemyPlayer, TargetHasHullBreach",➖,"SelfInterceptor, EnemyPlayer, TargetHasHullBreach",➖,"SelfInterceptor, EnemyPlayer, TargetHasHullBreach",➖,"SelfInterceptor, EnemyPlayer, TargetHasHullBreach",➖,"SelfInterceptor, EnemyPlayer, TargetHasHullBreach",➖,"SelfInterceptor, EnemyPlayer, TargetHasHullBreach",➖,"SelfInterceptor, EnemyPlayer, TargetHasHullBreach",➖,ShotsPerAttack,➖,ShotsPerAttack,2187582501,1310878702,220,Epic,,Hull Breach,"SelfInterceptor, TargetHasHullBreach",1,1,1,1,1,0.25,0.29,0.35,0.42,0.5,,
347,GARAK,CM,INTERCEPTOR STRIKE TEAM,AllDamage,"ModuleKinetic, SelfInterceptor, EnemyPlayer, TargetHasHullBreach",RoundStart,EnemyShip,MultiplySub,,"While on an Interceptor fighting a player ship with Hull Breach, Garak reduces opponent Kinetic Weapon Damage by X each round.","-X to Kinetic Weapon Damage each Round when fighting player ships with Hull Breach, while on an Interceptor.","1.0, 1.0, 1.0","0.05, 0.05, 0.1",FALSE,TRUE,✴️,"ModuleKinetic, SelfInterceptor, TargetHasHullBreach",✴️,"ModuleKinetic, SelfInterceptor, TargetHasHullBreach",➖,"ModuleKinetic, SelfInterceptor, EnemyPlayer, TargetHasHullBreach",➖,"ModuleKinetic, SelfInterceptor, EnemyPlayer, TargetHasHullBreach",➖,"ModuleKinetic, SelfInterceptor, EnemyPlayer, TargetHasHullBreach",➖,"ModuleKinetic, SelfInterceptor, EnemyPlayer, TargetHasHullBreach",➖,"ModuleKinetic, SelfInterceptor, EnemyPlayer, TargetHasHullBreach",➖,"ModuleKinetic, SelfInterceptor, EnemyPlayer, TargetHasHullBreach",➖,"ModuleKinetic, SelfInterceptor, EnemyPlayer, TargetHasHullBreach",➖,"ModuleKinetic, SelfInterceptor, EnemyPlayer, TargetHasHullBreach",➖,"ModuleKinetic, SelfInterceptor, EnemyPlayer, TargetHasHullBreach",➖,"ModuleKinetic, SelfInterceptor, EnemyPlayer, TargetHasHullBreach",➖,AllDamage,➖,AllDamage,2779404384,3681781473,221,Rare,,Hull Breach,"ModuleKinetic, SelfInterceptor, TargetHasHullBreach",1,1,1,,,0.05,0.05,0.1,,,,
348,GARAK,OA,INTERCEPTOR STRIKE TEAM,CritChance,"SelfInterceptor, EnemyPlayer, TargetHasHullBreach",RoundStart,SelfShip,Add,,"While on an Interceptor fighting a player ship with Hull Breach, Garak increases Critical Hit Chance by X each round.",+X Critical Hit Chance per round against players with Hull Breach.,"1.0, 1.0, 1.0, 1.0, 1.0","0.3, 0.35, 0.42, 0.5, 0.6",FALSE,TRUE,✴️,"SelfInterceptor, TargetHasHullBreach",✴️,"SelfInterceptor, TargetHasHullBreach",➖,"SelfInterceptor, EnemyPlayer, TargetHasHullBreach",➖,"SelfInterceptor, EnemyPlayer, TargetHasHullBreach",➖,"SelfInterceptor, EnemyPlayer, TargetHasHullBreach",➖,"SelfInterceptor, EnemyPlayer, TargetHasHullBreach",➖,"SelfInterceptor, EnemyPlayer, TargetHasHullBreach",➖,"SelfInterceptor, EnemyPlayer, TargetHasHullBreach",➖,"SelfInterceptor, EnemyPlayer, TargetHasHullBreach",➖,"SelfInterceptor, EnemyPlayer, TargetHasHullBreach",➖,"SelfInterceptor, EnemyPlayer, TargetHasHullBreach",➖,"SelfInterceptor, EnemyPlayer, TargetHasHullBreach",➖,CritChance,➖,CritChance,988061493,3681781473,221,Rare,,Hull Breach,"SelfInterceptor, TargetHasHullBreach",1,1,1,1,1,0.3,0.35,0.42,0.5,0.6,,
349,DAMAR,CM,INTERCEPTOR STRIKE TEAM,CritChance,"SelfInterceptor, EnemyPlayer, TargetHasHullBreach",CriticalShotFired,SelfShip,Add,,"While on an Interceptor fighting a player ship with Hull Breach, if Damar scores a Critical Hit, increase Critical Hit Chance by X once per Weapon for the remainder of battle.",Damar's Interceptor gets +X to Crit Chance for each Crit made on player ships with Hull Breach.,"1.0, 1.0, 1.0","0.02, 0.02, 0.03",FALSE,TRUE,✴️,"SelfInterceptor, TargetHasHullBreach",✴️,"SelfInterceptor, TargetHasHullBreach",➖,"SelfInterceptor, EnemyPlayer, TargetHasHullBreach",➖,"SelfInterceptor, EnemyPlayer, TargetHasHullBreach",➖,"SelfInterceptor, EnemyPlayer, TargetHasHullBreach",➖,"SelfInterceptor, EnemyPlayer, TargetHasHullBreach",➖,"SelfInterceptor, EnemyPlayer, TargetHasHullBreach",➖,"SelfInterceptor, EnemyPlayer, TargetHasHullBreach",➖,"SelfInterceptor, EnemyPlayer, TargetHasHullBreach",➖,"SelfInterceptor, EnemyPlayer, TargetHasHullBreach",➖,"SelfInterceptor, EnemyPlayer, TargetHasHullBreach",➖,"SelfInterceptor, EnemyPlayer, TargetHasHullBreach",➖,CritChance,➖,CritChance,2543230650,2613379706,222,Rare,,Hull Breach,"SelfInterceptor, TargetHasHullBreach",1,1,1,,,0.02,0.02,0.03,,,,
350,DAMAR,OA,INTERCEPTOR STRIKE TEAM,CritDamage,"SelfInterceptor, EnemyPlayer, TargetHasHullBreach",CriticalShotFired,EnemyShip,Sub,num_rounds=3,"While on an Interceptor fighting a player ship with Hull Breach, if Damar scores a Critical Hit, decrease opponent Critical Hit Damage by X once per Weapon for 3 rounds.",Opponent player with Hull Breach does -X Crit Damage for 3 rounds after being Crit.,"1.0, 1.0, 1.0, 1.0, 1.0","0.25, 0.29, 0.35, 0.42, 0.5",FALSE,TRUE,✴️,"SelfInterceptor, TargetHasHullBreach",✴️,"SelfInterceptor, TargetHasHullBreach",➖,"SelfInterceptor, EnemyPlayer, TargetHasHullBreach",➖,"SelfInterceptor, EnemyPlayer, TargetHasHullBreach",➖,"SelfInterceptor, EnemyPlayer, TargetHasHullBreach",➖,"SelfInterceptor, EnemyPlayer, TargetHasHullBreach",➖,"SelfInterceptor, EnemyPlayer, TargetHasHullBreach",➖,"SelfInterceptor, EnemyPlayer, TargetHasHullBreach",➖,"SelfInterceptor, EnemyPlayer, TargetHasHullBreach",➖,"SelfInterceptor, EnemyPlayer, TargetHasHullBreach",➖,"SelfInterceptor, EnemyPlayer, TargetHasHullBreach",➖,"SelfInterceptor, EnemyPlayer, TargetHasHullBreach",➖,CritDamage,➖,CritDamage,1272288893,2613379706,222,Rare,,Hull Breach,"SelfInterceptor, TargetHasHullBreach",1,1,1,1,1,0.25,0.29,0.35,0.42,0.5,,
351,BENJAMIN SISKO,CM,DEEP SPACE NINE,AllDefenses,TargetIsArmada,CombatStart,SelfShip,MultiplyBaseAdd,officer_stat=3,"Benjamin Sisko increases Armor, Shield Deflection, and Dodge by X of total Health when fighting Armadas.","Increase Armor, Shield Deflection, and Dodge by X of total Health when fighting Armadas.","1.0, 1.0, 1.0","4.0, 1.0, 5.0",FALSE,TRUE,➖,TargetIsArmada,➖,TargetIsArmada,➖,TargetIsArmada,➖,TargetIsArmada,➖,TargetIsArmada,➖,TargetIsArmada,✅,,✅,,➖,TargetIsArmada,➖,TargetIsArmada,➖,TargetIsArmada,➖,TargetIsArmada,➖,AllDefenses,➖,AllDefenses,3663862053,2178926216,213,Epic,,,,1,1,1,,,4,1,5,,,,
352,BENJAMIN SISKO,OA,DEEP SPACE NINE,CritChance,TargetIsArmada,RoundStart,SelfShip,Add,,Benjamin Sisko increases critical hit chance against Armadas by X every round (Cumulative).,Increase critical hit chance against Armadas by X every round (Cumulative).,"1.0, 1.0, 1.0, 1.0, 1.0","0.03, 0.04, 0.06, 0.08, 0.12",FALSE,TRUE,➖,TargetIsArmada,➖,TargetIsArmada,➖,TargetIsArmada,➖,TargetIsArmada,➖,TargetIsArmada,➖,TargetIsArmada,✅,,✅,,➖,TargetIsArmada,➖,TargetIsArmada,➖,TargetIsArmada,➖,TargetIsArmada,➖,CritChance,➖,CritChance,2210405629,2178926216,213,Epic,,,,1,1,1,1,1,0.03,0.04,0.06,0.08,0.12,,
353,CHANGELING KIRA,CM,DEEP SPACE NINE,CritChance,"TargetIsArmada, EnemyHullFaction",RoundStart,EnemyShip,Sub,faction_id=3536012672,Changeling Kira decreases critical hit chance of Cardassian Armadas by X every round (Cumulative).,Decrease critical hit chance of Cardassian Armadas by X every round (Cumulative).,"1.0, 1.0, 1.0","0.02, 0.01, 0.02",FALSE,TRUE,➖,"TargetIsArmada, EnemyHullFaction",➖,"TargetIsArmada, EnemyHullFaction",➖,TargetIsArmada,➖,TargetIsArmada,➖,TargetIsArmada,➖,TargetIsArmada,✴️,Cardassian,✴️,Cardassian,➖,TargetIsArmada,➖,"TargetIsArmada, EnemyHullFaction",➖,"TargetIsArmada, EnemyHullFaction",➖,"TargetIsArmada, EnemyHullFaction",➖,CritChance,➖,CritChance,3152638070,180486983,216,Rare,,,Cardassian,1,1,1,,,0.02,0.01,0.02,,,,
354,CHANGELING KIRA,OA,DEEP SPACE NINE,AllDefenses,TargetIsArmada,EnemyTakesHit,EnemyShip,MultiplyBaseSub,officer_stat=1,"Changeling Kira decreases Armor, Shield Deflection, and Dodge of Armadas by X of Attack every time you hit it with a weapon.","Decrease Armor, Shield Deflection, and Dodge of Armadas by X of Attack every time you hit it with a weapon.","1.0, 1.0, 1.0, 1.0, 1.0","0.1, 0.13, 0.18, 0.25, 0.35",FALSE,TRUE,➖,TargetIsArmada,➖,TargetIsArmada,➖,TargetIsArmada,➖,TargetIsArmada,➖,TargetIsArmada,➖,TargetIsArmada,✅,,✅,,➖,TargetIsArmada,➖,TargetIsArmada,➖,TargetIsArmada,➖,TargetIsArmada,➖,AllDefenses,➖,AllDefenses,2108234991,180486983,216,Rare,,,,1,1,1,1,1,0.1,0.13,0.18,0.25,0.35,,
355,MILES O'BRIEN,OA,DEEP SPACE NINE,ShotsPerAttack,TargetIsArmada,RoundStart,SelfShip,MultiplyAdd,num_rounds=3,"For 3 rounds, Miles O'Brien has a X chance of increasing shots against an Armada by 100%.",X chance of increasing shots against an Armada by 100% for 3 rounds.,"0.25, 0.3, 0.35, 0.4, 0.5","1.0, 1.0, 1.0, 1.0, 1.0",TRUE,TRUE,➖,TargetIsArmada,➖,TargetIsArmada,➖,TargetIsArmada,➖,TargetIsArmada,➖,TargetIsArmada,➖,TargetIsArmada,✅,,✅,,➖,TargetIsArmada,➖,TargetIsArmada,➖,TargetIsArmada,➖,TargetIsArmada,➖,ShotsPerAttack,➖,ShotsPerAttack,3396349483,2871265794,215,Rare,,,,0.25,0.3,0.35,0.4,0.5,1,1,1,1,1,,
356,MILES O'BRIEN,BDA,DEEP SPACE NINE,WarpSpeed,,ShipLaunched,SelfShip,MultiplyAdd,,Miles O'Brien increases the ship's base Warp Speed by X.,Increase Warp Speed by X.,"1.0, 1.0, 1.0, 1.0, 1.0","0.7, 0.8, 1.0, 1.2, 1.5",FALSE,TRUE,➖,WarpSpeed,➖,WarpSpeed,➖,WarpSpeed,➖,WarpSpeed,➖,WarpSpeed,➖,WarpSpeed,➖,WarpSpeed,➖,WarpSpeed,➖,WarpSpeed,➖,WarpSpeed,➖,WarpSpeed,➖,WarpSpeed,➖,WarpSpeed,✅,,2665059133,2871265794,215,Rare,,,,1,1,1,1,1,0.7,0.8,1,1.2,1.5,,
357,WEYOUN,CM,EXPLORER STRIKE TEAM,AddState,"SelfExplorer, EnemyPlayer",RoundStart,SelfShip,MultiplyAdd,"num_rounds=3, state=8","On round start, Weyoun has a X chance to apply Morale for 3 rounds when fighting against players, if on an Explorer.","On round start, +X chance to apply Morale for 3 rounds when fighting players, if on an Explorer.","0.2, 0.1, 0.4","1.0, 1.0, 1.0",TRUE,TRUE,✴️,SelfExplorer,✴️,SelfExplorer,➖,"SelfExplorer, EnemyPlayer",➖,"SelfExplorer, EnemyPlayer",➖,"SelfExplorer, EnemyPlayer",➖,"SelfExplorer, EnemyPlayer",➖,"SelfExplorer, EnemyPlayer",➖,"SelfExplorer, EnemyPlayer",➖,"SelfExplorer, EnemyPlayer",➖,"SelfExplorer, EnemyPlayer",➖,"SelfExplorer, EnemyPlayer",➖,"SelfExplorer, EnemyPlayer",➖,AddState,➖,AddState,3603567245,1925563045,223,Epic,,,SelfExplorer,0.2,0.1,0.4,,,1,1,1,,,,
358,WEYOUN,OA,EXPLORER STRIKE TEAM,ShotsPerAttack,"SelfExplorer, SelfHasMorale, EnemyPlayer",RoundStart,SelfShip,MultiplyAdd,num_rounds=2,"Weyoun increases Weapon Shots by +X at the start of each Round for 2 Rounds when fighting players, if on an Explorer with Morale.","+X to Shots for 2 Rounds when fighting players, if on Explorer with Morale.","1.0, 1.0, 1.0, 1.0, 1.0","0.76, 0.8, 0.88, 1.0, 1.2",FALSE,TRUE,✴️,"SelfExplorer, SelfHasMorale",✴️,"SelfExplorer, SelfHasMorale",➖,"SelfExplorer, SelfHasMorale, EnemyPlayer",➖,"SelfExplorer, SelfHasMorale, EnemyPlayer",➖,"SelfExplorer, SelfHasMorale, EnemyPlayer",➖,"SelfExplorer, SelfHasMorale, EnemyPlayer",➖,"SelfExplorer, SelfHasMorale, EnemyPlayer",➖,"SelfExplorer, SelfHasMorale, EnemyPlayer",➖,"SelfExplorer, SelfHasMorale, EnemyPlayer",➖,"SelfExplorer, SelfHasMorale, EnemyPlayer",➖,"SelfExplorer, SelfHasMorale, EnemyPlayer",➖,"SelfExplorer, SelfHasMorale, EnemyPlayer",➖,ShotsPerAttack,➖,ShotsPerAttack,1777728821,1925563045,223,Epic,Morale,,"SelfExplorer, SelfHasMorale",1,1,1,1,1,0.76,0.8,0.88,1,1.2,,
359,IKAT’IKA,CM,EXPLORER STRIKE TEAM,AllDefenses,"SelfExplorer, EnemyPlayer",RoundStart,SelfShip,MultiplyAdd,num_rounds=1,"Ikat'ika increases all Mitigation stats by X for 1 Round every Round when when fighting players, if on an Explorer.","+X to all Mitigation stats for 1 Round every Round when fighting a players, if on an Explorer.","1.0, 1.0, 1.0","0.2, 0.15, 0.25",FALSE,TRUE,✴️,SelfExplorer,✴️,SelfExplorer,➖,"SelfExplorer, EnemyPlayer",➖,"SelfExplorer, EnemyPlayer",➖,"SelfExplorer, EnemyPlayer",➖,"SelfExplorer, EnemyPlayer",➖,"SelfExplorer, EnemyPlayer",➖,"SelfExplorer, EnemyPlayer",➖,"SelfExplorer, EnemyPlayer",➖,"SelfExplorer, EnemyPlayer",➖,"SelfExplorer, EnemyPlayer",➖,"SelfExplorer, EnemyPlayer",➖,AllDefenses,➖,AllDefenses,4151549753,3835531386,224,Rare,,,SelfExplorer,1,1,1,,,0.2,0.15,0.25,,,,
360,IKAT’IKA,OA,EXPLORER STRIKE TEAM,AllDamage,"SelfExplorer, SelfHasMorale, EnemyPlayer",RoundStart,SelfShip,MultiplyAdd,num_rounds=3,"Ikat'ika increases Weapon Damage by X at the start of each Round for 3 Rounds when fighting players, if on an Explorer with Morale.","+X to Weapon Damage for 3 Rounds when fighting players, if on an Explorer with Morale.","1.0, 1.0, 1.0, 1.0, 1.0","0.53, 0.55, 0.62, 0.7, 0.8",FALSE,TRUE,✴️,"SelfExplorer, SelfHasMorale",✴️,"SelfExplorer, SelfHasMorale",➖,"SelfExplorer, SelfHasMorale, EnemyPlayer",➖,"SelfExplorer, SelfHasMorale, EnemyPlayer",➖,"SelfExplorer, SelfHasMorale, EnemyPlayer",➖,"SelfExplorer, SelfHasMorale, EnemyPlayer",➖,"SelfExplorer, SelfHasMorale, EnemyPlayer",➖,"SelfExplorer, SelfHasMorale, EnemyPlayer",➖,"SelfExplorer, SelfHasMorale, EnemyPlayer",➖,"SelfExplorer, SelfHasMorale, EnemyPlayer",➖,"SelfExplorer, SelfHasMorale, EnemyPlayer",➖,"SelfExplorer, SelfHasMorale, EnemyPlayer",➖,AllDamage,➖,AllDamage,3744176993,3835531386,224,Rare,Morale,,"SelfExplorer, SelfHasMorale",1,1,1,1,1,0.53,0.55,0.62,0.7,0.8,,
361,PON,CM,EXPLORER STRIKE TEAM,AllLoadSpeed,"SelfExplorer, EnemyPlayer, SelfDefending",CombatStart,EnemyAllShips,Add,,"Pon has a X chance at the start of combat to delay opponent weapons for 3 Rounds when attacked by players, if your ship is an Explorer.","+X chance at the start of combat to delay the opponent's Weapons for 3 rounds when attacked by players, if on an Explorer.","0.1, 0.1, 0.15","3.0, 0.0, 0.0",TRUE,TRUE,✴️,SelfExplorer,✴️,SelfExplorer,➖,"SelfExplorer, EnemyPlayer, SelfDefending",➖,"SelfExplorer, EnemyPlayer, SelfDefending",➖,"SelfExplorer, EnemyPlayer, SelfDefending",➖,"SelfExplorer, EnemyPlayer, SelfDefending",➖,"SelfExplorer, EnemyPlayer, SelfDefending",➖,"SelfExplorer, EnemyPlayer, SelfDefending",➖,"SelfExplorer, EnemyPlayer, SelfDefending",➖,"SelfExplorer, EnemyPlayer, SelfDefending",➖,"SelfExplorer, EnemyPlayer, SelfDefending",➖,"SelfExplorer, EnemyPlayer, SelfDefending",➖,AllLoadSpeed,➖,AllLoadSpeed,2775643020,1860865109,225,Rare,,,SelfExplorer,0.1,0.1,0.15,,,3,0,0,,,,
362,PON,OA,EXPLORER STRIKE TEAM,CritChance,"SelfExplorer, SelfHasMorale, EnemyPlayer",RoundStart,EnemyShip,Sub,num_rounds=3,Pon decreases opponent player's Critical Chance by X at the start of each Round for 3 Rounds if on an Explorer with Morale.,-X to enemy player Crit Chance for 3 Rounds if on an Explorer with Morale.,"1.0, 1.0, 1.0, 1.0, 1.0","0.52, 0.57, 0.63, 0.7, 0.78",FALSE,TRUE,✴️,"SelfExplorer, SelfHasMorale",✴️,"SelfExplorer, SelfHasMorale",➖,"SelfExplorer, SelfHasMorale, EnemyPlayer",➖,"SelfExplorer, SelfHasMorale, EnemyPlayer",➖,"SelfExplorer, SelfHasMorale, EnemyPlayer",➖,"SelfExplorer, SelfHasMorale, EnemyPlayer",➖,"SelfExplorer, SelfHasMorale, EnemyPlayer",➖,"SelfExplorer, SelfHasMorale, EnemyPlayer",➖,"SelfExplorer, SelfHasMorale, EnemyPlayer",➖,"SelfExplorer, SelfHasMorale, EnemyPlayer",➖,"SelfExplorer, SelfHasMorale, EnemyPlayer",➖,"SelfExplorer, SelfHasMorale, EnemyPlayer",➖,CritChance,➖,CritChance,2006290587,1860865109,225,Rare,Morale,,"SelfExplorer, SelfHasMorale",1,1,1,1,1,0.52,0.57,0.63,0.7,0.78,,
363,JADZIA DAX,CM,DEEP SPACE NINE,AllPiercing,SelfAtSoloArmada,CombatStart,SelfShip,MultiplyBaseAdd,officer_stat=3,"Jadzia Dax increases Shield Piercing, Armor Piercing and Accuracy by X of Officers Health against Solo Armadas.","Jadzia Dax increases Shield Piercing, Armor Piercing and Accuracy by X of Officers Health against Solo Armadas","1.0, 1.0, 1.0","7.0, 1.75, 3.5",FALSE,TRUE,➖,SelfAtSoloArmada,➖,SelfAtSoloArmada,➖,SelfAtSoloArmada,➖,SelfAtSoloArmada,➖,SelfAtSoloArmada,➖,SelfAtSoloArmada,✅,,➖,SelfAtSoloArmada,➖,SelfAtSoloArmada,➖,SelfAtSoloArmada,➖,SelfAtSoloArmada,➖,SelfAtSoloArmada,➖,AllPiercing,➖,AllPiercing,3902853214,1916661181,218,Epic,,,,1,1,1,,,7,1.75,3.5,,,,
364,JADZIA DAX,OA,DEEP SPACE NINE,AllDamage,SelfAtSoloArmada,CombatStart,SelfShip,MultiplyBaseAdd,officer_stat=3,Jadzia Dax increases Weapon Damage by X of Officer Health against Solo Armadas.,Jadzia Dax increases Weapon Damage by X of Officers Health against Solo Armadas.,"1.0, 1.0, 1.0, 1.0, 1.0","3.0, 4.5, 6.5, 9.0, 12.0",FALSE,TRUE,➖,SelfAtSoloArmada,➖,SelfAtSoloArmada,➖,SelfAtSoloArmada,➖,SelfAtSoloArmada,➖,SelfAtSoloArmada,➖,SelfAtSoloArmada,✅,,➖,SelfAtSoloArmada,➖,SelfAtSoloArmada,➖,SelfAtSoloArmada,➖,SelfAtSoloArmada,➖,SelfAtSoloArmada,➖,AllDamage,➖,AllDamage,1999054927,1916661181,218,Epic,,,,1,1,1,1,1,3,4.5,6.5,9,12,,
365,ODO,OA,DEEP SPACE NINE,AllDefenses,SelfAtSoloArmada,CombatStart,SelfShip,MultiplyAdd,,"Odo increases base Armor, Shield Deflection, and Dodge by X against Solo Armadas.","Odo increases base Armor, Shield Deflection, and Dodge by X against Solo Armadas.","1.0, 1.0, 1.0, 1.0, 1.0","0.4, 0.5, 0.6, 0.8, 1.0",FALSE,TRUE,➖,SelfAtSoloArmada,➖,SelfAtSoloArmada,➖,SelfAtSoloArmada,➖,SelfAtSoloArmada,➖,SelfAtSoloArmada,➖,SelfAtSoloArmada,✅,,➖,SelfAtSoloArmada,➖,SelfAtSoloArmada,➖,SelfAtSoloArmada,➖,SelfAtSoloArmada,➖,SelfAtSoloArmada,➖,AllDefenses,➖,AllDefenses,329102020,1028718336,231,Epic,,,,1,1,1,1,1,0.4,0.5,0.6,0.8,1,,
366,ODO,BDA,DEEP SPACE NINE,CritDamage,,ShipLaunched,SelfShip,Add,,Odo increases Critical Hit Damage by X.,Odo increases Critical Hit Damage by X.,"1.0, 1.0, 1.0, 1.0, 1.0","0.2, 0.25, 0.35, 0.45, 0.6",FALSE,TRUE,✅,,✅,,✅,,✅,,✅,,✅,,✅,,✅,,✅,,✅,,✅,,✅,,➖,CritDamage,➖,CritDamage,3392361409,1028718336,231,Epic,,,,1,1,1,1,1,0.2,0.25,0.35,0.45,0.6,,
367,JULIAN BASHIR,CM,DEEP SPACE NINE,CritDamage,SelfAtSoloArmada,CombatStart,SelfShip,Add,,Julian Bashir increases Critical Hit Damage by X against Solo Armadas.,Julian Bashir increases Critical Hit Damage by X against Solo Armadas.,"1.0, 1.0, 1.0","0.5, 0.25, 0.5",FALSE,TRUE,➖,SelfAtSoloArmada,➖,SelfAtSoloArmada,➖,SelfAtSoloArmada,➖,SelfAtSoloArmada,➖,SelfAtSoloArmada,➖,SelfAtSoloArmada,✅,,➖,SelfAtSoloArmada,➖,SelfAtSoloArmada,➖,SelfAtSoloArmada,➖,SelfAtSoloArmada,➖,SelfAtSoloArmada,➖,CritDamage,➖,CritDamage,2897000131,2620014350,217,Rare,,,,1,1,1,,,0.5,0.25,0.5,,,,
368,JULIAN BASHIR,OA,DEEP SPACE NINE,CritChance,SelfAtSoloArmada,CombatStart,SelfShip,Add,,Julian Bashir increases Critical Hit Chance by X against Solo Armadas.,Julian Bashir increases Critical Hit Chance by X against Solo Armadas.,"1.0, 1.0, 1.0, 1.0, 1.0","0.2, 0.25, 0.35, 0.45, 0.6",FALSE,TRUE,➖,SelfAtSoloArmada,➖,SelfAtSoloArmada,➖,SelfAtSoloArmada,➖,SelfAtSoloArmada,➖,SelfAtSoloArmada,➖,SelfAtSoloArmada,✅,,➖,SelfAtSoloArmada,➖,SelfAtSoloArmada,➖,SelfAtSoloArmada,➖,SelfAtSoloArmada,➖,SelfAtSoloArmada,➖,CritChance,➖,CritChance,2663107600,2620014350,217,Rare,,,,1,1,1,1,1,0.2,0.25,0.35,0.45,0.6,,
369,KIRA NERYS,OA,DEEP SPACE NINE,ShieldMitigation,SelfAtAssault2,CombatStart,EnemyShip,Sub,,Kira Nerys decreases Shield Mitigation by X at an Assault.,Kira Nerys decreases Shield Mitigation by X at an Assault.,"1.0, 1.0, 1.0, 1.0, 1.0","0.04, 0.05, 0.06, 0.08, 0.1",FALSE,TRUE,➖,SelfAtAssault2,➖,SelfAtAssault2,➖,SelfAtAssault2,➖,SelfAtAssault2,➖,SelfAtAssault2,➖,SelfAtAssault2,➖,SelfAtAssault2,➖,SelfAtAssault2,✅,,➖,SelfAtAssault2,➖,SelfAtAssault2,➖,SelfAtAssault2,➖,ShieldMitigation,➖,ShieldMitigation,234251988,339027623,226,Rare,,,,1,1,1,1,1,0.04,0.05,0.06,0.08,0.1,,
370,KIRA NERYS,BDA,DEEP SPACE NINE,CritChance,EnemyPlayer,CombatStart,EnemyShip,Sub,,Kira Nerys reduces opponent player Critical Hit Chance by X.,Kira Nerys reduces opponent player Critical Hit Chance by X.,"1.0, 1.0, 1.0, 1.0, 1.0","0.1, 0.15, 0.2, 0.25, 0.35",FALSE,TRUE,✅,,✅,,➖,EnemyPlayer,➖,EnemyPlayer,➖,EnemyPlayer,➖,EnemyPlayer,➖,EnemyPlayer,➖,EnemyPlayer,➖,EnemyPlayer,➖,EnemyPlayer,➖,EnemyPlayer,➖,EnemyPlayer,➖,CritChance,➖,CritChance,4121832941,339027623,226,Rare,,,,1,1,1,1,1,0.1,0.15,0.2,0.25,0.35,,
371,HUGH,OA,UNIMATRIX TWELVE,ImpulseSpeed,,ShipLaunched,SelfShip,MultiplyAdd,,Hugh increases the Impulse Speed of your ship by X.,+X to Impulse Speed.,"1.0, 1.0, 1.0, 1.0, 1.0","0.05, 0.07, 0.09, 0.12, 0.15",FALSE,TRUE,➖,ImpulseSpeed,➖,ImpulseSpeed,➖,ImpulseSpeed,➖,ImpulseSpeed,➖,ImpulseSpeed,➖,ImpulseSpeed,➖,ImpulseSpeed,➖,ImpulseSpeed,➖,ImpulseSpeed,➖,ImpulseSpeed,➖,ImpulseSpeed,➖,ImpulseSpeed,➖,ImpulseSpeed,✅,,4279867030,4290764940,232,Epic,,,,1,1,1,1,1,0.05,0.07,0.09,0.12,0.15,,
372,HUGH,BDA,UNIMATRIX TWELVE,CritChance,"EnemyHostile, TargetNotArmada",HullDamageTaken,SelfShip,Add,num_rounds=2,Hugh has X chance to increase Critical Hit Chance by 25% for 2 rounds after being hit by a Hostile. (This ability can stack) (Weapons with multiple shots will only trigger this ability once per attack),X chance to increase Crit Chance by 25% for 2 rounds after being hit by Hostiles.,"0.45, 0.5, 0.6, 0.7, 1.0","0.25, 0.25, 0.25, 0.25, 0.25",TRUE,TRUE,➖,EnemyHostile,➖,EnemyHostile,✅,,✅,,➖,EnemyHostile,✅,,➖,TargetNotArmada,➖,TargetNotArmada,➖,EnemyHostile,➖,TargetNotArmada,➖,EnemyHostile,➖,EnemyHostile,➖,CritChance,➖,CritChance,1120204726,4290764940,232,Epic,,,,0.45,0.5,0.6,0.7,1,0.25,0.25,0.25,0.25,0.25,,
373,GHALENAR,OA,UNIMATRIX TWELVE,FactionPointsGain,,ShipLaunched,SelfShip,MultiplyAdd,,"Ghalenar increases the Faction Reputation gained from Federation, Klingon and Romulan hostiles by X.","+X Faction Reputation from Federation, Klingon and Romulan hostiles.","1.0, 1.0, 1.0, 1.0, 1.0","0.05, 0.07, 0.09, 0.15, 0.2",FALSE,TRUE,➖,FactionPointsGain,➖,FactionPointsGain,✴️,see description,➖,FactionPointsGain,➖,FactionPointsGain,➖,FactionPointsGain,✴️,see description,✴️,see description,➖,FactionPointsGain,➖,FactionPointsGain,➖,FactionPointsGain,➖,FactionPointsGain,✅,,➖,FactionPointsGain,1148893670,1442833808,233,Rare,,,FactionPointsGain,1,1,1,1,1,0.05,0.07,0.09,0.15,0.2,,
374,GHALENAR,BDA,UNIMATRIX TWELVE,ActianVenomAndNanoprobeLoot,,ShipLaunched,SelfShip,MultiplyAdd,,Ghalenar increases Actian Venom and Inert Nanoprobe loot dropped from hostiles by X of their base value.,+X to Actian Venom and Inert Nanoprobe hostile loot.,"1.0, 1.0, 1.0, 1.0, 1.0","0.1, 0.15, 0.2, 0.3, 0.5",FALSE,TRUE,➖,ActianVenomAndNanoprobeLoot,➖,ActianVenomAndNanoprobeLoot,✴️,see description,➖,ActianVenomAndNanoprobeLoot,➖,ActianVenomAndNanoprobeLoot,➖,ActianVenomAndNanoprobeLoot,➖,ActianVenomAndNanoprobeLoot,➖,ActianVenomAndNanoprobeLoot,➖,ActianVenomAndNanoprobeLoot,➖,ActianVenomAndNanoprobeLoot,➖,ActianVenomAndNanoprobeLoot,➖,ActianVenomAndNanoprobeLoot,✅,,➖,ActianVenomAndNanoprobeLoot,695016552,1442833808,233,Rare,,,ActianVenomAndNanoprobeLoot,1,1,1,1,1,0.1,0.15,0.2,0.3,0.5,,
375,BORG QUEEN,OA,UNIMATRIX TWELVE,CritChance,"SelfAtSoloArmada, EnemyHullFaction",HullDamageTaken,SelfShip,Add,faction_id=2943562711,"While fighting against a Borg Solo Armada, upon receiving Hull Damage from an enemy shot, increase Critical Hit Chance by X (Cumulative).",X to Critical Hit Chance when receiving Hull Damage from a Borg Solo Armada. (Cumulative),"1.0, 1.0, 1.0, 1.0, 1.0","0.02, 0.03, 0.04, 0.05, 0.07",FALSE,TRUE,➖,"SelfAtSoloArmada, EnemyHullFaction",➖,"SelfAtSoloArmada, EnemyHullFaction",➖,SelfAtSoloArmada,➖,SelfAtSoloArmada,➖,SelfAtSoloArmada,➖,SelfAtSoloArmada,✴️,Borg,➖,SelfAtSoloArmada,➖,SelfAtSoloArmada,➖,"SelfAtSoloArmada, EnemyHullFaction",➖,"SelfAtSoloArmada, EnemyHullFaction",➖,"SelfAtSoloArmada, EnemyHullFaction",➖,CritChance,➖,CritChance,727010413,1203492497,234,Epic,,,Borg,1,1,1,1,1,0.02,0.03,0.04,0.05,0.07,,
376,BORG QUEEN,BDA,UNIMATRIX TWELVE,AllPiercing,"EnemyPlayer, TargetHasAssimilated",RoundStart,SelfShip,MultiplyAdd,,"While fighting a player ship with Assimilate, Borg Queen increases the ship's Armor Piercing, Shield Piercing and Accuracy by X each round (Cumulative).","X to Armor Piercing, Shield Piercing and Accuracy each round if fighting player ships with Assimilate.","1.0, 1.0, 1.0, 1.0, 1.0","1.5, 2.0, 3.0, 4.0, 5.0",FALSE,TRUE,✴️,TargetHasAssimilated,✴️,TargetHasAssimilated,➖,"EnemyPlayer, TargetHasAssimilated",➖,"EnemyPlayer, TargetHasAssimilated",➖,"EnemyPlayer, TargetHasAssimilated",➖,"EnemyPlayer, TargetHasAssimilated",➖,"EnemyPlayer, TargetHasAssimilated",➖,"EnemyPlayer, TargetHasAssimilated",➖,"EnemyPlayer, TargetHasAssimilated",➖,"EnemyPlayer, TargetHasAssimilated",➖,"EnemyPlayer, TargetHasAssimilated",➖,"EnemyPlayer, TargetHasAssimilated",➖,AllPiercing,➖,AllPiercing,2712288625,1203492497,234,Epic,,Assimilated,TargetHasAssimilated,1,1,1,1,1,1.5,2,3,4,5,,
377,DEZOC,OA,UNIMATRIX TWELVE,OfficerStatAll,"SelfAtSoloArmada, EnemyHullFaction",CombatStart,SelfAll,MultiplyAdd,faction_id=2943562711,"While fighting against a Borg Solo Armada, increase all Officer stats by X for the duration of combat.",X to all Officer stats while fighting Borg Solo Armadas.,"1.0, 1.0, 1.0, 1.0, 1.0","0.1, 0.14, 0.2, 0.3, 0.5",FALSE,TRUE,➖,"SelfAtSoloArmada, EnemyHullFaction",➖,"SelfAtSoloArmada, EnemyHullFaction",➖,SelfAtSoloArmada,➖,SelfAtSoloArmada,➖,SelfAtSoloArmada,➖,SelfAtSoloArmada,✴️,Borg,➖,SelfAtSoloArmada,➖,SelfAtSoloArmada,➖,"SelfAtSoloArmada, EnemyHullFaction",➖,"SelfAtSoloArmada, EnemyHullFaction",➖,"SelfAtSoloArmada, EnemyHullFaction",➖,OfficerStatAll,➖,OfficerStatAll,1625902371,3412597742,235,Rare,,,Borg,1,1,1,1,1,0.1,0.14,0.2,0.3,0.5,,
378,DEZOC,BDA,UNIMATRIX TWELVE,AddState,HullHealthBelow,RoundStart,EnemyShip,MultiplyAdd,"num_rounds=4, percentage=0.95, state=64","At the start of each round, if opponents Hull health is below 95%, Dezoc has X chance to apply Assimilate to it for 4 rounds. -- While a ship is affected by the Assimilate state, Officer Abilities have their effectiveness reduced by 25%.",X chance of applying Assimilate to opponents with less than 95% Hull Health each Round for 4 rounds.,"0.4, 0.45, 0.5, 0.6, 0.7","1.0, 1.0, 1.0, 1.0, 1.0",TRUE,TRUE,✴️,HullHealthBelow,✴️,HullHealthBelow,✴️,HullHealthBelow,✴️,HullHealthBelow,✴️,HullHealthBelow,✴️,HullHealthBelow,✴️,HullHealthBelow,✴️,HullHealthBelow,✴️,HullHealthBelow,✴️,HullHealthBelow,✴️,HullHealthBelow,✴️,HullHealthBelow,➖,AddState,➖,AddState,2967109481,3412597742,235,Rare,,,HullHealthBelow,0.4,0.45,0.5,0.6,0.7,1,1,1,1,1,,
379,GOSSA,OA,UNIMATRIX TWELVE,CritDamage,"SelfAtSoloArmada, EnemyHullFaction",RoundStart,EnemyShip,MultiplySub,"faction_id=2943562711, num_rounds=1","When fighting against a Borg Solo Armada, at the start of each round reduce target's Critical Damage by X for 1 round.",-X Critical Damage dealt by Borg Solo Armadas when fighting them each round for 1 round.,"1.0, 1.0, 1.0, 1.0, 1.0","0.05, 0.07, 0.1, 0.15, 0.25",FALSE,TRUE,➖,"SelfAtSoloArmada, EnemyHullFaction",➖,"SelfAtSoloArmada, EnemyHullFaction",➖,SelfAtSoloArmada,➖,SelfAtSoloArmada,➖,SelfAtSoloArmada,➖,SelfAtSoloArmada,✴️,Borg,➖,SelfAtSoloArmada,➖,SelfAtSoloArmada,➖,"SelfAtSoloArmada, EnemyHullFaction",➖,"SelfAtSoloArmada, EnemyHullFaction",➖,"SelfAtSoloArmada, EnemyHullFaction",➖,CritDamage,➖,CritDamage,1208839018,1039950897,236,Rare,,,Borg,1,1,1,1,1,0.05,0.07,0.1,0.15,0.25,,
380,GOSSA,BDA,UNIMATRIX TWELVE,AllDefenses,"EnemyPlayer, TargetHasAssimilated",RoundStart,SelfShip,MultiplyAdd,,"While fighting a player ship with Assimilate, Gossa increases the ship's Armor, Shield Deflection and Dodge by X each round (Cumulative).","X to Armor, Shield Deflection and Dodge each round if fighting player ships with Assimilate.","1.0, 1.0, 1.0, 1.0, 1.0","1.25, 1.5, 1.75, 2.25, 3.0",FALSE,TRUE,✴️,TargetHasAssimilated,✴️,TargetHasAssimilated,➖,"EnemyPlayer, TargetHasAssimilated",➖,"EnemyPlayer, TargetHasAssimilated",➖,"EnemyPlayer, TargetHasAssimilated",➖,"EnemyPlayer, TargetHasAssimilated",➖,"EnemyPlayer, TargetHasAssimilated",➖,"EnemyPlayer, TargetHasAssimilated",➖,"EnemyPlayer, TargetHasAssimilated",➖,"EnemyPlayer, TargetHasAssimilated",➖,"EnemyPlayer, TargetHasAssimilated",➖,"EnemyPlayer, TargetHasAssimilated",➖,AllDefenses,➖,AllDefenses,720203532,1039950897,236,Rare,,Assimilated,TargetHasAssimilated,1,1,1,1,1,1.25,1.5,1.75,2.25,3,,
381,PIC ADMIRAL PICARD,CM,PICARD,AddState,EnemyPlayer,RoundStart,SelfShip,MultiplyAdd,"num_rounds=3, state=8","At the start of a round, Admiral Picard has a X chance to apply Morale for 3 rounds against player ships.","Each round, X chance to apply Morale for 3 rounds against player ships.","0.9, 0.01, 0.05","1.0, 1.0, 1.0",TRUE,TRUE,✅,,✅,,➖,EnemyPlayer,➖,EnemyPlayer,➖,EnemyPlayer,➖,EnemyPlayer,➖,EnemyPlayer,➖,EnemyPlayer,➖,EnemyPlayer,➖,EnemyPlayer,➖,EnemyPlayer,➖,EnemyPlayer,➖,AddState,➖,AddState,3119262188,1109650513,237,Epic,,,,0.9,0.01,0.05,,,1,1,1,,,,
382,PIC ADMIRAL PICARD,OA,PICARD,AllDamage,"EnemyPlayer, EnemyExplorer",CombatStart,SelfShip,MultiplyAdd,,Admiral Picard increases your ship base Weapon Damage by X on combat start against a player Explorer for the duration of combat.,Increases your ship base Weapon Damage by X on combat start against a player Explorer.,"1.0, 1.0, 1.0, 1.0, 1.0","5.0, 9.0, 15.0, 22.0, 30.0",FALSE,TRUE,✴️,EnemyExplorer,✴️,EnemyExplorer,➖,"EnemyPlayer, EnemyExplorer",➖,"EnemyPlayer, EnemyExplorer",➖,"EnemyPlayer, EnemyExplorer",➖,"EnemyPlayer, EnemyExplorer",➖,"EnemyPlayer, EnemyExplorer",➖,"EnemyPlayer, EnemyExplorer",➖,"EnemyPlayer, EnemyExplorer",➖,"EnemyPlayer, EnemyExplorer",➖,"EnemyPlayer, EnemyExplorer",➖,"EnemyPlayer, EnemyExplorer",➖,AllDamage,➖,AllDamage,1747115615,1109650513,237,Epic,,,EnemyExplorer,1,1,1,1,1,5,9,15,22,30,,
383,PIC BEVERLY CRUSHER,OA,PICARD,CritDamage,"EnemyHostile, TargetNotArmada",HullDamageTaken,SelfShip,Add,,Increases Critical Hit Damage by X every time your ship is hit by an attack while fighting Non-Armada Hostiles. (Cumulative) (Weapons with multiple shots will only trigger this ability once per attack.),Increases Crit Damage by X when hit by a Non-Armada Hostile. (Cumulative),"1.0, 1.0, 1.0, 1.0, 1.0","0.03, 0.04, 0.05, 0.06, 0.08",FALSE,TRUE,➖,EnemyHostile,➖,EnemyHostile,✅,,✅,,➖,EnemyHostile,✅,,➖,TargetNotArmada,➖,TargetNotArmada,➖,EnemyHostile,➖,TargetNotArmada,➖,EnemyHostile,➖,EnemyHostile,➖,CritDamage,➖,CritDamage,4013453392,802343108,238,Rare,,,,1,1,1,1,1,0.03,0.04,0.05,0.06,0.08,,
384,PIC BEVERLY CRUSHER,BDA,PICARD,BrokenShipPartsLoot,,ShipLaunched,SelfShip,MultiplyAdd,,Beverly increases the amount of Broken Parts you get from killing hostiles by X.,Increase the amount of Broken Parts you get from killing hostiles by X.,"1.0, 1.0, 1.0, 1.0, 1.0","0.1, 0.15, 0.2, 0.3, 0.5",FALSE,TRUE,➖,BrokenShipPartsLoot,➖,BrokenShipPartsLoot,✴️,see description,➖,BrokenShipPartsLoot,➖,BrokenShipPartsLoot,➖,BrokenShipPartsLoot,➖,BrokenShipPartsLoot,➖,BrokenShipPartsLoot,➖,BrokenShipPartsLoot,➖,BrokenShipPartsLoot,➖,BrokenShipPartsLoot,➖,BrokenShipPartsLoot,✅,,➖,BrokenShipPartsLoot,3142924865,802343108,238,Rare,,,BrokenShipPartsLoot,1,1,1,1,1,0.1,0.15,0.2,0.3,0.5,,
385,PIC WORF,CM,PICARD,AddState,EnemyPlayer,RoundStart,EnemyShip,MultiplyAdd,"num_rounds=3, state=4","At the start of a round, Worf has X chance to apply Hull Breach for 3 rounds against player ships.","Each round, X chance to apply Hull Breach for 3 rounds against player ships.","0.9, 0.01, 0.05","1.0, 1.0, 1.0",TRUE,TRUE,✅,,✅,,➖,EnemyPlayer,➖,EnemyPlayer,➖,EnemyPlayer,➖,EnemyPlayer,➖,EnemyPlayer,➖,EnemyPlayer,➖,EnemyPlayer,➖,EnemyPlayer,➖,EnemyPlayer,➖,EnemyPlayer,➖,AddState,➖,AddState,496507770,3484257385,240,Epic,,,,0.9,0.01,0.05,,,1,1,1,,,,
386,PIC WORF,OA,PICARD,AllDamage,"EnemyPlayer, EnemyInterceptor",CombatStart,SelfShip,MultiplyAdd,,Worf increases your ship base Weapon Damage by X on combat start against a player Interceptor for the duration of combat.,Increases your ship base Weapon Damage by X on combat start against a player Interceptor.,"1.0, 1.0, 1.0, 1.0, 1.0","5.0, 9.0, 15.0, 22.0, 30.0",FALSE,TRUE,✴️,EnemyInterceptor,✴️,EnemyInterceptor,➖,"EnemyPlayer, EnemyInterceptor",➖,"EnemyPlayer, EnemyInterceptor",➖,"EnemyPlayer, EnemyInterceptor",➖,"EnemyPlayer, EnemyInterceptor",➖,"EnemyPlayer, EnemyInterceptor",➖,"EnemyPlayer, EnemyInterceptor",➖,"EnemyPlayer, EnemyInterceptor",➖,"EnemyPlayer, EnemyInterceptor",➖,"EnemyPlayer, EnemyInterceptor",➖,"EnemyPlayer, EnemyInterceptor",➖,AllDamage,➖,AllDamage,2175948376,3484257385,240,Epic,,,EnemyInterceptor,1,1,1,1,1,5,9,15,22,30,,
387,PIC RIKER,CM,PICARD,AddState,EnemyPlayer,RoundStart,EnemyShip,MultiplyAdd,"num_rounds=3, state=2","At the start of a round, Riker has X chance to apply Burning for 3 rounds against player ships.","Each round, X chance to apply Burning for 3 rounds against player ships.","0.9, 0.01, 0.05","1.0, 1.0, 1.0",TRUE,TRUE,✅,,✅,,➖,EnemyPlayer,➖,EnemyPlayer,➖,EnemyPlayer,➖,EnemyPlayer,➖,EnemyPlayer,➖,EnemyPlayer,➖,EnemyPlayer,➖,EnemyPlayer,➖,EnemyPlayer,➖,EnemyPlayer,➖,AddState,➖,AddState,3774366383,2836324820,239,Epic,,,,0.9,0.01,0.05,,,1,1,1,,,,
388,PIC RIKER,OA,PICARD,AllDamage,"EnemyPlayer, EnemyBattleship",CombatStart,SelfShip,MultiplyAdd,,Riker increases your ship base Weapon Damage by X on combat start against a player Battleship for the duration of combat.,Increases your ship base Weapon Damage by X on combat start against a player Battleship.,"1.0, 1.0, 1.0, 1.0, 1.0","5.0, 9.0, 15.0, 22.0, 30.0",FALSE,TRUE,✴️,EnemyBattleship,✴️,EnemyBattleship,➖,"EnemyPlayer, EnemyBattleship",➖,"EnemyPlayer, EnemyBattleship",➖,"EnemyPlayer, EnemyBattleship",➖,"EnemyPlayer, EnemyBattleship",➖,"EnemyPlayer, EnemyBattleship",➖,"EnemyPlayer, EnemyBattleship",➖,"EnemyPlayer, EnemyBattleship",➖,"EnemyPlayer, EnemyBattleship",➖,"EnemyPlayer, EnemyBattleship",➖,"EnemyPlayer, EnemyBattleship",➖,AllDamage,➖,AllDamage,3042467533,2836324820,239,Epic,,,EnemyBattleship,1,1,1,1,1,5,9,15,22,30,,
389,DIXON HILL,OA,HOLODECK,ShieldMitigation,"CombatGameContext, SelfDefending",RoundStart,EnemyShip,MultiplySub,game_context=mining_node,"While defending a mining node, Dixon Hill reduces the opponent's Shield Mitigation every round by X. (This ability can stack)","While defending a mining node, reduce the opponent's Shield Mitigation every round by -X. (Stacks)","1.0, 1.0, 1.0, 1.0, 1.0","0.05, 0.07, 0.1, 0.15, 0.2",FALSE,TRUE,✴️,on a Mining Node,➖,CombatGameContext,➖,"CombatGameContext, SelfDefending",➖,"CombatGameContext, SelfDefending",➖,"CombatGameContext, SelfDefending",➖,"CombatGameContext, SelfDefending",➖,"CombatGameContext, SelfDefending",➖,"CombatGameContext, SelfDefending",➖,"CombatGameContext, SelfDefending",➖,"CombatGameContext, SelfDefending",➖,"CombatGameContext, SelfDefending",➖,"CombatGameContext, SelfDefending",➖,ShieldMitigation,➖,ShieldMitigation,276414451,1022775390,214,Rare,,,on a Mining Node,1,1,1,1,1,0.05,0.07,0.1,0.15,0.2,,
390,DIXON HILL,BDA,HOLODECK,MiningRate,,ShipLaunched,SelfShip,MultiplyAdd,"resources=[2325683920, 743985951, 2614028847, 1908242242, 96209859, 1371898528, 84292608, 1779416627, 680796905, 802509572, 2964093937, 3735331456, 2905009151, 1349464922, 3598797204, 1600760006, 2166628666, 1957060718, 1692987719, 2424553373, 2991010408, 2705205969, 563579678, 2164745208, 4275314946, 1734940706, 733419347, 3842158911, 2002611017, 3739531165, 999782265, 580616659, 3043859351, 3662113780, 2392079650, 3111281042, 2160856496, 3821364733, 1768524995, 1495067766, 2431214132, 3342042571, 819663825, 1586478890, 296474010, 2285412015, 2440004407, 1574840331, 298768773, 141958867]",Dixon Hill increases base Mining Speed by X.,Dixon Hill increases base Mining Speed by +X.,"1.0, 1.0, 1.0, 1.0, 1.0","0.3, 0.45, 0.6, 0.85, 1.2",FALSE,TRUE,➖,MiningRate,➖,MiningRate,➖,MiningRate,➖,MiningRate,➖,MiningRate,➖,MiningRate,➖,MiningRate,➖,MiningRate,➖,MiningRate,➖,MiningRate,➖,MiningRate,➖,MiningRate,➖,MiningRate,✅,,2060792769,1022775390,214,Rare,,,,1,1,1,1,1,0.3,0.45,0.6,0.85,1.2,,
391,THE DOCTOR,OA,VOYAGER,AllDefenses,EnemyHostile,HullDamageTaken,SelfShip,MultiplyBaseAdd,"num_rounds=2, officer_stat=3","When you take hull damage from a non-Player hostile or Armada, The Doctor increases your Armor, Shield Deflection, and Dodge by X of Health for 2 rounds. (cumulative). -- (Weapons with multiple shots will only trigger this ability once per attack.)","Increase your Armor, Shield Deflection, and Dodge by X of Health for 2 rounds when taking hull damage. (Cumulative)","1.0, 1.0, 1.0, 1.0, 1.0","3.0, 5.0, 7.5, 12.5, 20.0",FALSE,TRUE,➖,EnemyHostile,➖,EnemyHostile,✅,,✅,,➖,EnemyHostile,✅,,✅,,✅,,➖,EnemyHostile,✅,,➖,EnemyHostile,➖,EnemyHostile,➖,AllDefenses,➖,AllDefenses,2531884800,1421610149,241,Epic,,,,1,1,1,1,1,3,5,7.5,12.5,20,,
392,THE DOCTOR,BDA,VOYAGER,CombatPveRewards,,ShipLaunched,SelfShip,MultiplyAdd,,Increases all resources dropped by hostiles and Outposts by X.,Increases all resources dropped by hostiles and Outposts by X.,"1.0, 1.0, 1.0, 1.0, 1.0","0.15, 0.2, 0.3, 0.35, 0.5",FALSE,TRUE,➖,CombatPveRewards,➖,CombatPveRewards,✅,,➖,CombatPveRewards,➖,CombatPveRewards,➖,CombatPveRewards,✅,,✅,,➖,CombatPveRewards,✅,,✅,,✅,,✅,,➖,CombatPveRewards,3623386511,1421610149,241,Epic,,,,1,1,1,1,1,0.15,0.2,0.3,0.35,0.5,,
393,B'ELANNA TORRES,OA,VOYAGER,AllPiercing,EnemyHostile,HitTaken,SelfShip,MultiplyBaseAdd,"num_rounds=1, officer_stat=1","When you take damage from a non-Player hostile or Armada, B'Elanna increases your Armor Piercing, Shield Piercing, and Accuracy by X of Attack for 1 round. (cumulative). -- (Weapons with multiple shots will only trigger this ability once per attack.)","Increase your Armor Piercing, Shield Piercing, and Accuracy by X of Attack for 1 round when hit. (Cumulative)","1.0, 1.0, 1.0, 1.0, 1.0","2.5, 4.0, 6.0, 9.0, 15.0",FALSE,TRUE,➖,EnemyHostile,➖,EnemyHostile,✅,,✅,,➖,EnemyHostile,✅,,✅,,✅,,➖,EnemyHostile,✅,,➖,EnemyHostile,➖,EnemyHostile,➖,AllPiercing,➖,AllPiercing,3939864485,38768657,242,Rare,,,,1,1,1,1,1,2.5,4,6,9,15,,
394,B'ELANNA TORRES,BDA,VOYAGER,AddState,EnemyHostile,RoundStart,EnemyShip,MultiplyAdd,"num_rounds=1, state=4",X chance each round to apply Hull Breach to non-Player hostiles or Armada for 1 round.,X chance each round to apply Hull Breach to non-Player hostiles or Armada for 1 round.,"0.1, 0.15, 0.3, 0.6, 1.0","1.0, 1.0, 1.0, 1.0, 1.0",TRUE,TRUE,➖,EnemyHostile,➖,EnemyHostile,✅,,✅,,➖,EnemyHostile,✅,,✅,,✅,,➖,EnemyHostile,✅,,➖,EnemyHostile,➖,EnemyHostile,➖,AddState,➖,AddState,2723314214,38768657,242,Rare,,,,0.1,0.15,0.3,0.6,1,1,1,1,1,1,,
395,KATHRYN JANEWAY,CM,VOYAGER,ShieldMitigation,EnemyHostile,HullDamageTaken,SelfShip,Add,num_rounds=1,"When you take hull damage from a non-Player hostile or Armada, Kathryn Janeway increases your Shield Mitigation by X for 1 round. (cumulative). -- (Weapons with multiple shots will only trigger this ability once per attack.) -- Kathryn Janeway receives full synergy bonuses from all Voyager officers regardless of class.",Increase Shield Mitigation by X for 1 round when you take hull damage.,"1.0, 1.0, 1.0","0.06, 0.07, 0.07",FALSE,TRUE,➖,EnemyHostile,➖,EnemyHostile,✅,,✅,,➖,EnemyHostile,✅,,✅,,✅,,➖,EnemyHostile,✅,,➖,EnemyHostile,➖,EnemyHostile,➖,ShieldMitigation,➖,ShieldMitigation,2578865036,2343910766,243,Epic,,,,1,1,1,,,0.06,0.07,0.07,,,,
396,KATHRYN JANEWAY,OA,VOYAGER,IsolyticDamage,EnemyHostile,CombatStart,SelfShip,MultiplyAdd,,"At the start of combat, Kathryn Janeway increases your Isolytic Cascade damage by X against non-Player hostiles and Armadas.",Increases Isolytic Cascade damage by X at the start of combat against non-Player hostiles and Armadas.,"1.0, 1.0, 1.0, 1.0, 1.0","0.1, 0.15, 0.2, 0.3, 0.5",FALSE,TRUE,➖,EnemyHostile,➖,EnemyHostile,✅,,✅,,➖,EnemyHostile,✅,,✅,,✅,,➖,EnemyHostile,✅,,➖,EnemyHostile,➖,EnemyHostile,➖,IsolyticDamage,➖,IsolyticDamage,1307730206,2343910766,243,Epic,,,,1,1,1,1,1,0.1,0.15,0.2,0.3,0.5,,
397,TOM PARIS,OA,VOYAGER,CritDamage,EnemyHostile,HitTaken,SelfShip,Add,num_rounds=1,"When you take damage from a non-Player hostile or Armada, Tom Paris increases your Critical Hit damage by X for 1 round. (cumulative). -- (Weapons with multiple shots will only trigger this ability once per attack.)",Increase your Critical Hit damage by X for 1 round when hit. (Cumulative),"1.0, 1.0, 1.0, 1.0, 1.0","0.05, 0.07, 0.1, 0.15, 0.25",FALSE,TRUE,➖,EnemyHostile,➖,EnemyHostile,✅,,✅,,➖,EnemyHostile,✅,,✅,,✅,,➖,EnemyHostile,✅,,➖,EnemyHostile,➖,EnemyHostile,➖,CritDamage,➖,CritDamage,2246984954,3849424588,245,Rare,,,,1,1,1,1,1,0.05,0.07,0.1,0.15,0.25,,
398,TOM PARIS,BDA,VOYAGER,AllDefenses,EnemyHostile,CombatStart,SelfShip,MultiplyBaseAdd,officer_stat=2,"At the start of combat against non-Player hostiles or Armadas, Tom Paris increases your Armor, Shield Deflection, and Dodge by X of Defense.","Increase your Armor, Shield Deflection, and Dodge by X of Defense at the start of combat.","1.0, 1.0, 1.0, 1.0, 1.0","2.0, 2.5, 3.0, 4.0, 5.0",FALSE,TRUE,➖,EnemyHostile,➖,EnemyHostile,✅,,✅,,➖,EnemyHostile,✅,,✅,,✅,,➖,EnemyHostile,✅,,➖,EnemyHostile,➖,EnemyHostile,➖,AllDefenses,➖,AllDefenses,3192273655,3849424588,245,Rare,,,,1,1,1,1,1,2,2.5,3,4,5,,
399,HARRY KIM,OA,VOYAGER,FactionPointsGain,,ShipLaunched,SelfShip,MultiplyAdd,,Harry Kim increases all positive Reputation gains by X.,Increases all positive Reputation gains by X.,"1.0, 1.0, 1.0, 1.0, 1.0","0.07, 0.1, 0.15, 0.2, 0.3",FALSE,TRUE,➖,FactionPointsGain,➖,FactionPointsGain,✴️,see description,➖,FactionPointsGain,➖,FactionPointsGain,➖,FactionPointsGain,✴️,see description,✴️,see description,➖,FactionPointsGain,➖,FactionPointsGain,➖,FactionPointsGain,➖,FactionPointsGain,✅,,➖,FactionPointsGain,3735747219,1458469333,244,Rare,,,FactionPointsGain,1,1,1,1,1,0.07,0.1,0.15,0.2,0.3,,
400,HARRY KIM,BDA,VOYAGER,AddState,EnemyHostile,RoundStart,SelfShip,MultiplyAdd,"num_rounds=1, state=8","At the start of a round, Harry Kim has a X chance to apply Morale to your ship for 1 round when fighting non-Player hostiles or Armadas.",X chance each round to apply Morale to your ship for 1 round when fighting non-Player hostiles or Armadas.,"0.1, 0.15, 0.3, 0.6, 1.0","1.0, 1.0, 1.0, 1.0, 1.0",TRUE,TRUE,➖,EnemyHostile,➖,EnemyHostile,✅,,✅,,➖,EnemyHostile,✅,,✅,,✅,,➖,EnemyHostile,✅,,➖,EnemyHostile,➖,EnemyHostile,➖,AddState,➖,AddState,568169426,1458469333,244,Rare,,,,0.1,0.15,0.3,0.6,1,1,1,1,1,1,,
401,CHAKOTAY,CM,VOYAGER,ShotsPerAttack,TargetIsArmada,CombatStart,SelfShip,MultiplyAdd,,Increases the number of shots of your ship's weapons by X versus Armadas. -- Chakotay receives full synergy bonuses from all Voyager officers regardless of class.,+X to shots vs Armadas.,"1.0, 1.0, 1.0","0.4, 0.3, 0.3",FALSE,TRUE,➖,TargetIsArmada,➖,TargetIsArmada,➖,TargetIsArmada,➖,TargetIsArmada,➖,TargetIsArmada,➖,TargetIsArmada,✅,,✅,,➖,TargetIsArmada,➖,TargetIsArmada,➖,TargetIsArmada,➖,TargetIsArmada,➖,ShotsPerAttack,➖,ShotsPerAttack,3134526441,3838190976,246,Epic,,,,1,1,1,,,0.4,0.3,0.3,,,,
402,CHAKOTAY,OA,VOYAGER,CritChance,TargetIsArmada,EnemyTakesHit,SelfShip,Add,num_rounds=2,Increases the Critical Hit Chance of your ship by X for 2 rounds each time you score a hit versus Armadas.,+X to Crit Chance for 2 rounds each time you score a hit vs Armadas.,"1.0, 1.0, 1.0, 1.0, 1.0","0.08, 0.12, 0.16, 0.22, 0.3",FALSE,TRUE,➖,TargetIsArmada,➖,TargetIsArmada,➖,TargetIsArmada,➖,TargetIsArmada,➖,TargetIsArmada,➖,TargetIsArmada,✅,,✅,,➖,TargetIsArmada,➖,TargetIsArmada,➖,TargetIsArmada,➖,TargetIsArmada,➖,CritChance,➖,CritChance,2858479175,3838190976,246,Epic,,,,1,1,1,1,1,0.08,0.12,0.16,0.22,0.3,,
403,TUVOK,OA,VOYAGER,ArtifactTokenLoot,,ShipLaunched,SelfShip,MultiplyAdd,,Increases the amount of Artifact Tokens gained from Formation Armadas by X.,+X to Artifact Tokens gained from Formation Armadas.,"1.0, 1.0, 1.0, 1.0, 1.0","0.8, 1.0, 1.3, 1.6, 2.0",FALSE,TRUE,➖,ArtifactTokenLoot,➖,ArtifactTokenLoot,➖,ArtifactTokenLoot,➖,ArtifactTokenLoot,➖,ArtifactTokenLoot,➖,ArtifactTokenLoot,➖,ArtifactTokenLoot,✴️,see description,➖,ArtifactTokenLoot,➖,ArtifactTokenLoot,➖,ArtifactTokenLoot,➖,ArtifactTokenLoot,✅,,➖,ArtifactTokenLoot,671418104,2120397875,247,Rare,,,ArtifactTokenLoot,1,1,1,1,1,0.8,1,1.3,1.6,2,,
404,TUVOK,BDA,VOYAGER,CargoCapacity,SelfHullVoyager,ShipLaunched,SelfShip,MultiplyAdd,,Increases your ship's Cargo Capacity by X of base if your ship is the U.S.S. Voyager.,+X to Cargo Capacity if on the U.S.S. Voyager.,"1.0, 1.0, 1.0, 1.0, 1.0","1.0, 1.5, 2.2, 3.0, 4.0",FALSE,TRUE,➖,CargoCapacity,➖,CargoCapacity,➖,CargoCapacity,➖,CargoCapacity,➖,CargoCapacity,➖,CargoCapacity,➖,CargoCapacity,➖,CargoCapacity,➖,CargoCapacity,➖,CargoCapacity,➖,CargoCapacity,➖,CargoCapacity,➖,CargoCapacity,✅,,32740695,2120397875,247,Rare,,,,1,1,1,1,1,1,1.5,2.2,3,4,,
405,SEVEN OF NINE,OA,VOYAGER,CritDamage,TargetIsArmada,CombatStart,SelfShip,Add,,Increases your ship's Critical Hit Damage by X versus Armadas.,+X to Crit Damage vs Armadas.,"1.0, 1.0, 1.0, 1.0, 1.0","0.8, 1.0, 1.3, 1.6, 2.0",FALSE,TRUE,➖,TargetIsArmada,➖,TargetIsArmada,➖,TargetIsArmada,➖,TargetIsArmada,➖,TargetIsArmada,➖,TargetIsArmada,✅,,✅,,➖,TargetIsArmada,➖,TargetIsArmada,➖,TargetIsArmada,➖,TargetIsArmada,➖,CritDamage,➖,CritDamage,2900232706,2037089464,248,Epic,,,,1,1,1,1,1,0.8,1,1.3,1.6,2,,
406,SEVEN OF NINE,BDA,VOYAGER,IsolyticDamage,EnemyPlayer,CombatStart,SelfShip,MultiplyAdd,,"Increases your ship's Isolytic Cascade by X versus players. -- Isolytic Cascade multiplies your total damage, including Isolytic Damage, and all research and other bonuses.",+X to Isolytic Cascade vs players.,"1.0, 1.0, 1.0, 1.0, 1.0","0.12, 0.18, 0.26, 0.36, 0.5",FALSE,TRUE,✅,,✅,,➖,EnemyPlayer,➖,EnemyPlayer,➖,EnemyPlayer,➖,EnemyPlayer,➖,EnemyPlayer,➖,EnemyPlayer,➖,EnemyPlayer,➖,EnemyPlayer,➖,EnemyPlayer,➖,EnemyPlayer,➖,IsolyticDamage,➖,IsolyticDamage,2632569419,2037089464,248,Epic,,,,1,1,1,1,1,0.12,0.18,0.26,0.36,0.5,,
407,NEELIX,OA,VOYAGER,VoyagerAsaCE,SelfHullVoyager,ShipLaunched,SelfShip,MultiplyAdd,,Increases the Cost Efficiency of your ship's active abilities by X when assigned to the U.S.S. Voyager.,+X to active ability Cost Efficiency while on the U.S.S. Voyager.,"1.0, 1.0, 1.0, 1.0, 1.0","0.4, 0.55, 0.75, 1.0, 1.3",FALSE,TRUE,➖,VoyagerAsaCE,➖,VoyagerAsaCE,➖,VoyagerAsaCE,➖,VoyagerAsaCE,➖,VoyagerAsaCE,➖,VoyagerAsaCE,➖,VoyagerAsaCE,➖,VoyagerAsaCE,➖,VoyagerAsaCE,➖,VoyagerAsaCE,➖,VoyagerAsaCE,➖,VoyagerAsaCE,➖,VoyagerAsaCE,✅,,236960987,497650232,249,Rare,,,,1,1,1,1,1,0.4,0.55,0.75,1,1.3,,
408,NEELIX,BDA,VOYAGER,AddState,"EnemyHostile, SelfOfficerTalNotOnBridge",RoundStart,EnemyShip,MultiplyAdd,"num_rounds=1, state=2",X chance each round to apply Burning for 1 round versus non-Player hostiles or Armadas. -- This ability does not trigger when Tal is assigned to the bridge of your ship,X chance each round to apply Burning for 1 round versus non-Player hostiles or Armada.,"0.1, 0.15, 0.3, 0.6, 1.0","1.0, 1.0, 1.0, 1.0, 1.0",TRUE,TRUE,➖,"EnemyHostile, SelfOfficerTalNotOnBridge",➖,"EnemyHostile, SelfOfficerTalNotOnBridge",✴️,SelfOfficerTalNotOnBridge,✴️,SelfOfficerTalNotOnBridge,➖,"EnemyHostile, SelfOfficerTalNotOnBridge",✴️,SelfOfficerTalNotOnBridge,✴️,SelfOfficerTalNotOnBridge,✴️,SelfOfficerTalNotOnBridge,➖,"EnemyHostile, SelfOfficerTalNotOnBridge",✴️,SelfOfficerTalNotOnBridge,➖,"EnemyHostile, SelfOfficerTalNotOnBridge",➖,"EnemyHostile, SelfOfficerTalNotOnBridge",➖,AddState,➖,AddState,1091333371,497650232,249,Rare,,,SelfOfficerTalNotOnBridge,0.1,0.15,0.3,0.6,1,1,1,1,1,1,,
409,CAROL FREEMAN,CM,LOWER DECKS CREW,ShotsPerAttack,EnemyPlayer,CombatStart,SelfShip,MultiplyAdd,,"On combat start against players, Carol Freeman increases your shots by X.","On combat start against players, increase shots by X.","1.0, 1.0, 1.0","1.0, 0.01, 0.05",FALSE,TRUE,✅,,✅,,➖,EnemyPlayer,➖,EnemyPlayer,➖,EnemyPlayer,➖,EnemyPlayer,➖,EnemyPlayer,➖,EnemyPlayer,➖,EnemyPlayer,➖,EnemyPlayer,➖,EnemyPlayer,➖,EnemyPlayer,➖,ShotsPerAttack,➖,ShotsPerAttack,1950989344,1116563882,251,Epic,,,,1,1,1,,,1,0.01,0.05,,,,
410,CAROL FREEMAN,OA,LOWER DECKS CREW,IsolyticDamage,"EnemyPlayer, TargetStateAny",RoundStart,SelfShip,MultiplyAdd,num_rounds=1,"On round start, if the enemy player has any state, Carol Freeman increases your Isolytic Cascade damage by X for 1 round. -- Isolytic Cascade multiplies your total damage, including Isolytic Damage, and all research and other bonuses. -- States: Morale, Burning, Hull Breach, Assimilated","On round start, if the enemy player has any state, increase your Isolytic Cascade damage by X.","1.0, 1.0, 1.0, 1.0, 1.0","0.6, 0.75, 0.9, 1.1, 1.3",FALSE,TRUE,✴️,TargetStateAny,✴️,TargetStateAny,➖,"EnemyPlayer, TargetStateAny",➖,"EnemyPlayer, TargetStateAny",➖,"EnemyPlayer, TargetStateAny",➖,"EnemyPlayer, TargetStateAny",➖,"EnemyPlayer, TargetStateAny",➖,"EnemyPlayer, TargetStateAny",➖,"EnemyPlayer, TargetStateAny",➖,"EnemyPlayer, TargetStateAny",➖,"EnemyPlayer, TargetStateAny",➖,"EnemyPlayer, TargetStateAny",➖,IsolyticDamage,➖,IsolyticDamage,4131039971,1116563882,251,Epic,,Any State,TargetStateAny,1,1,1,1,1,0.6,0.75,0.9,1.1,1.3,,
411,JACK RANSOM,OA,EXPLORER STRIKE TEAM,IsolyticDamage,"SelfExplorer, SelfHasMorale, EnemyPlayer",RoundStart,SelfShip,MultiplyAdd,num_rounds=1,"On round start, if on an Explorer with Morale, Jack Ransom increases your Isolytic Cascade damage by X for 1 round against players. -- Isolytic Cascade multiplies your total damage, including Isolytic Damage, and all research and other bonuses.","On an Explorer with Morale, Increase Isolytic Cascade damage by X for 1 round versus players.","1.0, 1.0, 1.0, 1.0, 1.0","0.6, 0.75, 0.9, 1.1, 1.3",FALSE,TRUE,✴️,"SelfExplorer, SelfHasMorale",✴️,"SelfExplorer, SelfHasMorale",➖,"SelfExplorer, SelfHasMorale, EnemyPlayer",➖,"SelfExplorer, SelfHasMorale, EnemyPlayer",➖,"SelfExplorer, SelfHasMorale, EnemyPlayer",➖,"SelfExplorer, SelfHasMorale, EnemyPlayer",➖,"SelfExplorer, SelfHasMorale, EnemyPlayer",➖,"SelfExplorer, SelfHasMorale, EnemyPlayer",➖,"SelfExplorer, SelfHasMorale, EnemyPlayer",➖,"SelfExplorer, SelfHasMorale, EnemyPlayer",➖,"SelfExplorer, SelfHasMorale, EnemyPlayer",➖,"SelfExplorer, SelfHasMorale, EnemyPlayer",➖,IsolyticDamage,➖,IsolyticDamage,2997969719,2852482387,253,Epic,Morale,,"SelfExplorer, SelfHasMorale",1,1,1,1,1,0.6,0.75,0.9,1.1,1.3,,
412,JACK RANSOM,BDA,EXPLORER STRIKE TEAM,IsolyticDefense,"SelfInterceptor, EnemyPlayer, TargetHasHullBreach",RoundStart,SelfShip,Add,num_rounds=1,"On round start, if on an Interceptor and enemy player has Hull Breach, Jack Ransom increases your Isolytic Defense by X for 1 round.",Increase your Isolytic Defense by X for 1 round on an Interceptor versus players with a Hull Breach.,"1.0, 1.0, 1.0, 1.0, 1.0","0.4, 0.5, 0.65, 0.85, 1.0",FALSE,TRUE,✴️,"SelfInterceptor, TargetHasHullBreach",✴️,"SelfInterceptor, TargetHasHullBreach",➖,"SelfInterceptor, EnemyPlayer, TargetHasHullBreach",➖,"SelfInterceptor, EnemyPlayer, TargetHasHullBreach",➖,"SelfInterceptor, EnemyPlayer, TargetHasHullBreach",➖,"SelfInterceptor, EnemyPlayer, TargetHasHullBreach",➖,"SelfInterceptor, EnemyPlayer, TargetHasHullBreach",➖,"SelfInterceptor, EnemyPlayer, TargetHasHullBreach",➖,"SelfInterceptor, EnemyPlayer, TargetHasHullBreach",➖,"SelfInterceptor, EnemyPlayer, TargetHasHullBreach",➖,"SelfInterceptor, EnemyPlayer, TargetHasHullBreach",➖,"SelfInterceptor, EnemyPlayer, TargetHasHullBreach",➖,IsolyticDefense,➖,IsolyticDefense,1458247623,2852482387,253,Epic,,Hull Breach,"SelfInterceptor, TargetHasHullBreach",1,1,1,1,1,0.4,0.5,0.65,0.85,1,,
413,ANDY BILLUPS,OA,INTERCEPTOR STRIKE TEAM,IsolyticDamage,"SelfInterceptor, EnemyPlayer, TargetHasHullBreach",RoundStart,SelfShip,MultiplyAdd,num_rounds=1,"On round start, if on an Interceptor and enemy player has Hull Breach, Andy Billups increases your Isolytic Cascade damage by X for 1 round. -- Isolytic Cascade multiplies your total damage, including Isolytic Damage, and all research and other bonuses.",Increase Isolytic Cascade damage by X for 1 round on an Interceptor versus players with a Hull Breach.,"1.0, 1.0, 1.0, 1.0, 1.0","0.6, 0.75, 0.9, 1.1, 1.3",FALSE,TRUE,✴️,"SelfInterceptor, TargetHasHullBreach",✴️,"SelfInterceptor, TargetHasHullBreach",➖,"SelfInterceptor, EnemyPlayer, TargetHasHullBreach",➖,"SelfInterceptor, EnemyPlayer, TargetHasHullBreach",➖,"SelfInterceptor, EnemyPlayer, TargetHasHullBreach",➖,"SelfInterceptor, EnemyPlayer, TargetHasHullBreach",➖,"SelfInterceptor, EnemyPlayer, TargetHasHullBreach",➖,"SelfInterceptor, EnemyPlayer, TargetHasHullBreach",➖,"SelfInterceptor, EnemyPlayer, TargetHasHullBreach",➖,"SelfInterceptor, EnemyPlayer, TargetHasHullBreach",➖,"SelfInterceptor, EnemyPlayer, TargetHasHullBreach",➖,"SelfInterceptor, EnemyPlayer, TargetHasHullBreach",➖,IsolyticDamage,➖,IsolyticDamage,2795968688,3458822900,252,Epic,,Hull Breach,"SelfInterceptor, TargetHasHullBreach",1,1,1,1,1,0.6,0.75,0.9,1.1,1.3,,
414,ANDY BILLUPS,BDA,INTERCEPTOR STRIKE TEAM,IsolyticDefense,"SelfBattleship, EnemyPlayer, TargetHasBurning",RoundStart,SelfShip,Add,num_rounds=1,"On round start, if on a Battleship and enemy player has Burning, Andy Billups increases your Isolytic Defense by X for 1 round.",Increase Isolytic Defense by X for 1 round on a Battleship versus players with Burning.,"1.0, 1.0, 1.0, 1.0, 1.0","0.4, 0.5, 0.65, 0.85, 1.0",FALSE,TRUE,✴️,"SelfBattleship, TargetHasBurning",✴️,"SelfBattleship, TargetHasBurning",➖,"SelfBattleship, EnemyPlayer, TargetHasBurning",➖,"SelfBattleship, EnemyPlayer, TargetHasBurning",➖,"SelfBattleship, EnemyPlayer, TargetHasBurning",➖,"SelfBattleship, EnemyPlayer, TargetHasBurning",➖,"SelfBattleship, EnemyPlayer, TargetHasBurning",➖,"SelfBattleship, EnemyPlayer, TargetHasBurning",➖,"SelfBattleship, EnemyPlayer, TargetHasBurning",➖,"SelfBattleship, EnemyPlayer, TargetHasBurning",➖,"SelfBattleship, EnemyPlayer, TargetHasBurning",➖,"SelfBattleship, EnemyPlayer, TargetHasBurning",➖,IsolyticDefense,➖,IsolyticDefense,3479467907,3458822900,252,Epic,,Burning,"SelfBattleship, TargetHasBurning",1,1,1,1,1,0.4,0.5,0.65,0.85,1,,
415,SHAXS,OA,BATTLESHIP STRIKE TEAM,IsolyticDamage,"SelfBattleship, EnemyPlayer, TargetHasBurning",RoundStart,SelfShip,MultiplyAdd,num_rounds=1,"On round start, if on a Battleship and enemy player has Burning, Shaxs increases your Isolytic Cascade damage by X for 1 round. -- Isolytic Cascade multiplies your total damage, including Isolytic Damage, and all research and other bonuses.",Increase Isolytic Cascade damage by X for 1 round on a Battleship versus players with Burning.,"1.0, 1.0, 1.0, 1.0, 1.0","0.6, 0.75, 0.9, 1.1, 1.3",FALSE,TRUE,✴️,"SelfBattleship, TargetHasBurning",✴️,"SelfBattleship, TargetHasBurning",➖,"SelfBattleship, EnemyPlayer, TargetHasBurning",➖,"SelfBattleship, EnemyPlayer, TargetHasBurning",➖,"SelfBattleship, EnemyPlayer, TargetHasBurning",➖,"SelfBattleship, EnemyPlayer, TargetHasBurning",➖,"SelfBattleship, EnemyPlayer, TargetHasBurning",➖,"SelfBattleship, EnemyPlayer, TargetHasBurning",➖,"SelfBattleship, EnemyPlayer, TargetHasBurning",➖,"SelfBattleship, EnemyPlayer, TargetHasBurning",➖,"SelfBattleship, EnemyPlayer, TargetHasBurning",➖,"SelfBattleship, EnemyPlayer, TargetHasBurning",➖,IsolyticDamage,➖,IsolyticDamage,3055093161,4151676212,254,Epic,,Burning,"SelfBattleship, TargetHasBurning",1,1,1,1,1,0.6,0.75,0.9,1.1,1.3,,
416,SHAXS,BDA,BATTLESHIP STRIKE TEAM,IsolyticDefense,"SelfExplorer, SelfHasMorale, EnemyPlayer",RoundStart,SelfShip,Add,num_rounds=1,"On round start, if on an Explorer with Morale, Shaxs increases your Isolytic Defense by X for 1 round against players.","On an Explorer with Morale, increase your Isolytic Defense by X for 1 round versus players.","1.0, 1.0, 1.0, 1.0, 1.0","0.4, 0.5, 0.65, 0.85, 1.0",FALSE,TRUE,✴️,"SelfExplorer, SelfHasMorale",✴️,"SelfExplorer, SelfHasMorale",➖,"SelfExplorer, SelfHasMorale, EnemyPlayer",➖,"SelfExplorer, SelfHasMorale, EnemyPlayer",➖,"SelfExplorer, SelfHasMorale, EnemyPlayer",➖,"SelfExplorer, SelfHasMorale, EnemyPlayer",➖,"SelfExplorer, SelfHasMorale, EnemyPlayer",➖,"SelfExplorer, SelfHasMorale, EnemyPlayer",➖,"SelfExplorer, SelfHasMorale, EnemyPlayer",➖,"SelfExplorer, SelfHasMorale, EnemyPlayer",➖,"SelfExplorer, SelfHasMorale, EnemyPlayer",➖,"SelfExplorer, SelfHasMorale, EnemyPlayer",➖,IsolyticDefense,➖,IsolyticDefense,2855453718,4151676212,254,Epic,Morale,,"SelfExplorer, SelfHasMorale",1,1,1,1,1,0.4,0.5,0.65,0.85,1,,
417,DOCTOR T'ANA,OA,LOWER DECKS CREW,AddRandomState,EnemyPlayer,RoundStart,EnemyShip,Set,"multi_state=[8, 4, 2], num_rounds=3","On round start, Dr. T'Ana has X chance to apply a random State to the enemy player's ship for 3 rounds. -- Random States: Morale, Burning, Hull Breach",X chance to apply a random State to a player's ship for 3 rounds.,"0.4, 0.45, 0.55, 0.75, 1.0","1.0, 1.0, 1.0, 1.0, 1.0",TRUE,TRUE,✅,,✅,,➖,EnemyPlayer,➖,EnemyPlayer,➖,EnemyPlayer,➖,EnemyPlayer,➖,EnemyPlayer,➖,EnemyPlayer,➖,EnemyPlayer,➖,EnemyPlayer,➖,EnemyPlayer,➖,EnemyPlayer,➖,AddRandomState,➖,AddRandomState,1275347566,3013113875,255,Epic,,,,0.4,0.45,0.55,0.75,1,1,1,1,1,1,,
418,DOCTOR T'ANA,BDA,LOWER DECKS CREW,IsolyticDefense,EnemyPlayer,RoundStart,SelfShip,Add,num_rounds=1,"On round start against players, Dr. T'Ana increases your Isolytic Defense by X for 1 round.",Increase Isolytic Defense against players by X for 1 round.,"1.0, 1.0, 1.0, 1.0, 1.0","0.5, 0.8, 1.2, 1.8, 2.5",FALSE,TRUE,✅,,✅,,➖,EnemyPlayer,➖,EnemyPlayer,➖,EnemyPlayer,➖,EnemyPlayer,➖,EnemyPlayer,➖,EnemyPlayer,➖,EnemyPlayer,➖,EnemyPlayer,➖,EnemyPlayer,➖,EnemyPlayer,➖,IsolyticDefense,➖,IsolyticDefense,1166803,3013113875,255,Epic,,,,1,1,1,1,1,0.5,0.8,1.2,1.8,2.5,,
419,ALONZO FREEMAN,OA,LOWER DECKS CREW,CargoCapacity,,ShipLaunched,SelfShip,MultiplyAdd,,Alonzo Freeman increases the Cargo size of the ship by X.,Increase the Cargo size of the ship by X.,"1.0, 1.0, 1.0, 1.0, 1.0","0.2, 0.35, 0.4, 0.45, 0.55",FALSE,TRUE,➖,CargoCapacity,➖,CargoCapacity,➖,CargoCapacity,➖,CargoCapacity,➖,CargoCapacity,➖,CargoCapacity,➖,CargoCapacity,➖,CargoCapacity,➖,CargoCapacity,➖,CargoCapacity,➖,CargoCapacity,➖,CargoCapacity,➖,CargoCapacity,✅,,1928045499,3423547423,256,Rare,,,,1,1,1,1,1,0.2,0.35,0.4,0.45,0.55,,
420,ALONZO FREEMAN,BDA,LOWER DECKS CREW,FactionPointsGain,,ShipLaunched,SelfShip,MultiplyAdd,,"Alonzo Freeman increases the base amount of positive Federation, Romulan and Klingon reputation gained from defeating hostiles by X.",Increases all positive FKR reputation by X.,"1.0, 1.0, 1.0, 1.0, 1.0","0.1, 0.2, 0.3, 0.4, 0.5",FALSE,TRUE,➖,FactionPointsGain,➖,FactionPointsGain,✴️,see description,➖,FactionPointsGain,➖,FactionPointsGain,➖,FactionPointsGain,✴️,see description,✴️,see description,➖,FactionPointsGain,➖,FactionPointsGain,➖,FactionPointsGain,➖,FactionPointsGain,✅,,➖,FactionPointsGain,2910275817,3423547423,256,Rare,,,FactionPointsGain,1,1,1,1,1,0.1,0.2,0.3,0.4,0.5,,
421,ENT-E PICARD,CM,ENTERPRISE-E,CombatPveRewards,,ShipLaunched,SelfShip,MultiplyAdd,,"Increases the rewards gained from Hostiles, Armadas and Outposts by X of base.","+X to rewards gained from Hostiles, Armadas and Outposts.","1.0, 1.0, 1.0","0.6, 0.2, 0.4",FALSE,TRUE,➖,CombatPveRewards,➖,CombatPveRewards,✅,,➖,CombatPveRewards,➖,CombatPveRewards,➖,CombatPveRewards,✅,,✅,,➖,CombatPveRewards,✅,,✅,,✅,,✅,,➖,CombatPveRewards,3330196976,2852124874,257,Epic,,,,1,1,1,,,0.6,0.2,0.4,,,,
422,ENT-E PICARD,OA,ENTERPRISE-E,IsolyticDamage,"EnemyHostile, TargetNotArmada",EnemyTakesHit,SelfShip,MultiplyAdd,num_rounds=3,"Increases Isolytic Cascade Damage by X for 3 rounds each time you hit a non-Armada Hostile (once per weapon). -- Isolytic Cascade multiplies your total damage, including Isolytic Damage, and all research and other bonuses.",+X to Isolytic Cascade Damage for 3 rounds after hitting a non-Armada Hostile.,"1.0, 1.0, 1.0, 1.0, 1.0","0.03, 0.05, 0.07, 0.1, 0.15",FALSE,TRUE,➖,EnemyHostile,➖,EnemyHostile,✅,,✅,,➖,EnemyHostile,✅,,➖,TargetNotArmada,➖,TargetNotArmada,➖,EnemyHostile,➖,TargetNotArmada,➖,EnemyHostile,➖,EnemyHostile,➖,IsolyticDamage,➖,IsolyticDamage,2171230488,2852124874,257,Epic,,,,1,1,1,1,1,0.03,0.05,0.07,0.1,0.15,,
423,ENT-E DATA,BDA,ENTERPRISE-E,CargoCapacity,,ShipLaunched,SelfShip,MultiplyAdd,,Increases your ship’s Max Cargo by X of base.,+X to Max Cargo.,"1.0, 1.0, 1.0, 1.0, 1.0","0.2, 0.3, 0.4, 0.55, 0.7",FALSE,TRUE,➖,CargoCapacity,➖,CargoCapacity,➖,CargoCapacity,➖,CargoCapacity,➖,CargoCapacity,➖,CargoCapacity,➖,CargoCapacity,➖,CargoCapacity,➖,CargoCapacity,➖,CargoCapacity,➖,CargoCapacity,➖,CargoCapacity,➖,CargoCapacity,✅,,1868996366,2397371699,258,Rare,,,,1,1,1,1,1,0.2,0.3,0.4,0.55,0.7,,
424,ENT-E DATA,OA,ENTERPRISE-E,IsolyticDamage,"EnemyHostile, TargetNotArmada",CombatStart,SelfShip,MultiplyAdd,,"Increases Isolytic Cascade Damage by X versus non-Armada Hostiles -- Isolytic Cascade multiplies your total damage, including Isolytic Damage, and all research and other bonuses.",+X to Isolytic Cascade Damage vs non-Armada Hostiles,"1.0, 1.0, 1.0, 1.0, 1.0","0.1, 0.15, 0.2, 0.3, 0.4",FALSE,TRUE,➖,EnemyHostile,➖,EnemyHostile,✅,,✅,,➖,EnemyHostile,✅,,➖,TargetNotArmada,➖,TargetNotArmada,➖,EnemyHostile,➖,TargetNotArmada,➖,EnemyHostile,➖,EnemyHostile,➖,IsolyticDamage,➖,IsolyticDamage,1705525993,2397371699,258,Rare,,,,1,1,1,1,1,0.1,0.15,0.2,0.3,0.4,,
425,ENT-E RIKER,CM,ENTERPRISE-E,ImpulseSpeed,,ShipLaunched,SelfShip,MultiplyAdd,,Increases your ship’s base Impulse Speed by X.,+X to Impulse Speed.,"1.0, 1.0, 1.0","0.5, 0.05, 0.1",FALSE,TRUE,➖,ImpulseSpeed,➖,ImpulseSpeed,➖,ImpulseSpeed,➖,ImpulseSpeed,➖,ImpulseSpeed,➖,ImpulseSpeed,➖,ImpulseSpeed,➖,ImpulseSpeed,➖,ImpulseSpeed,➖,ImpulseSpeed,➖,ImpulseSpeed,➖,ImpulseSpeed,➖,ImpulseSpeed,✅,,1295176865,1449938138,259,Epic,,,,1,1,1,,,0.5,0.05,0.1,,,,
426,ENT-E RIKER,OA,ENTERPRISE-E,CritChance,,EnemyTakesHit,SelfShip,Add,num_rounds=4,Increases Critical Hit Chance by X for 4 rounds each time you score a hit (Once per weapon).,+X to Crit Chance for 4 rounds each time you score a hit.,"1.0, 1.0, 1.0, 1.0, 1.0","0.02, 0.04, 0.06, 0.08, 0.1",FALSE,TRUE,✅,,✅,,✅,,✅,,✅,,✅,,✅,,✅,,✅,,✅,,✅,,✅,,➖,CritChance,➖,CritChance,2481912459,1449938138,259,Epic,,,,1,1,1,1,1,0.02,0.04,0.06,0.08,0.1,,
427,ENT-E TROI,OA,ENTERPRISE-E,ShieldHPRepair,"EnemyHostile, TargetNotArmada",RoundStart,EnemyShip,MultiplyBaseSub,officer_stat=1,Reduces the opponent’s Shield Health by X of total Officer Attack at the beginning of each round versus non-Armada Hostiles.,-X of Attack to the opponent's Shield Health each round vs non-Armada Hostiles.,"1.0, 1.0, 1.0, 1.0, 1.0","4.0, 6.0, 8.0, 12.0, 16.0",FALSE,TRUE,➖,EnemyHostile,➖,EnemyHostile,✅,,✅,,➖,EnemyHostile,✅,,➖,TargetNotArmada,➖,TargetNotArmada,➖,EnemyHostile,➖,TargetNotArmada,➖,EnemyHostile,➖,EnemyHostile,➖,ShieldHPRepair,➖,ShieldHPRepair,2298455942,507415640,260,Rare,,,,1,1,1,1,1,4,6,8,12,16,,
428,ENT-E TROI,BDA,ENTERPRISE-E,CritDamage,EnemyHostile,CombatStart,SelfShip,Add,,Increases Critical Hit Damage by X versus Armadas and Hostiles.,+X to Critical Hit Damage vs Armadas and Hostiles.,"1.0, 1.0, 1.0, 1.0, 1.0","0.2, 0.3, 0.45, 0.65, 0.9",FALSE,TRUE,➖,EnemyHostile,➖,EnemyHostile,✅,,✅,,➖,EnemyHostile,✅,,✅,,✅,,➖,EnemyHostile,✅,,➖,EnemyHostile,➖,EnemyHostile,➖,CritDamage,➖,CritDamage,548555080,507415640,260,Rare,,,,1,1,1,1,1,0.2,0.3,0.45,0.65,0.9,,
429,TRIP TUCKER,OA,ENTERPRISE NX-01,CritDamage,"TargetNotArmada, TargetNotASB",HitTaken,EnemyAllShips,Sub,num_rounds=2,"When you take damage from a hostile or another player, Trip Tucker decreases your opponent's critical damage by X for 2 rounds. (This ability can stack) (Does not trigger at Armadas or Assaults) (Weapons with multiple shots will only trigger this ability once per attack)",Decreases your opponent's critical damage by X for 2 rounds when hit.,"1.0, 1.0, 1.0, 1.0, 1.0","0.5, 0.8, 1.2, 1.8, 2.5",FALSE,TRUE,✅,,✅,,✅,,✅,,✅,,✅,,➖,TargetNotArmada,➖,TargetNotArmada,➖,TargetNotASB,➖,TargetNotArmada,✅,,✅,,➖,CritDamage,➖,CritDamage,1036449255,1903302017,262,Epic,,,,1,1,1,1,1,0.5,0.8,1.2,1.8,2.5,,
430,TRIP TUCKER,BDA,ENTERPRISE NX-01,HirogenRelicAndBiotoxinLoot,,ShipLaunched,SelfShip,MultiplyAdd,,Increases the amount of resources you get from destroying Hirogen and Species 8472 hostiles by X.,+X to resources dropped by Hirogen and Species 8472 hostiles.,"1.0, 1.0, 1.0, 1.0, 1.0","0.3, 0.6, 0.8, 1.0, 1.5",FALSE,TRUE,➖,HirogenRelicAndBiotoxinLoot,➖,HirogenRelicAndBiotoxinLoot,✴️,see description,➖,HirogenRelicAndBiotoxinLoot,➖,HirogenRelicAndBiotoxinLoot,➖,HirogenRelicAndBiotoxinLoot,➖,HirogenRelicAndBiotoxinLoot,➖,HirogenRelicAndBiotoxinLoot,➖,HirogenRelicAndBiotoxinLoot,➖,HirogenRelicAndBiotoxinLoot,➖,HirogenRelicAndBiotoxinLoot,➖,HirogenRelicAndBiotoxinLoot,✅,,➖,HirogenRelicAndBiotoxinLoot,1226535821,1903302017,262,Epic,,,HirogenRelicAndBiotoxinLoot,1,1,1,1,1,0.3,0.6,0.8,1,1.5,,
431,T'POL,OA,ENTERPRISE NX-01,CargoProtection,,ShipLaunched,SelfShip,MultiplyAdd,,T'Pol increases Protected Cargo by X of base.,T'Pol increases Protected Cargo by X of base.,"1.0, 1.0, 1.0, 1.0, 1.0","0.7, 1.3, 2.0, 2.5, 3.5",FALSE,TRUE,➖,CargoProtection,➖,CargoProtection,➖,CargoProtection,➖,CargoProtection,➖,CargoProtection,➖,CargoProtection,➖,CargoProtection,➖,CargoProtection,➖,CargoProtection,➖,CargoProtection,➖,CargoProtection,➖,CargoProtection,➖,CargoProtection,✅,,3928724152,4114433540,261,Rare,,,,1,1,1,1,1,0.7,1.3,2,2.5,3.5,,
432,T'POL,BDA,ENTERPRISE NX-01,MiningRate,,ShipLaunched,SelfShip,MultiplyAdd,"resources=[1908242242, 84292608, 802509572, 2905009151, 3842158911, 1586478890]",T'Pol increases Ore mining speed by X of base.,T'Pol increases Ore mining speed by X of base.,"1.0, 1.0, 1.0, 1.0, 1.0","0.5, 1.0, 2.0, 3.0, 5.0",FALSE,TRUE,➖,MiningRate,➖,MiningRate,➖,MiningRate,➖,MiningRate,➖,MiningRate,➖,MiningRate,➖,MiningRate,➖,MiningRate,➖,MiningRate,➖,MiningRate,➖,MiningRate,➖,MiningRate,➖,MiningRate,✅,,2260526141,4114433540,261,Rare,,,,1,1,1,1,1,0.5,1,2,3,5,,
433,JONATHAN ARCHER,CM,ENTERPRISE NX-01,XindiHostileLoot,,ShipLaunched,SelfShip,MultiplyAdd,,Increases the amount of resources you get from destroying Xindi hostiles by X.,Increases the amount of resources you get from destroying Xindi hostiles by X.,"1.0, 1.0, 1.0","3.0, 0.5, 1.0",FALSE,TRUE,➖,XindiHostileLoot,➖,XindiHostileLoot,✴️,see description,➖,XindiHostileLoot,➖,XindiHostileLoot,➖,XindiHostileLoot,➖,XindiHostileLoot,➖,XindiHostileLoot,➖,XindiHostileLoot,➖,XindiHostileLoot,➖,XindiHostileLoot,➖,XindiHostileLoot,✅,,➖,XindiHostileLoot,450725998,2679776436,263,Epic,,,XindiHostileLoot,1,1,1,,,3,0.5,1,,,,
434,JONATHAN ARCHER,OA,ENTERPRISE NX-01,CritDamage,"TargetNotArmada, TargetNotASB",HitTaken,SelfShip,Add,num_rounds=2,"When you take damage from a hostile or another player, Jonathan Archer increases your Critical Hit damage by X (X at rank X) for 2 rounds. (This ability can stack) (Does not trigger at Armadas or Assaults) (Weapons with multiple shots will only trigger this ability once per attack)",Increase your Critical Hit damage by X for 2 rounds when hit. Effects are cumulative.,"1.0, 1.0, 1.0, 1.0, 1.0","0.05, 0.1, 0.2, 0.3, 0.5",FALSE,TRUE,✅,,✅,,✅,,✅,,✅,,✅,,➖,TargetNotArmada,➖,TargetNotArmada,➖,TargetNotASB,➖,TargetNotArmada,✅,,✅,,➖,CritDamage,➖,CritDamage,1001707675,2679776436,263,Epic,,,,1,1,1,1,1,0.05,0.1,0.2,0.3,0.5,,
435,SHRAN,OA,ENTERPRISE NX-01,WarpSpeed,,ShipLaunched,SelfShip,MultiplyAdd,,Shran increases base Warp Speed by X (X at rank X).,Shran increases base Warp Speed by X.,"1.0, 1.0, 1.0, 1.0, 1.0","0.6, 0.9, 1.2, 1.6, 2.0",FALSE,TRUE,➖,WarpSpeed,➖,WarpSpeed,➖,WarpSpeed,➖,WarpSpeed,➖,WarpSpeed,➖,WarpSpeed,➖,WarpSpeed,➖,WarpSpeed,➖,WarpSpeed,➖,WarpSpeed,➖,WarpSpeed,➖,WarpSpeed,➖,WarpSpeed,✅,,2449610397,3221659017,264,Rare,,,,1,1,1,1,1,0.6,0.9,1.2,1.6,2,,
436,SHRAN,BDA,ENTERPRISE NX-01,MiningRate,,ShipLaunched,SelfShip,MultiplyAdd,"resources=[1371898528, 680796905, 3735331456, 3598797204, 3739531165, 2285412015]",Shran increases Crystal mining speed by X (X at rank X) of base.,Shran increases Crystal mining speed by X of base.,"1.0, 1.0, 1.0, 1.0, 1.0","0.5, 1.0, 2.0, 3.0, 5.0",FALSE,TRUE,➖,MiningRate,➖,MiningRate,➖,MiningRate,➖,MiningRate,➖,MiningRate,➖,MiningRate,➖,MiningRate,➖,MiningRate,➖,MiningRate,➖,MiningRate,➖,MiningRate,➖,MiningRate,➖,MiningRate,✅,,1499364395,3221659017,264,Rare,,,,1,1,1,1,1,0.5,1,2,3,5,,
437,PIC HUGH,OA,EX-BORG,MiningReward,,ShipLaunched,SelfShip,MultiplyAdd,"resources=[1371898528, 680796905, 3735331456, 3598797204, 3739531165, 96209859, 1779416627, 2964093937, 1349464922, 2002611017, 1908242242, 84292608, 802509572, 2905009151, 3842158911, 1586478890, 296474010, 2285412015]","Increase the amount of raw Ore, Crystal and Gas collected while mining with any ship by an extra X (X at rank X), without draining the mining node faster.","Increase the amount of raw Ore, Crystal or Gas mined by an extra X, without draining the mining node faster.","1.0, 1.0, 1.0, 1.0, 1.0","0.05, 0.07, 0.1, 0.15, 0.25",FALSE,TRUE,➖,MiningReward,➖,MiningReward,➖,MiningReward,➖,MiningReward,➖,MiningReward,➖,MiningReward,➖,MiningReward,➖,MiningReward,➖,MiningReward,➖,MiningReward,➖,MiningReward,➖,MiningReward,➖,MiningReward,✅,,744425105,182221633,267,Epic,,,,1,1,1,1,1,0.05,0.07,0.1,0.15,0.25,,
438,PIC HUGH,BDA,EX-BORG,HullRepair,,RoundEnd,SelfShip,MultiplyAdd,,At the beginning of each round of combat Hugh repairs X (X at rank X) of hull damage taken in the previous round of combat.,"On round start, repair +X of hull damage taken in the previous round of combat","1.0, 1.0, 1.0, 1.0, 1.0","0.05, 0.1, 0.15, 0.2, 0.35",FALSE,TRUE,✅,,✅,,✅,,✅,,✅,,✅,,✅,,✅,,✅,,✅,,✅,,✅,,➖,HullRepair,➖,HullRepair,2974230331,182221633,267,Epic,,,,1,1,1,1,1,0.05,0.1,0.15,0.2,0.35,,
439,HOSHI SATO,OA,ENTERPRISE NX-01,CargoCapacity,,ShipLaunched,SelfShip,MultiplyAdd,,Hoshi Sato increases the Cargo size of the ship by X (X at rank X) of base.,Increases the Cargo size of the ship by X of base.,"1.0, 1.0, 1.0, 1.0, 1.0","0.2, 0.3, 0.35, 0.45, 0.55",FALSE,TRUE,➖,CargoCapacity,➖,CargoCapacity,➖,CargoCapacity,➖,CargoCapacity,➖,CargoCapacity,➖,CargoCapacity,➖,CargoCapacity,➖,CargoCapacity,➖,CargoCapacity,➖,CargoCapacity,➖,CargoCapacity,➖,CargoCapacity,➖,CargoCapacity,✅,,3603994169,1039659244,266,Rare,,,,1,1,1,1,1,0.2,0.3,0.35,0.45,0.55,,
440,HOSHI SATO,BDA,ENTERPRISE NX-01,MiningRate,,ShipLaunched,SelfShip,MultiplyAdd,"resources=[96209859, 1779416627, 2964093937, 1349464922, 2002611017, 296474010]",Hoshi Sato increases Gas mining speed by X (X at rank X) of base.,Increases Gas mining speed by X of base.,"1.0, 1.0, 1.0, 1.0, 1.0","0.5, 1.0, 2.0, 3.0, 5.0",FALSE,TRUE,➖,MiningRate,➖,MiningRate,➖,MiningRate,➖,MiningRate,➖,MiningRate,➖,MiningRate,➖,MiningRate,➖,MiningRate,➖,MiningRate,➖,MiningRate,➖,MiningRate,➖,MiningRate,➖,MiningRate,✅,,2226051516,1039659244,266,Rare,,,,1,1,1,1,1,0.5,1,2,3,5,,
441,PHLOX,OA,ENTERPRISE NX-01,CritChance,"TargetNotPlayerStation, TargetNotArmada, TargetNotASB",CombatStart,EnemyShip,Sub,num_rounds=8,"On combat start against players and hostiles, Phlox reduces the opponent's Critical Hit Chance by X (X at rank X), for 8 rounds. (Does not trigger at Armadas, Assaults or Station Combat).","Reduces player and Hostile opponent's Critical Hit Chance by X, for 8 rounds.","1.0, 1.0, 1.0, 1.0, 1.0","0.45, 0.5, 0.6, 0.75, 1.0",FALSE,TRUE,✅,,➖,TargetNotPlayerStation,✅,,✅,,✅,,✅,,➖,TargetNotArmada,➖,TargetNotArmada,➖,TargetNotASB,➖,TargetNotArmada,✅,,✅,,➖,CritChance,➖,CritChance,457058544,1848943130,265,Epic,,,,1,1,1,1,1,0.45,0.5,0.6,0.75,1,,
442,PHLOX,BDA,ENTERPRISE NX-01,SkillCuttingBeamAbilityCost,,ShipLaunched,SelfShip,MultiplyAdd,,Phlox increases the efficiency of charging the Borg Cube's Cutting Beam by X (X at rank X),Phlox increases the efficiency of charging the Borg Cube's Cutting Beam by X,"1.0, 1.0, 1.0, 1.0, 1.0","0.2, 0.4, 0.6, 0.8, 1.0",FALSE,TRUE,✅,,✅,,✅,,✅,,✅,,✅,,✅,,✅,,✅,,✅,,✅,,✅,,➖,SkillCuttingBeamAbilityCost,➖,SkillCuttingBeamAbilityCost,1685560011,1848943130,265,Epic,,,,1,1,1,1,1,0.2,0.4,0.6,0.8,1,,
443,SNW M’BENGA,CM,STRANGE NEW WORLDS,AllDefenses,"EnemyHostile, TargetNotArmada",CombatStart,SelfShip,MultiplyBaseAdd,officer_stat=3,SNW M'Benga increases all mitigation stats by  X of Officer Health vs non-Armada Hostiles,Increases all mitigation stats by +X of Officer Health vs non-Armada Hostiles.,"1.0, 1.0, 1.0","15.0, 15.0, 25.0",FALSE,TRUE,➖,EnemyHostile,➖,EnemyHostile,✅,,✅,,➖,EnemyHostile,✅,,➖,TargetNotArmada,➖,TargetNotArmada,➖,EnemyHostile,➖,TargetNotArmada,➖,EnemyHostile,➖,EnemyHostile,➖,AllDefenses,➖,AllDefenses,2071759559,1532505261,268,Epic,,,,1,1,1,,,15,15,25,,,,
444,SNW M’BENGA,OA,STRANGE NEW WORLDS,ShieldHPRepair,"EnemyHostile, TargetNotArmada",RoundStart,SelfShip,MultiplyAdd,,SNW M'Benga increases SHP every round by X (X at rank X) vs non-Armada Hostiles,SNW M'Benga Increases SHP every round by X vs non-Armada Hostiles.,"1.0, 1.0, 1.0, 1.0, 1.0","0.02, 0.04, 0.06, 0.08, 0.15",FALSE,TRUE,➖,EnemyHostile,➖,EnemyHostile,✅,,✅,,➖,EnemyHostile,✅,,➖,TargetNotArmada,➖,TargetNotArmada,➖,EnemyHostile,➖,TargetNotArmada,➖,EnemyHostile,➖,EnemyHostile,➖,ShieldHPRepair,➖,ShieldHPRepair,3634862157,1532505261,268,Epic,,,,1,1,1,1,1,0.02,0.04,0.06,0.08,0.15,,
445,SNW NURSE CHAPEL,OA,STRANGE NEW WORLDS,GornHostileVolatileLoot,,ShipLaunched,SelfShip,MultiplyAdd,,Increases the amount of Volatile Isomatter you get from destroying Gorn Hunters by X (X at rank X),Increases the amount of Volatile Isomatter you get from destroying Gorn Hunters by X,"1.0, 1.0, 1.0, 1.0, 1.0","0.25, 0.5, 0.9, 1.4, 2.0",FALSE,TRUE,➖,GornHostileVolatileLoot,➖,GornHostileVolatileLoot,✴️,see description,➖,GornHostileVolatileLoot,➖,GornHostileVolatileLoot,➖,GornHostileVolatileLoot,➖,GornHostileVolatileLoot,➖,GornHostileVolatileLoot,➖,GornHostileVolatileLoot,➖,GornHostileVolatileLoot,➖,GornHostileVolatileLoot,➖,GornHostileVolatileLoot,✅,,➖,GornHostileVolatileLoot,1357755834,597303582,270,Rare,,,GornHostileVolatileLoot,1,1,1,1,1,0.25,0.5,0.9,1.4,2,,
446,SNW NURSE CHAPEL,BDA,STRANGE NEW WORLDS,IsolyticDamage,"EnemyHostile, TargetNotArmada",CombatStart,SelfShip,MultiplyAdd,,"At the start of combat, SNW Chapel increases Isolytic Cascade damage by X (X at rank X) vs non-Armada Hostiles. -- Isolytic Cascade multiplies your total damage, including Isolytic Damage, and all research and other bonuses.","At the start of combat, SNW Chapel increases Isolytic Cascade damage by X vs non-Armada Hostiles","1.0, 1.0, 1.0, 1.0, 1.0","0.05, 0.1, 0.15, 0.25, 0.4",FALSE,TRUE,➖,EnemyHostile,➖,EnemyHostile,✅,,✅,,➖,EnemyHostile,✅,,➖,TargetNotArmada,➖,TargetNotArmada,➖,EnemyHostile,➖,TargetNotArmada,➖,EnemyHostile,➖,EnemyHostile,➖,IsolyticDamage,➖,IsolyticDamage,1664636088,597303582,270,Rare,,,,1,1,1,1,1,0.05,0.1,0.15,0.25,0.4,,
447,SNW SAM KIRK,CM,STRANGE NEW WORLDS,ShieldHPRepair,"EnemyHostile, TargetNotArmada",RoundStart,EnemyShip,MultiplySub,,SNW Sam Kirk reduces enemy SHP by X every round vs non-Armada Hostiles,SNW Sam Kirk reduces enemy SHP by X every round vs non-Armada Hostiles,"1.0, 1.0, 1.0","0.1, 0.05, 0.08",FALSE,TRUE,➖,EnemyHostile,➖,EnemyHostile,✅,,✅,,➖,EnemyHostile,✅,,➖,TargetNotArmada,➖,TargetNotArmada,➖,EnemyHostile,➖,TargetNotArmada,➖,EnemyHostile,➖,EnemyHostile,➖,ShieldHPRepair,➖,ShieldHPRepair,2861423610,1426126747,269,Epic,,,,1,1,1,,,0.1,0.05,0.08,,,,
448,SNW SAM KIRK,OA,STRANGE NEW WORLDS,CritDamage,"EnemyHostile, TargetNotArmada",CombatStart,SelfShip,Add,,SNW Sam Kirk increases Critical Damage by X (X at rank X) vs non-Armada Hostiles,SNW Sam Kirk increases Critical Damage by X vs non-Armada Hostiles,"1.0, 1.0, 1.0, 1.0, 1.0","0.4, 0.9, 1.5, 2.3, 3.5",FALSE,TRUE,➖,EnemyHostile,➖,EnemyHostile,✅,,✅,,➖,EnemyHostile,✅,,➖,TargetNotArmada,➖,TargetNotArmada,➖,EnemyHostile,➖,TargetNotArmada,➖,EnemyHostile,➖,EnemyHostile,➖,CritDamage,➖,CritDamage,2813724537,1426126747,269,Epic,,,,1,1,1,1,1,0.4,0.9,1.5,2.3,3.5,,
449,SNW JAMES KIRK,CM,STRANGE NEW WORLDS,ShieldMitigation,"EnemyHostile, TargetNotArmada",CombatStart,EnemyShip,MultiplySub,,SNW James Kirk reduces enemy Shield Mitigation by X vs non-Armada Hostiles,SNW James Kirk reduces enemy Shield Mitigation by X vs non-Armada Hostiles,"1.0, 1.0, 1.0","0.4, 0.15, 0.3",FALSE,TRUE,➖,EnemyHostile,➖,EnemyHostile,✅,,✅,,➖,EnemyHostile,✅,,➖,TargetNotArmada,➖,TargetNotArmada,➖,EnemyHostile,➖,TargetNotArmada,➖,EnemyHostile,➖,EnemyHostile,➖,ShieldMitigation,➖,ShieldMitigation,3157017944,3294474373,272,Epic,,,,1,1,1,,,0.4,0.15,0.3,,,,
450,SNW JAMES KIRK,OA,STRANGE NEW WORLDS,AllDamage,"EnemyHostile, TargetNotArmada",CombatStart,SelfShip,MultiplyAdd,,SNW James Kirk increases base Weapon Damage by X vs non-Armada Hostiles,SNW James Kirk increases base Weapon Damage by X vs non-Armada Hostiles,"1.0, 1.0, 1.0, 1.0, 1.0","2.0, 6.0, 12.0, 20.0, 35.0",FALSE,TRUE,➖,EnemyHostile,➖,EnemyHostile,✅,,✅,,➖,EnemyHostile,✅,,➖,TargetNotArmada,➖,TargetNotArmada,➖,EnemyHostile,➖,TargetNotArmada,➖,EnemyHostile,➖,EnemyHostile,➖,AllDamage,➖,AllDamage,495017292,3294474373,272,Epic,,,,1,1,1,1,1,2,6,12,20,35,,
451,SNW PELIA,OA,STRANGE NEW WORLDS,IsolyticDamage,"EnemyHostile, TargetNotArmada",CombatStart,EnemyShip,Sub,,SNW Pelia reduces Isolytic Damage received from non-Armada hostiles by X (X at rank X),SNW Pelia reduces Isolytic Damage received from non-Armada hostiles by X,"1.0, 1.0, 1.0, 1.0, 1.0","0.02, 0.05, 0.1, 0.15, 0.2",FALSE,TRUE,➖,EnemyHostile,➖,EnemyHostile,✅,,✅,,➖,EnemyHostile,✅,,➖,TargetNotArmada,➖,TargetNotArmada,➖,EnemyHostile,➖,TargetNotArmada,➖,EnemyHostile,➖,EnemyHostile,➖,IsolyticDamage,➖,IsolyticDamage,259537181,3936395808,271,Rare,,,,1,1,1,1,1,0.02,0.05,0.1,0.15,0.2,,
452,SNW PELIA,BDA,STRANGE NEW WORLDS,IsolyticDefense,,ShipLaunched,SelfShip,Add,,SNW Pelia increases Isolytic Defense by X (X at rank X),SNW Pelia increases Isolytic Defense by X,"1.0, 1.0, 1.0, 1.0, 1.0","0.1, 0.25, 0.45, 0.7, 1.0",FALSE,TRUE,✅,,✅,,✅,,✅,,✅,,✅,,✅,,✅,,✅,,✅,,✅,,✅,,➖,IsolyticDefense,➖,IsolyticDefense,506412383,3936395808,271,Rare,,,,1,1,1,1,1,0.1,0.25,0.45,0.7,1,,
453,MIRROR PICARD,CM,MIRROR UNIVERSE,IsolyticDamage,EnemyPlayer,RoundStart,SelfShip,MultiplyAdd,num_rounds=2,"On round start against players, Mirror Picard increases your Isolytic Cascade damage by X for 2 rounds. -- Isolytic Cascade multiplies your total damage, including Isolytic Damage, and all research and other bonuses.","On round start against players, Mirror Picard increases your Isolytic Cascade damage by X for 2 rounds.","1.0, 1.0, 1.0","0.5, 0.25, 0.5",FALSE,TRUE,✅,,✅,,➖,EnemyPlayer,➖,EnemyPlayer,➖,EnemyPlayer,➖,EnemyPlayer,➖,EnemyPlayer,➖,EnemyPlayer,➖,EnemyPlayer,➖,EnemyPlayer,➖,EnemyPlayer,➖,EnemyPlayer,➖,IsolyticDamage,➖,IsolyticDamage,366412629,3131537917,273,Epic,,,,1,1,1,,,0.5,0.25,0.5,,,,
454,MIRROR PICARD,OA,MIRROR UNIVERSE,ApexBarrier,"EnemyPlayer, TargetHasAssimilated, SelfOfficerTalNotOnBridge",RoundStart,SelfShip,Add,num_rounds=1,"On round start against players with Assimilate, Mirror Picard increases your Apex Barrier by X (X at rank X) for 1 round. -- This ability does not trigger when Tal is assigned to the bridge of your ship.","On round start against players with Assimilate, Mirror Picard increases your Apex Barrier by X for 1 round.","1.0, 1.0, 1.0, 1.0, 1.0","10000.0, 13000.0, 17000.0, 22000.0, 30000.0",FALSE,FALSE,✴️,"TargetHasAssimilated, SelfOfficerTalNotOnBridge",✴️,"TargetHasAssimilated, SelfOfficerTalNotOnBridge",➖,"EnemyPlayer, TargetHasAssimilated, SelfOfficerTalNotOnBridge",➖,"EnemyPlayer, TargetHasAssimilated, SelfOfficerTalNotOnBridge",➖,"EnemyPlayer, TargetHasAssimilated, SelfOfficerTalNotOnBridge",➖,"EnemyPlayer, TargetHasAssimilated, SelfOfficerTalNotOnBridge",➖,"EnemyPlayer, TargetHasAssimilated, SelfOfficerTalNotOnBridge",➖,"EnemyPlayer, TargetHasAssimilated, SelfOfficerTalNotOnBridge",➖,"EnemyPlayer, TargetHasAssimilated, SelfOfficerTalNotOnBridge",➖,"EnemyPlayer, TargetHasAssimilated, SelfOfficerTalNotOnBridge",➖,"EnemyPlayer, TargetHasAssimilated, SelfOfficerTalNotOnBridge",➖,"EnemyPlayer, TargetHasAssimilated, SelfOfficerTalNotOnBridge",➖,ApexBarrier,➖,ApexBarrier,967900180,3131537917,273,Epic,,Assimilated,"TargetHasAssimilated, SelfOfficerTalNotOnBridge",1,1,1,1,1,10000,13000,17000,22000,30000,,
455,MIRROR DATA,CM,MIRROR UNIVERSE,ApexBarrier,"EnemyPlayer, EnemyInterceptor, SelfOfficerTalNotOnBridge",CombatStart,SelfShip,Add,,"On combat start while against an Interceptor player, Mirror Data increases your Apex Barrier by X for the duration of combat. -- This ability does not trigger when Tal is assigned to the bridge of your ship.","On combat start while against an Interceptor player, Mirror Data increases your Apex Barrier by X for the duration of combat.","1.0, 1.0, 1.0","7500.0, 3500.0, 18750.0",FALSE,FALSE,✴️,"EnemyInterceptor, SelfOfficerTalNotOnBridge",✴️,"EnemyInterceptor, SelfOfficerTalNotOnBridge",➖,"EnemyPlayer, EnemyInterceptor, SelfOfficerTalNotOnBridge",➖,"EnemyPlayer, EnemyInterceptor, SelfOfficerTalNotOnBridge",➖,"EnemyPlayer, EnemyInterceptor, SelfOfficerTalNotOnBridge",➖,"EnemyPlayer, EnemyInterceptor, SelfOfficerTalNotOnBridge",➖,"EnemyPlayer, EnemyInterceptor, SelfOfficerTalNotOnBridge",➖,"EnemyPlayer, EnemyInterceptor, SelfOfficerTalNotOnBridge",➖,"EnemyPlayer, EnemyInterceptor, SelfOfficerTalNotOnBridge",➖,"EnemyPlayer, EnemyInterceptor, SelfOfficerTalNotOnBridge",➖,"EnemyPlayer, EnemyInterceptor, SelfOfficerTalNotOnBridge",➖,"EnemyPlayer, EnemyInterceptor, SelfOfficerTalNotOnBridge",➖,ApexBarrier,➖,ApexBarrier,1572759108,435759625,274,Rare,,,"EnemyInterceptor, SelfOfficerTalNotOnBridge",1,1,1,,,7500,3500,18750,,,,
456,MIRROR DATA,OA,MIRROR UNIVERSE,AddState,,RoundStart,EnemyShip,MultiplyAdd,"num_rounds=2, state=64","On round start against players, Mirror Data has X (X at rank X) chance to apply Assimilate to them for 2 rounds. -- While a ship is affected by the Assimilate state, Officer Abilities have their effectiveness reduced by 25%.","On round start against players, Mirror Data has X chance to apply Assimilate to them for 2 rounds.","0.45, 0.55, 0.65, 0.8, 1.0","1.0, 1.0, 1.0, 1.0, 1.0",TRUE,TRUE,✅,,✅,,✅,,✅,,✅,,✅,,✅,,✅,,✅,,✅,,✅,,✅,,➖,AddState,➖,AddState,3287853792,435759625,274,Rare,,,,0.45,0.55,0.65,0.8,1,1,1,1,1,1,,
457,MIRROR KIRA,CM,MIRROR UNIVERSE,ApexBarrier,"EnemyPlayer, SelfOfficerTalNotOnBridge",RoundStart,SelfShip,Add,num_rounds=5,"On round start against players, Mirror Kira increases your Apex Barrier by  X each round for 5 rounds (cumulative). -- Mirror Kira receives full synergy bonuses from all Mirror officers regardless of class. -- This ability does not trigger when Tal is assigned to the bridge of your ship.","On round start against players, Mirror Kira increases your Apex Barrier by X each round for 5 rounds (cumulative).","1.0, 1.0, 1.0","1500.0, 1500.0, 1500.0",FALSE,FALSE,✴️,SelfOfficerTalNotOnBridge,✴️,SelfOfficerTalNotOnBridge,➖,"EnemyPlayer, SelfOfficerTalNotOnBridge",➖,"EnemyPlayer, SelfOfficerTalNotOnBridge",➖,"EnemyPlayer, SelfOfficerTalNotOnBridge",➖,"EnemyPlayer, SelfOfficerTalNotOnBridge",➖,"EnemyPlayer, SelfOfficerTalNotOnBridge",➖,"EnemyPlayer, SelfOfficerTalNotOnBridge",➖,"EnemyPlayer, SelfOfficerTalNotOnBridge",➖,"EnemyPlayer, SelfOfficerTalNotOnBridge",➖,"EnemyPlayer, SelfOfficerTalNotOnBridge",➖,"EnemyPlayer, SelfOfficerTalNotOnBridge",➖,ApexBarrier,➖,ApexBarrier,3920164717,4235647200,275,Epic,,,SelfOfficerTalNotOnBridge,1,1,1,,,1500,1500,1500,,,,
458,MIRROR KIRA,OA,MIRROR UNIVERSE,ShotsPerAttack,"EnemyPlayer, TargetHasAssimilated",RoundStart,SelfShip,MultiplyAdd,num_rounds=5,"On round start against players with Assimilate, Mirror Kira increases your shots by X (X at rank X) each round for 5 rounds (cumulative).","On round start against players with Assimilate, Mirror Kira increases your shots by X each round for 5 rounds (cumulative).","1.0, 1.0, 1.0, 1.0, 1.0","0.15, 0.2, 0.25, 0.3, 0.4",FALSE,TRUE,✴️,TargetHasAssimilated,✴️,TargetHasAssimilated,➖,"EnemyPlayer, TargetHasAssimilated",➖,"EnemyPlayer, TargetHasAssimilated",➖,"EnemyPlayer, TargetHasAssimilated",➖,"EnemyPlayer, TargetHasAssimilated",➖,"EnemyPlayer, TargetHasAssimilated",➖,"EnemyPlayer, TargetHasAssimilated",➖,"EnemyPlayer, TargetHasAssimilated",➖,"EnemyPlayer, TargetHasAssimilated",➖,"EnemyPlayer, TargetHasAssimilated",➖,"EnemyPlayer, TargetHasAssimilated",➖,ShotsPerAttack,➖,ShotsPerAttack,4188648392,4235647200,275,Epic,,Assimilated,TargetHasAssimilated,1,1,1,1,1,0.15,0.2,0.25,0.3,0.4,,
459,MIRROR EZRI,CM,MIRROR UNIVERSE,ApexBarrier,"EnemyPlayer, EnemyBattleship, SelfOfficerTalNotOnBridge",CombatStart,SelfShip,Add,,On combat start while against a Battleship player: Mirror Ezri increases your Apex Barrier by X for the duration of combat. -- This ability does not trigger when Tal is assigned to the bridge of your ship.,On combat start while against a Battleship player: Mirror Ezri increases your Apex Barrier by X for the duration of combat.,"1.0, 1.0, 1.0","7500.0, 3500.0, 18750.0",FALSE,FALSE,✴️,"EnemyBattleship, SelfOfficerTalNotOnBridge",✴️,"EnemyBattleship, SelfOfficerTalNotOnBridge",➖,"EnemyPlayer, EnemyBattleship, SelfOfficerTalNotOnBridge",➖,"EnemyPlayer, EnemyBattleship, SelfOfficerTalNotOnBridge",➖,"EnemyPlayer, EnemyBattleship, SelfOfficerTalNotOnBridge",➖,"EnemyPlayer, EnemyBattleship, SelfOfficerTalNotOnBridge",➖,"EnemyPlayer, EnemyBattleship, SelfOfficerTalNotOnBridge",➖,"EnemyPlayer, EnemyBattleship, SelfOfficerTalNotOnBridge",➖,"EnemyPlayer, EnemyBattleship, SelfOfficerTalNotOnBridge",➖,"EnemyPlayer, EnemyBattleship, SelfOfficerTalNotOnBridge",➖,"EnemyPlayer, EnemyBattleship, SelfOfficerTalNotOnBridge",➖,"EnemyPlayer, EnemyBattleship, SelfOfficerTalNotOnBridge",➖,ApexBarrier,➖,ApexBarrier,3716400972,901426684,276,Rare,,,"EnemyBattleship, SelfOfficerTalNotOnBridge",1,1,1,,,7500,3500,18750,,,,
460,MIRROR EZRI,OA,MIRROR UNIVERSE,AllDamage,"ModuleKinetic, EnemyPlayer, TargetHasAssimilated",RoundStart,SelfShip,MultiplyAdd,num_rounds=1,"On round start against players with Assimilate, Mirror Ezri increases your Kinetic Weapon damage by X (X at rank X) for 1 round.","On round start against players with Assimilate, Mirror Ezri increases your Kinetic Weapon damage by X for 1 round.","1.0, 1.0, 1.0, 1.0, 1.0","4.5, 8.5, 15.0, 23.0, 35.0",FALSE,TRUE,✴️,"ModuleKinetic, TargetHasAssimilated",✴️,"ModuleKinetic, TargetHasAssimilated",➖,"ModuleKinetic, EnemyPlayer, TargetHasAssimilated",➖,"ModuleKinetic, EnemyPlayer, TargetHasAssimilated",➖,"ModuleKinetic, EnemyPlayer, TargetHasAssimilated",➖,"ModuleKinetic, EnemyPlayer, TargetHasAssimilated",➖,"ModuleKinetic, EnemyPlayer, TargetHasAssimilated",➖,"ModuleKinetic, EnemyPlayer, TargetHasAssimilated",➖,"ModuleKinetic, EnemyPlayer, TargetHasAssimilated",➖,"ModuleKinetic, EnemyPlayer, TargetHasAssimilated",➖,"ModuleKinetic, EnemyPlayer, TargetHasAssimilated",➖,"ModuleKinetic, EnemyPlayer, TargetHasAssimilated",➖,AllDamage,➖,AllDamage,1757704200,901426684,276,Rare,,Assimilated,"ModuleKinetic, TargetHasAssimilated",1,1,1,1,1,4.5,8.5,15,23,35,,
461,MIRROR TROI,CM,MIRROR UNIVERSE,ApexBarrier,"EnemyPlayer, EnemyExplorer, SelfOfficerTalNotOnBridge",CombatStart,SelfShip,Add,,On combat start while against an Explorer player: Mirror Troi increases your Apex Barrier by X for the duration of combat. -- This ability does not trigger when Tal is assigned to the bridge of your ship.,On combat start while against an Explorer player: Mirror Troi increases your Apex Barrier by X for the duration of combat.,"1.0, 1.0, 1.0","7500.0, 3500.0, 18750.0",FALSE,FALSE,✴️,"EnemyExplorer, SelfOfficerTalNotOnBridge",✴️,"EnemyExplorer, SelfOfficerTalNotOnBridge",➖,"EnemyPlayer, EnemyExplorer, SelfOfficerTalNotOnBridge",➖,"EnemyPlayer, EnemyExplorer, SelfOfficerTalNotOnBridge",➖,"EnemyPlayer, EnemyExplorer, SelfOfficerTalNotOnBridge",➖,"EnemyPlayer, EnemyExplorer, SelfOfficerTalNotOnBridge",➖,"EnemyPlayer, EnemyExplorer, SelfOfficerTalNotOnBridge",➖,"EnemyPlayer, EnemyExplorer, SelfOfficerTalNotOnBridge",➖,"EnemyPlayer, EnemyExplorer, SelfOfficerTalNotOnBridge",➖,"EnemyPlayer, EnemyExplorer, SelfOfficerTalNotOnBridge",➖,"EnemyPlayer, EnemyExplorer, SelfOfficerTalNotOnBridge",➖,"EnemyPlayer, EnemyExplorer, SelfOfficerTalNotOnBridge",➖,ApexBarrier,➖,ApexBarrier,3640946740,3598147546,277,Rare,,,"EnemyExplorer, SelfOfficerTalNotOnBridge",1,1,1,,,7500,3500,18750,,,,
462,MIRROR TROI,OA,MIRROR UNIVERSE,AllDamage,"EnemyPlayer, TargetHasAssimilated, ModuleEnergy",RoundStart,SelfShip,MultiplyAdd,num_rounds=1,"On round start against players with Assimilate, Mirror Troi increases your Energy Weapon damage by X (X at rank X) for 1 round.","On round start against players with Assimilate, Mirror Troi increases your Energy Weapon damage by X for 1 round.","1.0, 1.0, 1.0, 1.0, 1.0","4.5, 8.5, 15.0, 23.0, 35.0",FALSE,TRUE,✴️,"TargetHasAssimilated, ModuleEnergy",✴️,"TargetHasAssimilated, ModuleEnergy",➖,"EnemyPlayer, TargetHasAssimilated, ModuleEnergy",➖,"EnemyPlayer, TargetHasAssimilated, ModuleEnergy",➖,"EnemyPlayer, TargetHasAssimilated, ModuleEnergy",➖,"EnemyPlayer, TargetHasAssimilated, ModuleEnergy",➖,"EnemyPlayer, TargetHasAssimilated, ModuleEnergy",➖,"EnemyPlayer, TargetHasAssimilated, ModuleEnergy",➖,"EnemyPlayer, TargetHasAssimilated, ModuleEnergy",➖,"EnemyPlayer, TargetHasAssimilated, ModuleEnergy",➖,"EnemyPlayer, TargetHasAssimilated, ModuleEnergy",➖,"EnemyPlayer, TargetHasAssimilated, ModuleEnergy",➖,AllDamage,➖,AllDamage,2509758838,3598147546,277,Rare,,Assimilated,"TargetHasAssimilated, ModuleEnergy",1,1,1,1,1,4.5,8.5,15,23,35,,
463,LIEUTENANT PICARD,CM,NEXT GEN,ApexBarrier,"TargetMaxLevel, EnemyHostile, TargetNotArmada, SelfOfficerTalNotOnBridge",CombatStart,SelfShip,Add,max_level=35,"Lieutenant Picard increases your Apex Barrier by X vs non-Armada hostiles. -- With full Synergy, Lieutenant Picard provides 11,000 Apex Barrier which reduces the incoming damage by 55%. -- Works against Hostiles of level 35 and under. -- This ability does not trigger when Tal is assigned to the bridge of your ship.",Lieutenant Picard increases your Apex Barrier by X vs non-Armada hostiles.,"1.0, 1.0, 1.0","4000.0, 1000.0, 3500.0",FALSE,FALSE,➖,"EnemyHostile, SelfOfficerTalNotOnBridge",➖,"EnemyHostile, SelfOfficerTalNotOnBridge",✴️,"TargetMaxLevel, SelfOfficerTalNotOnBridge",✴️,"TargetMaxLevel, SelfOfficerTalNotOnBridge",➖,"EnemyHostile, SelfOfficerTalNotOnBridge",✴️,"TargetMaxLevel, SelfOfficerTalNotOnBridge",➖,TargetNotArmada,➖,TargetNotArmada,➖,"EnemyHostile, SelfOfficerTalNotOnBridge",➖,TargetNotArmada,➖,"EnemyHostile, SelfOfficerTalNotOnBridge",➖,"EnemyHostile, SelfOfficerTalNotOnBridge",➖,ApexBarrier,➖,ApexBarrier,1592757008,3643810820,278,Rare,,,"TargetMaxLevel, SelfOfficerTalNotOnBridge",1,1,1,,,4000,1000,3500,,,,
464,LIEUTENANT PICARD,OA,NEXT GEN,ShieldHPMax,,ShipLaunched,SelfShip,MultiplyAdd,,+X to the Shield Health,+X to the Shield Health,"1.0, 1.0, 1.0, 1.0, 1.0","0.1, 0.14, 0.18, 0.22, 0.28",FALSE,TRUE,✅,,✅,,✅,,✅,,✅,,✅,,✅,,✅,,✅,,✅,,✅,,✅,,➖,ShieldHPMax,➖,ShieldHPMax,3074253819,3643810820,278,Rare,,,,1,1,1,1,1,0.1,0.14,0.18,0.22,0.28,,
465,DEMARCO,OA,Galaxy Quest,IsolyticDamage,"TargetNotPlayerStation, TargetIsArmadaOrInvadingEntity, TargetNotASB",CombatStart,SelfShip,MultiplyAdd,,"Gwen DeMarco increases Isolytic Cascade damage against Armadas and Invading Entities by X (X at rank X) -- Isolytic Cascade multiplies your total damage, including Isolytic Damage, and all research and other bonuses.",Increases Isolytic Cascade damage against Armadas and Invading Entities by X,"1.0, 1.0, 1.0, 1.0, 1.0","0.7, 0.9, 1.1, 1.3, 1.5",FALSE,TRUE,➖,TargetIsArmadaOrInvadingEntity,➖,TargetNotPlayerStation,➖,TargetIsArmadaOrInvadingEntity,➖,TargetIsArmadaOrInvadingEntity,➖,TargetIsArmadaOrInvadingEntity,➖,TargetIsArmadaOrInvadingEntity,✅,,✅,,➖,TargetNotASB,✅,,➖,TargetIsArmadaOrInvadingEntity,➖,TargetIsArmadaOrInvadingEntity,➖,IsolyticDamage,➖,IsolyticDamage,2042216827,2339276935,281,Epic,,,,1,1,1,1,1,0.7,0.9,1.1,1.3,1.5,,
466,DEMARCO,BDA,Galaxy Quest,IsolyticDamage,"EnemyPlayer, TargetStateAny",RoundStart,SelfShip,MultiplyAdd,num_rounds=1,"Gwen DeMarco Increases Isolytic Cascade Damage in PvP when the enemy player has any state by  X (X at rank X) -- Isolytic Cascade multiplies your total damage, including Isolytic Damage, and all research and other bonuses.",Increases Isolytic Cascade Damage in PvP when the enemy player has any state by  X,"1.0, 1.0, 1.0, 1.0, 1.0","0.3, 0.4, 0.5, 0.65, 0.8",FALSE,TRUE,✴️,TargetStateAny,✴️,TargetStateAny,➖,"EnemyPlayer, TargetStateAny",➖,"EnemyPlayer, TargetStateAny",➖,"EnemyPlayer, TargetStateAny",➖,"EnemyPlayer, TargetStateAny",➖,"EnemyPlayer, TargetStateAny",➖,"EnemyPlayer, TargetStateAny",➖,"EnemyPlayer, TargetStateAny",➖,"EnemyPlayer, TargetStateAny",➖,"EnemyPlayer, TargetStateAny",➖,"EnemyPlayer, TargetStateAny",➖,IsolyticDamage,➖,IsolyticDamage,207443867,2339276935,281,Epic,,Any State,TargetStateAny,1,1,1,1,1,0.3,0.4,0.5,0.65,0.8,,
467,NESMITH,CM,Galaxy Quest,ShieldMitigation,TargetIsInvadingEntity,CombatStart,EnemyShip,MultiplySub,,Jason Nesmith decreases Invading Entities Shield Mitigation by  X,Decreases Invading Entities Shield Mitigation by  X,"1.0, 1.0, 1.0","0.3, 0.15, 0.15",FALSE,TRUE,➖,TargetIsInvadingEntity,➖,TargetIsInvadingEntity,➖,TargetIsInvadingEntity,➖,TargetIsInvadingEntity,➖,TargetIsInvadingEntity,➖,TargetIsInvadingEntity,➖,TargetIsInvadingEntity,➖,TargetIsInvadingEntity,➖,TargetIsInvadingEntity,✅,,➖,TargetIsInvadingEntity,➖,TargetIsInvadingEntity,➖,ShieldMitigation,➖,ShieldMitigation,3429780564,2785409233,279,Epic,,,,1,1,1,,,0.3,0.15,0.15,,,,
468,NESMITH,OA,Galaxy Quest,ApexBarrier,"EnemyHostile, TargetNotArmada, SelfOfficerTalNotOnBridge",CombatStart,SelfShip,Add,,Jason Nesmith increases your Apex Barrier by X (X at rank X) when fighting hostiles. -- This ability does not trigger when Tal is assigned to the bridge of your ship.,Increases your Apex Barrier by X  when fighting hostiles,"1.0, 1.0, 1.0, 1.0, 1.0","2000.0, 2500.0, 3200.0, 4000.0, 5000.0",FALSE,FALSE,➖,"EnemyHostile, SelfOfficerTalNotOnBridge",➖,"EnemyHostile, SelfOfficerTalNotOnBridge",✴️,SelfOfficerTalNotOnBridge,✴️,SelfOfficerTalNotOnBridge,➖,"EnemyHostile, SelfOfficerTalNotOnBridge",✴️,SelfOfficerTalNotOnBridge,➖,TargetNotArmada,➖,TargetNotArmada,➖,"EnemyHostile, SelfOfficerTalNotOnBridge",➖,TargetNotArmada,➖,"EnemyHostile, SelfOfficerTalNotOnBridge",➖,"EnemyHostile, SelfOfficerTalNotOnBridge",➖,ApexBarrier,➖,ApexBarrier,1139047840,2785409233,279,Epic,,,SelfOfficerTalNotOnBridge,1,1,1,1,1,2000,2500,3200,4000,5000,,
469,DANE,OA,Galaxy Quest,TrelliumRewards,SelfHullNseaProtector,ShipLaunched,SelfShip,MultiplyAdd,,Alexander Dane increases the amount of loot gained from defeating Mirror Universe Hostiles by X (X at rank X) when assigned to the NSEA Protector,Increases the amount of loot gained from defeating Mirror Universe Hostiles by X when assigned to the NSEA Protector,"1.0, 1.0, 1.0, 1.0, 1.0","1.0, 1.2, 1.4, 1.6, 2.0",FALSE,TRUE,➖,TrelliumRewards,➖,TrelliumRewards,✴️,see description,➖,TrelliumRewards,➖,TrelliumRewards,➖,TrelliumRewards,➖,TrelliumRewards,➖,TrelliumRewards,➖,TrelliumRewards,➖,TrelliumRewards,➖,TrelliumRewards,➖,TrelliumRewards,✅,,➖,TrelliumRewards,4037991534,3662189922,280,Rare,,,TrelliumRewards,1,1,1,1,1,1,1.2,1.4,1.6,2,,
470,DANE,BDA,Galaxy Quest,ImpulseSpeed,,ShipLaunched,SelfShip,Add,,Alexander Dane Increases your ship's base Impulse Speed by X (X at rank X).,Increases your ship's base Impulse Speed by X .,"1.0, 1.0, 1.0, 1.0, 1.0","20.0, 25.0, 35.0, 45.0, 60.0",FALSE,FALSE,➖,ImpulseSpeed,➖,ImpulseSpeed,➖,ImpulseSpeed,➖,ImpulseSpeed,➖,ImpulseSpeed,➖,ImpulseSpeed,➖,ImpulseSpeed,➖,ImpulseSpeed,➖,ImpulseSpeed,➖,ImpulseSpeed,➖,ImpulseSpeed,➖,ImpulseSpeed,➖,ImpulseSpeed,✅,,3611840689,3662189922,280,Rare,,,,1,1,1,1,1,20,25,35,45,60,,
471,LALIARI,OA,Galaxy Quest,Omega13Cooldown,SelfHullNseaProtector,ShipLaunched,SelfShip,Add,,Laliari decreases the cooldown of the NSEA Protectors Omega-13 Ability by X (X (8 minutes) at rank X),Decreases the cooldown of the NSEA Protectors Omega-13 Ability by X,"1.0, 1.0, 1.0, 1.0, 1.0","0.66, 1.0, 1.5, 2.35, 4.0",FALSE,TRUE,➖,Omega13Cooldown,➖,Omega13Cooldown,➖,Omega13Cooldown,➖,Omega13Cooldown,➖,Omega13Cooldown,➖,Omega13Cooldown,➖,Omega13Cooldown,➖,Omega13Cooldown,➖,Omega13Cooldown,➖,Omega13Cooldown,➖,Omega13Cooldown,➖,Omega13Cooldown,➖,Omega13Cooldown,✅,,935161406,2729881938,288,Rare,,,,1,1,1,1,1,0.66,1,1.5,2.35,4,,
472,LALIARI,BDA,Galaxy Quest,ApexBarrier,"SelfAtWaveDefenseChallenge, SelfOfficerTalNotOnBridge",CombatStart,SelfShip,Add,,Laliari increases the Apex Barrier by X (X at rank X) when in Wave Defense. -- This ability does not trigger when Tal is assigned to the bridge of your ship.,increases the Apex Barrier by X  when in Wave Defense,"1.0, 1.0, 1.0, 1.0, 1.0","1000.0, 1500.0, 2000.0, 2700.0, 3500.0",FALSE,FALSE,➖,"SelfAtWaveDefenseChallenge, SelfOfficerTalNotOnBridge",➖,"SelfAtWaveDefenseChallenge, SelfOfficerTalNotOnBridge",➖,"SelfAtWaveDefenseChallenge, SelfOfficerTalNotOnBridge",✴️,SelfOfficerTalNotOnBridge,➖,"SelfAtWaveDefenseChallenge, SelfOfficerTalNotOnBridge",➖,"SelfAtWaveDefenseChallenge, SelfOfficerTalNotOnBridge",➖,"SelfAtWaveDefenseChallenge, SelfOfficerTalNotOnBridge",➖,"SelfAtWaveDefenseChallenge, SelfOfficerTalNotOnBridge",➖,"SelfAtWaveDefenseChallenge, SelfOfficerTalNotOnBridge",➖,"SelfAtWaveDefenseChallenge, SelfOfficerTalNotOnBridge",➖,"SelfAtWaveDefenseChallenge, SelfOfficerTalNotOnBridge",➖,"SelfAtWaveDefenseChallenge, SelfOfficerTalNotOnBridge",➖,ApexBarrier,➖,ApexBarrier,1863961009,2729881938,288,Rare,,,SelfOfficerTalNotOnBridge,1,1,1,1,1,1000,1500,2000,2700,3500,,
473,NAGA DELVOS,CM,EMERALD CHAIN,JumpAndTowCostEff,SelfHullBorgCube,ShipLaunched,SelfShip,MultiplyAdd,,Increases the Cost Efficiency of the Borg Cube's Transwarp Jump by X.,+X Borg Cube Transwarp Jump Cost Efficiency.,"1.0, 1.0, 1.0","1.0, 0.0, 0.0",FALSE,TRUE,➖,JumpAndTowCostEff,➖,JumpAndTowCostEff,➖,JumpAndTowCostEff,➖,JumpAndTowCostEff,➖,JumpAndTowCostEff,➖,JumpAndTowCostEff,➖,JumpAndTowCostEff,➖,JumpAndTowCostEff,➖,JumpAndTowCostEff,➖,JumpAndTowCostEff,➖,JumpAndTowCostEff,➖,JumpAndTowCostEff,➖,JumpAndTowCostEff,✅,,994242252,2402639187,289,Epic,,,,1,1,1,,,1,0,0,,,,
474,NAGA DELVOS,OA,EMERALD CHAIN,SkillCuttingBeamPvPBaseDamagePercentage,SelfHullBorgCube,ShipLaunched,SelfShip,Add,,Increases the base damage of the Borg Cube's Cutting Beam against players by X (X at rank X).,+X to Borg Cube Cutting Beam damage against players.,"1.0, 1.0, 1.0, 1.0, 1.0","0.3, 0.6, 0.9, 1.2, 1.5",FALSE,TRUE,➖,SelfHullBorgCube,➖,SelfHullBorgCube,➖,SelfHullBorgCube,➖,SelfHullBorgCube,➖,SelfHullBorgCube,➖,SelfHullBorgCube,➖,SelfHullBorgCube,➖,SelfHullBorgCube,➖,SelfHullBorgCube,➖,SelfHullBorgCube,➖,SelfHullBorgCube,➖,SelfHullBorgCube,➖,SkillCuttingBeamPvPBaseDamagePercentage,➖,SkillCuttingBeamPvPBaseDamagePercentage,1696619996,2402639187,289,Epic,,,,1,1,1,1,1,0.3,0.6,0.9,1.2,1.5,,
475,NAGA DELVOS,BDA,EMERALD CHAIN,RepairCostsPost,,ShipLaunched,SelfShip,MultiplyAdd,,Increases base repair cost efficiency of the ship X (X at rank X).,+X Repair Cost Efficiency.,"1.0, 1.0, 1.0, 1.0, 1.0","1.5, 3.0, 4.5, 6.0, 7.5",FALSE,TRUE,➖,RepairCostsPost,➖,RepairCostsPost,➖,RepairCostsPost,➖,RepairCostsPost,➖,RepairCostsPost,➖,RepairCostsPost,➖,RepairCostsPost,➖,RepairCostsPost,➖,RepairCostsPost,➖,RepairCostsPost,➖,RepairCostsPost,➖,RepairCostsPost,➖,RepairCostsPost,✅,,2492819884,2402639187,289,Epic,,,,1,1,1,1,1,1.5,3,4.5,6,7.5,,
476,DAJASH TOLRA,CM,SYMBIOSIS,CombatPveRewards,,ShipLaunched,SelfShip,MultiplyAdd,,Increases base Loot gained from Armadas and Hostiles by X,Increases base Loot gained from Armadas and Hostiles by X,"1.0, 1.0, 1.0","0.6, 0.2, 0.4",FALSE,TRUE,➖,CombatPveRewards,➖,CombatPveRewards,✅,,➖,CombatPveRewards,➖,CombatPveRewards,➖,CombatPveRewards,✅,,✅,,➖,CombatPveRewards,✅,,✅,,✅,,✅,,➖,CombatPveRewards,2490941423,3739192827,282,Epic,,,,1,1,1,,,0.6,0.2,0.4,,,,
477,DAJASH TOLRA,OA,SYMBIOSIS,ShotsPerAttack,TargetIsArmadaOrInvadingEntity,RoundStart,SelfShip,MultiplyAdd,num_rounds=2,X (X at rank X) chance to increase base Weapon Shots by 100% every round against Armadas and Invading Entities for 2 rounds (Cumulative),X chance to increase base weapon shots by 100% every round against Armadas and Invading entities for 2 rounds (Cumulative),"0.3, 0.4, 0.55, 0.75, 1.0","1.0, 1.0, 1.0, 1.0, 1.0",TRUE,TRUE,➖,TargetIsArmadaOrInvadingEntity,➖,TargetIsArmadaOrInvadingEntity,➖,TargetIsArmadaOrInvadingEntity,➖,TargetIsArmadaOrInvadingEntity,➖,TargetIsArmadaOrInvadingEntity,➖,TargetIsArmadaOrInvadingEntity,✅,,✅,,➖,TargetIsArmadaOrInvadingEntity,✅,,➖,TargetIsArmadaOrInvadingEntity,➖,TargetIsArmadaOrInvadingEntity,➖,ShotsPerAttack,➖,ShotsPerAttack,2011733285,3739192827,282,Epic,,,,0.3,0.4,0.55,0.75,1,1,1,1,1,1,,
478,TOLI,OA,SYMBIOSIS,AllDefenses,TargetIsArmadaOrInvadingEntity,RoundStart,EnemyShip,MultiplyBaseSub,officer_stat=2,Decreases all Armada and Invading Entities base Mitigation stats by X(X at rank X) of Officer Defense every round (Cumulative),Decreases all Armada and Invading Entities base mitigation stats by X of total Officer Defense every round (Cumulative),"1.0, 1.0, 1.0, 1.0, 1.0","1.0, 2.0, 4.0, 7.0, 11.0",FALSE,TRUE,➖,TargetIsArmadaOrInvadingEntity,➖,TargetIsArmadaOrInvadingEntity,➖,TargetIsArmadaOrInvadingEntity,➖,TargetIsArmadaOrInvadingEntity,➖,TargetIsArmadaOrInvadingEntity,➖,TargetIsArmadaOrInvadingEntity,✅,,✅,,➖,TargetIsArmadaOrInvadingEntity,✅,,➖,TargetIsArmadaOrInvadingEntity,➖,TargetIsArmadaOrInvadingEntity,➖,AllDefenses,➖,AllDefenses,1664195138,2087036948,283,Rare,,,,1,1,1,1,1,1,2,4,7,11,,
479,TOLI,BDA,SYMBIOSIS,WarpSpeed,,ShipLaunched,SelfShip,MultiplyAdd,,Increases base Warp Speed by X (X at rank X),Increases base warp speed by X,"1.0, 1.0, 1.0, 1.0, 1.0","1.0, 3.0, 6.0, 10.0, 15.0",FALSE,TRUE,➖,WarpSpeed,➖,WarpSpeed,➖,WarpSpeed,➖,WarpSpeed,➖,WarpSpeed,➖,WarpSpeed,➖,WarpSpeed,➖,WarpSpeed,➖,WarpSpeed,➖,WarpSpeed,➖,WarpSpeed,➖,WarpSpeed,➖,WarpSpeed,✅,,3499875070,2087036948,283,Rare,,,,1,1,1,1,1,1,3,6,10,15,,
480,MASRIAD VAEL,OA,SYMBIOSIS,ApexBarrier,TargetIsInvadingEntity,CombatStart,SelfShip,Add,,"On combat start against Invading Entities, increases Apex Barrier by X (X at rank X).",Increases Apex Barrier against Invading Entities by X.,"1.0, 1.0, 1.0, 1.0, 1.0","500.0, 1000.0, 1500.0, 2750.0, 5000.0",FALSE,FALSE,➖,TargetIsInvadingEntity,➖,TargetIsInvadingEntity,➖,TargetIsInvadingEntity,➖,TargetIsInvadingEntity,➖,TargetIsInvadingEntity,➖,TargetIsInvadingEntity,➖,TargetIsInvadingEntity,➖,TargetIsInvadingEntity,➖,TargetIsInvadingEntity,✅,,➖,TargetIsInvadingEntity,➖,TargetIsInvadingEntity,➖,ApexBarrier,➖,ApexBarrier,3767792326,473853704,284,Epic,,,,1,1,1,1,1,500,1000,1500,2750,5000,,
481,MASRIAD VAEL,BDA,SYMBIOSIS,CritChance,EnemyHostile,HitTaken,SelfShip,Add,num_rounds=4,"When hit by an Armada or Hostile, increases Critical Hit chance by X (X at rank X) for 4 rounds -- (Weapons with multiple shots will only trigger this ability once per attack).","When hit by an Armada or Hostile, increases Critical Hit chance by X for 4 rounds.","1.0, 1.0, 1.0, 1.0, 1.0","0.04, 0.05, 0.06, 0.08, 0.12",FALSE,TRUE,➖,EnemyHostile,➖,EnemyHostile,✅,,✅,,➖,EnemyHostile,✅,,✅,,✅,,➖,EnemyHostile,✅,,➖,EnemyHostile,➖,EnemyHostile,➖,CritChance,➖,CritChance,2985939895,473853704,284,Epic,,,,1,1,1,1,1,0.04,0.05,0.06,0.08,0.12,,
482,BYR CH'KELRER,OA,SYMBIOSIS,CritDamage,EnemyHostile,HitTaken,SelfShip,Add,num_rounds=4,"When hit by an Armada or Hostile, increases Critical Damage by X (X at rank X) for 4 rounds -- (Weapons with multiple shots will only trigger this ability once per attack).","When hit by an Armada or Hostile, increases Critical Damage by X for 4 rounds.","1.0, 1.0, 1.0, 1.0, 1.0","0.05, 0.08, 0.12, 0.17, 0.25",FALSE,TRUE,➖,EnemyHostile,➖,EnemyHostile,✅,,✅,,➖,EnemyHostile,✅,,✅,,✅,,➖,EnemyHostile,✅,,➖,EnemyHostile,➖,EnemyHostile,➖,CritDamage,➖,CritDamage,2757146314,3083230680,285,Rare,,,,1,1,1,1,1,0.05,0.08,0.12,0.17,0.25,,
483,BYR CH'KELRER,BDA,SYMBIOSIS,HostileLoot,,ShipLaunched,SelfShip,MultiplyAdd,,Increases base Loot gained from non-Armada Hostiles by X (X at rank X).,Increases base Loot gained from non-Armada Hostiles by X.,"1.0, 1.0, 1.0, 1.0, 1.0","0.15, 0.25, 0.4, 0.65, 1.0",FALSE,TRUE,➖,HostileLoot,➖,HostileLoot,✅,,➖,HostileLoot,➖,HostileLoot,➖,HostileLoot,➖,HostileLoot,➖,HostileLoot,➖,HostileLoot,➖,HostileLoot,➖,HostileLoot,➖,HostileLoot,✅,,➖,HostileLoot,477917953,3083230680,285,Rare,,,,1,1,1,1,1,0.15,0.25,0.4,0.65,1,,
484,PHELLUN,OA,Syndicate,FactionPointsGain,,ShipLaunched,SelfShip,MultiplyAdd,,"Increases base positive Reputation gained from Federation, Klingon and Romulan Hostiles by X (X at rank X)","Increases base positive reputation from Federation, Romulan and Klingon reputation gained by X","1.0, 1.0, 1.0, 1.0, 1.0","0.5, 1.0, 1.75, 2.5, 4.0",FALSE,TRUE,➖,FactionPointsGain,➖,FactionPointsGain,✴️,see description,➖,FactionPointsGain,➖,FactionPointsGain,➖,FactionPointsGain,✴️,see description,✴️,see description,➖,FactionPointsGain,➖,FactionPointsGain,➖,FactionPointsGain,➖,FactionPointsGain,✅,,➖,FactionPointsGain,1628555092,3038078185,286,Epic,,,FactionPointsGain,1,1,1,1,1,0.5,1,1.75,2.5,4,,
485,PHELLUN,BDA,Syndicate,CargoProtection,,ShipLaunched,SelfShip,MultiplyAdd,,Increases base protected cargo by X (X at rank X),Increases base protected cargo by X,"1.0, 1.0, 1.0, 1.0, 1.0","1.0, 1.75, 2.5, 4.0, 6.0",FALSE,TRUE,➖,CargoProtection,➖,CargoProtection,➖,CargoProtection,➖,CargoProtection,➖,CargoProtection,➖,CargoProtection,➖,CargoProtection,➖,CargoProtection,➖,CargoProtection,➖,CargoProtection,➖,CargoProtection,➖,CargoProtection,➖,CargoProtection,✅,,2654275345,3038078185,286,Epic,,,,1,1,1,1,1,1,1.75,2.5,4,6,,
486,MIRROR UHURA,OA,MIRROR UNIVERSE,ApexBarrier,"TargetNotPlayerStation, EnemyPlayer, TargetHasAssimilated, SelfOfficerTalNotOnBridge",HullDamageTaken,SelfShip,MultiplyAdd,num_rounds=2,Increases your existing Apex Barrier by X (X at rank X) for 2 rounds after receiving HHP damage from a player ship with Assimilate (Once per weapon). -- This ability does not trigger when Tal is assigned to the bridge of your ship or during station combat.,+X to existing Apex Barrier when you are hit by a player with Assimilate.,"1.0, 1.0, 1.0, 1.0, 1.0","0.4, 0.5, 0.6, 0.8, 1.0",FALSE,TRUE,✴️,"TargetHasAssimilated, SelfOfficerTalNotOnBridge",➖,TargetNotPlayerStation,➖,"EnemyPlayer, TargetHasAssimilated, SelfOfficerTalNotOnBridge",➖,"EnemyPlayer, TargetHasAssimilated, SelfOfficerTalNotOnBridge",➖,"EnemyPlayer, TargetHasAssimilated, SelfOfficerTalNotOnBridge",➖,"EnemyPlayer, TargetHasAssimilated, SelfOfficerTalNotOnBridge",➖,"EnemyPlayer, TargetHasAssimilated, SelfOfficerTalNotOnBridge",➖,"EnemyPlayer, TargetHasAssimilated, SelfOfficerTalNotOnBridge",➖,"EnemyPlayer, TargetHasAssimilated, SelfOfficerTalNotOnBridge",➖,"EnemyPlayer, TargetHasAssimilated, SelfOfficerTalNotOnBridge",➖,"EnemyPlayer, TargetHasAssimilated, SelfOfficerTalNotOnBridge",➖,"EnemyPlayer, TargetHasAssimilated, SelfOfficerTalNotOnBridge",➖,ApexBarrier,➖,ApexBarrier,1914828553,4294120304,916,Epic,,Assimilated,"TargetHasAssimilated, SelfOfficerTalNotOnBridge",1,1,1,1,1,0.4,0.5,0.6,0.8,1,,
487,MIRROR UHURA,BDA,MIRROR UNIVERSE,ApexBarrier,"EnemyHostile, TargetNotArmada, SelfOfficerTalNotOnBridge",CombatStart,SelfShip,Add,,Increases your Apex Barrier by X (X at rank X) at the start of combat versus non-Armada Hostiles. -- This ability does not trigger when Tal is assigned to the bridge of your ship.,+X to Apex Barrier at the start of combat against non-Armada Hostiles.,"1.0, 1.0, 1.0, 1.0, 1.0","700.0, 900.0, 1200.0, 1600.0, 2000.0",FALSE,FALSE,➖,"EnemyHostile, SelfOfficerTalNotOnBridge",➖,"EnemyHostile, SelfOfficerTalNotOnBridge",✴️,SelfOfficerTalNotOnBridge,✴️,SelfOfficerTalNotOnBridge,➖,"EnemyHostile, SelfOfficerTalNotOnBridge",✴️,SelfOfficerTalNotOnBridge,➖,TargetNotArmada,➖,TargetNotArmada,➖,"EnemyHostile, SelfOfficerTalNotOnBridge",➖,TargetNotArmada,➖,"EnemyHostile, SelfOfficerTalNotOnBridge",➖,"EnemyHostile, SelfOfficerTalNotOnBridge",➖,ApexBarrier,➖,ApexBarrier,619430526,4294120304,916,Epic,,,SelfOfficerTalNotOnBridge,1,1,1,1,1,700,900,1200,1600,2000,,
488,STARFLEET Q,CM,⇦ RETALIATION SQUAD,AddState,EnemyPlayer,RoundStart,SelfShip,MultiplyAdd,"num_rounds=1, state=8","On round start against players, Starfleet Q has X chance to apply Morale to your ship for 1 round.","On round start against players, Starfleet Q has +X chance to apply Morale to your ship for 1 round.","0.4, 0.1, 0.3","1.0, 1.0, 1.0",TRUE,TRUE,✅,,✅,,➖,EnemyPlayer,➖,EnemyPlayer,➖,EnemyPlayer,➖,EnemyPlayer,➖,EnemyPlayer,➖,EnemyPlayer,➖,EnemyPlayer,➖,EnemyPlayer,➖,EnemyPlayer,➖,EnemyPlayer,➖,AddState,➖,AddState,3276152561,2787886893,290,Epic,,,,0.4,0.1,0.3,,,1,1,1,,,,
489,STARFLEET Q,OA,⇦ RETALIATION SQUAD,ApexBarrier,"SelfHasMorale, EnemyPlayer, EnemyInterceptor, SelfOfficerTalNotOnBridge",RoundStart,SelfShip,Add,num_rounds=5,"On round start, if placed on a ship with Morale against players commanding an Interceptor, Starfleet Q increases your Apex Barrier by X (X at rank X) for 5 rounds. -- This ability does not trigger when Tal is assigned to the bridge of your ship.","On round start, if on a ship with Morale against players commanding an Interceptor, increase your Apex Barrier by X for 5 rounds.","1.0, 1.0, 1.0, 1.0, 1.0","10000.0, 12000.0, 14000.0, 15000.0, 16000.0",FALSE,FALSE,✴️,"SelfHasMorale, EnemyInterceptor, SelfOfficerTalNotOnBridge",✴️,"SelfHasMorale, EnemyInterceptor, SelfOfficerTalNotOnBridge",➖,"SelfHasMorale, EnemyPlayer, EnemyInterceptor, SelfOfficerTalNotOnBridge",➖,"SelfHasMorale, EnemyPlayer, EnemyInterceptor, SelfOfficerTalNotOnBridge",➖,"SelfHasMorale, EnemyPlayer, EnemyInterceptor, SelfOfficerTalNotOnBridge",➖,"SelfHasMorale, EnemyPlayer, EnemyInterceptor, SelfOfficerTalNotOnBridge",➖,"SelfHasMorale, EnemyPlayer, EnemyInterceptor, SelfOfficerTalNotOnBridge",➖,"SelfHasMorale, EnemyPlayer, EnemyInterceptor, SelfOfficerTalNotOnBridge",➖,"SelfHasMorale, EnemyPlayer, EnemyInterceptor, SelfOfficerTalNotOnBridge",➖,"SelfHasMorale, EnemyPlayer, EnemyInterceptor, SelfOfficerTalNotOnBridge",➖,"SelfHasMorale, EnemyPlayer, EnemyInterceptor, SelfOfficerTalNotOnBridge",➖,"SelfHasMorale, EnemyPlayer, EnemyInterceptor, SelfOfficerTalNotOnBridge",➖,ApexBarrier,➖,ApexBarrier,2543274090,2787886893,290,Epic,Morale,,"SelfHasMorale, EnemyInterceptor, SelfOfficerTalNotOnBridge",1,1,1,1,1,10000,12000,14000,15000,16000,,
490,MARIACHI Q,OA,⇦ RETALIATION SQUAD,IsolyticDamage,"SelfHasMorale, EnemyPlayer",RoundStart,SelfShip,MultiplyAdd,num_rounds=3,"On round start, if placed on a ship with Morale against players, Mariachi Q increases your Isolytic Cascade damage by X (X at rank X) for 3 rounds.","On round start, if on a ship with Morale against players, Mariachi Q increases your Isolytic Cascade damage by X for 3 rounds.","1.0, 1.0, 1.0, 1.0, 1.0","0.5, 0.6, 0.75, 0.95, 1.2",FALSE,TRUE,✴️,SelfHasMorale,✴️,SelfHasMorale,➖,"SelfHasMorale, EnemyPlayer",➖,"SelfHasMorale, EnemyPlayer",➖,"SelfHasMorale, EnemyPlayer",➖,"SelfHasMorale, EnemyPlayer",➖,"SelfHasMorale, EnemyPlayer",➖,"SelfHasMorale, EnemyPlayer",➖,"SelfHasMorale, EnemyPlayer",➖,"SelfHasMorale, EnemyPlayer",➖,"SelfHasMorale, EnemyPlayer",➖,"SelfHasMorale, EnemyPlayer",➖,IsolyticDamage,➖,IsolyticDamage,2245472598,2341819707,291,Rare,Morale,,SelfHasMorale,1,1,1,1,1,0.5,0.6,0.75,0.95,1.2,,
491,MARIACHI Q,BDA,⇦ RETALIATION SQUAD,ApexBarrier,"EnemyPlayer, TargetHasBurning, SelfOfficerTalNotOnBridge",RoundStart,SelfShip,Add,num_rounds=1,"On round start against players afflicted by Burning, Mariachi Q increases your Apex Barrier by X (X at rank X) for 1 round. -- This ability does not trigger when Tal is assigned to the bridge of your ship.","On round start against players afflicted by Burning, increase your Apex Barrier by X for 1 round.","1.0, 1.0, 1.0, 1.0, 1.0","7000.0, 8000.0, 10000.0, 12000.0, 15000.0",FALSE,FALSE,✴️,"TargetHasBurning, SelfOfficerTalNotOnBridge",✴️,"TargetHasBurning, SelfOfficerTalNotOnBridge",➖,"EnemyPlayer, TargetHasBurning, SelfOfficerTalNotOnBridge",➖,"EnemyPlayer, TargetHasBurning, SelfOfficerTalNotOnBridge",➖,"EnemyPlayer, TargetHasBurning, SelfOfficerTalNotOnBridge",➖,"EnemyPlayer, TargetHasBurning, SelfOfficerTalNotOnBridge",➖,"EnemyPlayer, TargetHasBurning, SelfOfficerTalNotOnBridge",➖,"EnemyPlayer, TargetHasBurning, SelfOfficerTalNotOnBridge",➖,"EnemyPlayer, TargetHasBurning, SelfOfficerTalNotOnBridge",➖,"EnemyPlayer, TargetHasBurning, SelfOfficerTalNotOnBridge",➖,"EnemyPlayer, TargetHasBurning, SelfOfficerTalNotOnBridge",➖,"EnemyPlayer, TargetHasBurning, SelfOfficerTalNotOnBridge",➖,ApexBarrier,➖,ApexBarrier,1574837300,2341819707,291,Rare,,Burning,"TargetHasBurning, SelfOfficerTalNotOnBridge",1,1,1,1,1,7000,8000,10000,12000,15000,,
492,FRENCH MARSHAL Q,OA,⇦ RETALIATION SQUAD,ShotsPerAttack,"SelfHasMorale, EnemyPlayer",RoundStart,SelfShip,MultiplyAdd,num_rounds=3,"On round start, if placed on a ship with Morale against players, French Marshal Q increases your weapon shots by X (X at rank X) for 3 rounds.","On round start, if placed on a ship with Morale against players, French Marshal Q increases your weapon shots by X for 3 rounds.","1.0, 1.0, 1.0, 1.0, 1.0","0.25, 0.3, 0.35, 0.4, 0.5",FALSE,TRUE,✴️,SelfHasMorale,✴️,SelfHasMorale,➖,"SelfHasMorale, EnemyPlayer",➖,"SelfHasMorale, EnemyPlayer",➖,"SelfHasMorale, EnemyPlayer",➖,"SelfHasMorale, EnemyPlayer",➖,"SelfHasMorale, EnemyPlayer",➖,"SelfHasMorale, EnemyPlayer",➖,"SelfHasMorale, EnemyPlayer",➖,"SelfHasMorale, EnemyPlayer",➖,"SelfHasMorale, EnemyPlayer",➖,"SelfHasMorale, EnemyPlayer",➖,ShotsPerAttack,➖,ShotsPerAttack,508841684,2862563009,292,Rare,Morale,,SelfHasMorale,1,1,1,1,1,0.25,0.3,0.35,0.4,0.5,,
493,FRENCH MARSHAL Q,BDA,⇦ RETALIATION SQUAD,HullRepair,"EnemyPlayer, TargetStateAny",RoundEnd,SelfShip,MultiplyAdd,,"On round start, if the enemy player has any state, French Marshal Q repairs X (X at rank X) of hull damage taken in the previous round of combat.","On round start, if the enemy player has any state, repair +X of hull damage taken in the previous round of combat.","1.0, 1.0, 1.0, 1.0, 1.0","0.05, 0.07, 0.1, 0.14, 0.2",FALSE,TRUE,✴️,TargetStateAny,✴️,TargetStateAny,➖,"EnemyPlayer, TargetStateAny",➖,"EnemyPlayer, TargetStateAny",➖,"EnemyPlayer, TargetStateAny",➖,"EnemyPlayer, TargetStateAny",➖,"EnemyPlayer, TargetStateAny",➖,"EnemyPlayer, TargetStateAny",➖,"EnemyPlayer, TargetStateAny",➖,"EnemyPlayer, TargetStateAny",➖,"EnemyPlayer, TargetStateAny",➖,"EnemyPlayer, TargetStateAny",➖,HullRepair,➖,HullRepair,2886105420,2862563009,292,Rare,,Any State,TargetStateAny,1,1,1,1,1,0.05,0.07,0.1,0.14,0.2,,
494,SORAN,CM,⇧ RETALIATION SQUAD,AddState,"EnemyPlayer, SelfOfficerTalNotOnBridge",RoundStart,EnemyShip,MultiplyAdd,"num_rounds=1, state=2","On round start against players, Soran has X chance to apply Burning to your target for 1 round. -- This ability does not trigger when Tal is assigned to the bridge of your ship.","On round start against players, Soran has +X chance to apply Burning to your target for 1 round.","0.4, 0.1, 0.3","1.0, 1.0, 1.0",TRUE,TRUE,✴️,SelfOfficerTalNotOnBridge,✴️,SelfOfficerTalNotOnBridge,➖,"EnemyPlayer, SelfOfficerTalNotOnBridge",➖,"EnemyPlayer, SelfOfficerTalNotOnBridge",➖,"EnemyPlayer, SelfOfficerTalNotOnBridge",➖,"EnemyPlayer, SelfOfficerTalNotOnBridge",➖,"EnemyPlayer, SelfOfficerTalNotOnBridge",➖,"EnemyPlayer, SelfOfficerTalNotOnBridge",➖,"EnemyPlayer, SelfOfficerTalNotOnBridge",➖,"EnemyPlayer, SelfOfficerTalNotOnBridge",➖,"EnemyPlayer, SelfOfficerTalNotOnBridge",➖,"EnemyPlayer, SelfOfficerTalNotOnBridge",➖,AddState,➖,AddState,3134842541,783581005,294,Epic,,,SelfOfficerTalNotOnBridge,0.4,0.1,0.3,,,1,1,1,,,,
495,SORAN,OA,⇧ RETALIATION SQUAD,ApexBarrier,"EnemyPlayer, EnemyExplorer, TargetHasBurning, SelfOfficerTalNotOnBridge",RoundStart,SelfShip,Add,num_rounds=5,"On round start against players commanding an Explorer afflicted by Burning, Soran increases your Apex Barrier by X (X at rank X) for 5 rounds. -- This ability does not trigger when Tal is assigned to the bridge of your ship.","On round start against players commanding an Explorer afflicted by Burning, Soran increases your Apex Barrier by X for 5 rounds.","1.0, 1.0, 1.0, 1.0, 1.0","10000.0, 12000.0, 14000.0, 15000.0, 16000.0",FALSE,FALSE,✴️,"EnemyExplorer, TargetHasBurning, SelfOfficerTalNotOnBridge",✴️,"EnemyExplorer, TargetHasBurning, SelfOfficerTalNotOnBridge",➖,"EnemyPlayer, EnemyExplorer, TargetHasBurning, SelfOfficerTalNotOnBridge",➖,"EnemyPlayer, EnemyExplorer, TargetHasBurning, SelfOfficerTalNotOnBridge",➖,"EnemyPlayer, EnemyExplorer, TargetHasBurning, SelfOfficerTalNotOnBridge",➖,"EnemyPlayer, EnemyExplorer, TargetHasBurning, SelfOfficerTalNotOnBridge",➖,"EnemyPlayer, EnemyExplorer, TargetHasBurning, SelfOfficerTalNotOnBridge",➖,"EnemyPlayer, EnemyExplorer, TargetHasBurning, SelfOfficerTalNotOnBridge",➖,"EnemyPlayer, EnemyExplorer, TargetHasBurning, SelfOfficerTalNotOnBridge",➖,"EnemyPlayer, EnemyExplorer, TargetHasBurning, SelfOfficerTalNotOnBridge",➖,"EnemyPlayer, EnemyExplorer, TargetHasBurning, SelfOfficerTalNotOnBridge",➖,"EnemyPlayer, EnemyExplorer, TargetHasBurning, SelfOfficerTalNotOnBridge",➖,ApexBarrier,➖,ApexBarrier,2994432443,783581005,294,Epic,,Burning,"EnemyExplorer, TargetHasBurning, SelfOfficerTalNotOnBridge",1,1,1,1,1,10000,12000,14000,15000,16000,,
496,ROMI,OA,⇧ RETALIATION SQUAD,IsolyticDefense,"EnemyPlayer, TargetHasBurning",RoundStart,SelfShip,Add,num_rounds=3,"On round start against players afflicted by Burning, Romi increases your Isolytic Defense by X (X at rank X) for 3 rounds.","On round start against players afflicted by Burning, Romi increases your Isolytic Defense by X for 3 rounds.","1.0, 1.0, 1.0, 1.0, 1.0","1.0, 1.2, 1.4, 1.7, 2.0",FALSE,TRUE,✴️,TargetHasBurning,✴️,TargetHasBurning,➖,"EnemyPlayer, TargetHasBurning",➖,"EnemyPlayer, TargetHasBurning",➖,"EnemyPlayer, TargetHasBurning",➖,"EnemyPlayer, TargetHasBurning",➖,"EnemyPlayer, TargetHasBurning",➖,"EnemyPlayer, TargetHasBurning",➖,"EnemyPlayer, TargetHasBurning",➖,"EnemyPlayer, TargetHasBurning",➖,"EnemyPlayer, TargetHasBurning",➖,"EnemyPlayer, TargetHasBurning",➖,IsolyticDefense,➖,IsolyticDefense,213451749,312289551,293,Rare,,Burning,TargetHasBurning,1,1,1,1,1,1,1.2,1.4,1.7,2,,
497,ROMI,BDA,⇧ RETALIATION SQUAD,ApexBarrier,"EnemyPlayer, TargetHasHullBreach, SelfOfficerTalNotOnBridge",RoundStart,SelfShip,Add,num_rounds=1,"On round start against players afflicted by Hull Breach, Romi increases your Apex Barrier by X (X at rank X) for 1 round. -- This ability does not trigger when Tal is assigned to the bridge of your ship.","On round start against players afflicted by Hull Breach, Romi increases your Apex Barrier by X for 1 round.","1.0, 1.0, 1.0, 1.0, 1.0","7000.0, 8000.0, 10000.0, 12000.0, 15000.0",FALSE,FALSE,✴️,"TargetHasHullBreach, SelfOfficerTalNotOnBridge",✴️,"TargetHasHullBreach, SelfOfficerTalNotOnBridge",➖,"EnemyPlayer, TargetHasHullBreach, SelfOfficerTalNotOnBridge",➖,"EnemyPlayer, TargetHasHullBreach, SelfOfficerTalNotOnBridge",➖,"EnemyPlayer, TargetHasHullBreach, SelfOfficerTalNotOnBridge",➖,"EnemyPlayer, TargetHasHullBreach, SelfOfficerTalNotOnBridge",➖,"EnemyPlayer, TargetHasHullBreach, SelfOfficerTalNotOnBridge",➖,"EnemyPlayer, TargetHasHullBreach, SelfOfficerTalNotOnBridge",➖,"EnemyPlayer, TargetHasHullBreach, SelfOfficerTalNotOnBridge",➖,"EnemyPlayer, TargetHasHullBreach, SelfOfficerTalNotOnBridge",➖,"EnemyPlayer, TargetHasHullBreach, SelfOfficerTalNotOnBridge",➖,"EnemyPlayer, TargetHasHullBreach, SelfOfficerTalNotOnBridge",➖,ApexBarrier,➖,ApexBarrier,2315532916,312289551,293,Rare,,Hull Breach,"TargetHasHullBreach, SelfOfficerTalNotOnBridge",1,1,1,1,1,7000,8000,10000,12000,15000,,
498,MISS Q,OA,⇧ RETALIATION SQUAD,IsolyticDamage,"EnemyPlayer, TargetHasBurning",RoundStart,SelfShip,MultiplyAdd,num_rounds=3,"On round start against players afflicted by Burning, Miss Q increases your Isolytic Cascade damage by X (X at rank X) for 3 rounds.","On round start against players afflicted by Burning, Miss Q increases your Isolytic Cascade damage by X for 3 rounds.","1.0, 1.0, 1.0, 1.0, 1.0","0.5, 0.6, 0.75, 0.95, 1.2",FALSE,TRUE,✴️,TargetHasBurning,✴️,TargetHasBurning,➖,"EnemyPlayer, TargetHasBurning",➖,"EnemyPlayer, TargetHasBurning",➖,"EnemyPlayer, TargetHasBurning",➖,"EnemyPlayer, TargetHasBurning",➖,"EnemyPlayer, TargetHasBurning",➖,"EnemyPlayer, TargetHasBurning",➖,"EnemyPlayer, TargetHasBurning",➖,"EnemyPlayer, TargetHasBurning",➖,"EnemyPlayer, TargetHasBurning",➖,"EnemyPlayer, TargetHasBurning",➖,IsolyticDamage,➖,IsolyticDamage,3605405429,93766267,295,Rare,,Burning,TargetHasBurning,1,1,1,1,1,0.5,0.6,0.75,0.95,1.2,,
499,MISS Q,BDA,⇧ RETALIATION SQUAD,ApexBarrier,"SelfHasMorale, EnemyPlayer, SelfOfficerTalNotOnBridge",RoundStart,SelfShip,Add,num_rounds=1,"On round start, if placed on a ship with Morale against players, Miss Q increases your Apex Barrier by X (X at rank X) for 1 round. -- This ability does not trigger when Tal is assigned to the bridge of your ship.","On round start, if placed on a ship with Morale against players, Miss Q increases your Apex Barrier by X for 1 round.","1.0, 1.0, 1.0, 1.0, 1.0","7000.0, 8000.0, 10000.0, 12000.0, 15000.0",FALSE,FALSE,✴️,"SelfHasMorale, SelfOfficerTalNotOnBridge",✴️,"SelfHasMorale, SelfOfficerTalNotOnBridge",➖,"SelfHasMorale, EnemyPlayer, SelfOfficerTalNotOnBridge",➖,"SelfHasMorale, EnemyPlayer, SelfOfficerTalNotOnBridge",➖,"SelfHasMorale, EnemyPlayer, SelfOfficerTalNotOnBridge",➖,"SelfHasMorale, EnemyPlayer, SelfOfficerTalNotOnBridge",➖,"SelfHasMorale, EnemyPlayer, SelfOfficerTalNotOnBridge",➖,"SelfHasMorale, EnemyPlayer, SelfOfficerTalNotOnBridge",➖,"SelfHasMorale, EnemyPlayer, SelfOfficerTalNotOnBridge",➖,"SelfHasMorale, EnemyPlayer, SelfOfficerTalNotOnBridge",➖,"SelfHasMorale, EnemyPlayer, SelfOfficerTalNotOnBridge",➖,"SelfHasMorale, EnemyPlayer, SelfOfficerTalNotOnBridge",➖,ApexBarrier,➖,ApexBarrier,1775722178,93766267,295,Rare,Morale,,"SelfHasMorale, SelfOfficerTalNotOnBridge",1,1,1,1,1,7000,8000,10000,12000,15000,,
500,SPECIALIST SEVEN,CM,BATTLESHIP RETALIATION SQUAD,ShotsPerAttack,"EnemyPlayer, TargetHasHullBreach, EnemyBattleship",RoundStart,SelfShip,MultiplyAdd,num_rounds=4,"On round start against player Battleships with Hull Breach, Specialist Seven increases your shots by X each round for 4 rounds (Cumulative)","On round start against player Battleships with Hull Breach, increases your shots by X each round for 4 rounds (Cumulative).","1.0, 1.0, 1.0","0.6, 0.1, 0.3",FALSE,TRUE,✴️,"TargetHasHullBreach, EnemyBattleship",✴️,"TargetHasHullBreach, EnemyBattleship",➖,"EnemyPlayer, TargetHasHullBreach, EnemyBattleship",➖,"EnemyPlayer, TargetHasHullBreach, EnemyBattleship",➖,"EnemyPlayer, TargetHasHullBreach, EnemyBattleship",➖,"EnemyPlayer, TargetHasHullBreach, EnemyBattleship",➖,"EnemyPlayer, TargetHasHullBreach, EnemyBattleship",➖,"EnemyPlayer, TargetHasHullBreach, EnemyBattleship",➖,"EnemyPlayer, TargetHasHullBreach, EnemyBattleship",➖,"EnemyPlayer, TargetHasHullBreach, EnemyBattleship",➖,"EnemyPlayer, TargetHasHullBreach, EnemyBattleship",➖,"EnemyPlayer, TargetHasHullBreach, EnemyBattleship",➖,ShotsPerAttack,➖,ShotsPerAttack,1848008929,2778731701,296,Epic,,Hull Breach,"TargetHasHullBreach, EnemyBattleship",1,1,1,,,0.6,0.1,0.3,,,,
501,SPECIALIST SEVEN,OA,BATTLESHIP RETALIATION SQUAD,AddState,EnemyPlayer,RoundStart,EnemyShip,MultiplyAdd,"num_rounds=2, state=4","On round start against players, Specialist Seven has X (X at rank X) chance to apply Hull Breach to your target for 2 rounds.","On round start against players, has X chance to apply Hull Breach to your target for 2 rounds.","0.6, 0.7, 0.8, 0.9, 1.0","1.0, 1.0, 1.0, 1.0, 1.0",TRUE,TRUE,✅,,✅,,➖,EnemyPlayer,➖,EnemyPlayer,➖,EnemyPlayer,➖,EnemyPlayer,➖,EnemyPlayer,➖,EnemyPlayer,➖,EnemyPlayer,➖,EnemyPlayer,➖,EnemyPlayer,➖,EnemyPlayer,➖,AddState,➖,AddState,4031461692,2778731701,296,Epic,,,,0.6,0.7,0.8,0.9,1,1,1,1,1,1,,
502,ICHEB,OA,BATTLESHIP RETALIATION SQUAD,ApexBarrier,"EnemyPlayer, TargetHasHullBreach, SelfOfficerTalNotOnBridge",EnemyTakesHit,SelfShip,Add,num_rounds=4,"Against players with Hull Breach, Icheb increases your Apex Barrier by X (X at rank X) for 4 rounds each time you score a hit (Once per weapon)(Cumulative). -- This ability does not trigger when Tal is assigned to the bridge of your ship.","Against players with Hull Breach, increases your Apex Barrier by X for 4 rounds each time you score a hit (Cumulative).","1.0, 1.0, 1.0, 1.0, 1.0","5500.0, 6500.0, 8000.0, 10000.0, 12500.0",FALSE,FALSE,✴️,"TargetHasHullBreach, SelfOfficerTalNotOnBridge",✴️,"TargetHasHullBreach, SelfOfficerTalNotOnBridge",➖,"EnemyPlayer, TargetHasHullBreach, SelfOfficerTalNotOnBridge",➖,"EnemyPlayer, TargetHasHullBreach, SelfOfficerTalNotOnBridge",➖,"EnemyPlayer, TargetHasHullBreach, SelfOfficerTalNotOnBridge",➖,"EnemyPlayer, TargetHasHullBreach, SelfOfficerTalNotOnBridge",➖,"EnemyPlayer, TargetHasHullBreach, SelfOfficerTalNotOnBridge",➖,"EnemyPlayer, TargetHasHullBreach, SelfOfficerTalNotOnBridge",➖,"EnemyPlayer, TargetHasHullBreach, SelfOfficerTalNotOnBridge",➖,"EnemyPlayer, TargetHasHullBreach, SelfOfficerTalNotOnBridge",➖,"EnemyPlayer, TargetHasHullBreach, SelfOfficerTalNotOnBridge",➖,"EnemyPlayer, TargetHasHullBreach, SelfOfficerTalNotOnBridge",➖,ApexBarrier,➖,ApexBarrier,1870364263,2864895220,297,Rare,,Hull Breach,"TargetHasHullBreach, SelfOfficerTalNotOnBridge",1,1,1,1,1,5500,6500,8000,10000,12500,,
503,ICHEB,BDA,BATTLESHIP RETALIATION SQUAD,IsolyticDamage,"EnemyPlayer, SelfStateNone",RoundStart,SelfShip,MultiplyAdd,num_rounds=3,"On round start against players, if on a ship with no State applied Icheb increases your Isolytic Cascade damage by X (X at rank X) for 3 rounds (Cumulative). -- Isolytic Cascade multiplies your total damage, including Isolytic Damage, and all research and other bonuses.","On round start against players, if on a ship with no State applied increases your Isolytic Cascade damage by X for 3 rounds (Cumulative).","1.0, 1.0, 1.0, 1.0, 1.0","0.7, 0.8, 0.95, 1.15, 1.4",FALSE,TRUE,✴️,SelfStateNone,✴️,SelfStateNone,➖,"EnemyPlayer, SelfStateNone",➖,"EnemyPlayer, SelfStateNone",➖,"EnemyPlayer, SelfStateNone",➖,"EnemyPlayer, SelfStateNone",➖,"EnemyPlayer, SelfStateNone",➖,"EnemyPlayer, SelfStateNone",➖,"EnemyPlayer, SelfStateNone",➖,"EnemyPlayer, SelfStateNone",➖,"EnemyPlayer, SelfStateNone",➖,"EnemyPlayer, SelfStateNone",➖,IsolyticDamage,➖,IsolyticDamage,2348699497,2864895220,297,Rare,No State,,SelfStateNone,1,1,1,1,1,0.7,0.8,0.95,1.15,1.4,,
504,INFILTRATOR TUVOK,OA,BATTLESHIP RETALIATION SQUAD,IsolyticDamage,"EnemyPlayer, TargetHasHullBreach",EnemyTakesHit,SelfShip,MultiplyAdd,num_rounds=3,"Against players with Hull Breach, Infiltrator Tuvok increases your Isolytic Cascade damage by X (X at rank X) for 3 rounds each time you score a hit (Once per weapon)(Cumulative). -- Isolytic Cascade multiplies your total damage, including Isolytic Damage, and all research and other bonuses.","Against players with Hull Breach, increases your Isolytic Cascade damage by X for 3 rounds each time you score a hit (Cumulative).","1.0, 1.0, 1.0, 1.0, 1.0","0.28, 0.34, 0.42, 0.52, 0.65",FALSE,TRUE,✴️,TargetHasHullBreach,✴️,TargetHasHullBreach,➖,"EnemyPlayer, TargetHasHullBreach",➖,"EnemyPlayer, TargetHasHullBreach",➖,"EnemyPlayer, TargetHasHullBreach",➖,"EnemyPlayer, TargetHasHullBreach",➖,"EnemyPlayer, TargetHasHullBreach",➖,"EnemyPlayer, TargetHasHullBreach",➖,"EnemyPlayer, TargetHasHullBreach",➖,"EnemyPlayer, TargetHasHullBreach",➖,"EnemyPlayer, TargetHasHullBreach",➖,"EnemyPlayer, TargetHasHullBreach",➖,IsolyticDamage,➖,IsolyticDamage,4042455437,3592998124,298,Rare,,Hull Breach,TargetHasHullBreach,1,1,1,1,1,0.28,0.34,0.42,0.52,0.65,,
505,INFILTRATOR TUVOK,BDA,BATTLESHIP RETALIATION SQUAD,ApexBarrier,"EnemyPlayer, SelfStateNone, SelfOfficerTalNotOnBridge",RoundStart,SelfShip,Add,num_rounds=3,"On round start against players, if on a ship with no State applied Infiltrator Tuvok increases your Apex Barrier by X (X at rank X) for 3 rounds (Cumulative). -- This ability does not trigger when Tal is assigned to the bridge of your ship.","On round start against players, if on a ship with no State applied increases your Apex Barrier by X for 3 rounds (Cumulative).","1.0, 1.0, 1.0, 1.0, 1.0","12000.0, 14500.0, 17500.0, 21000.0, 25000.0",FALSE,FALSE,✴️,"SelfStateNone, SelfOfficerTalNotOnBridge",✴️,"SelfStateNone, SelfOfficerTalNotOnBridge",➖,"EnemyPlayer, SelfStateNone, SelfOfficerTalNotOnBridge",➖,"EnemyPlayer, SelfStateNone, SelfOfficerTalNotOnBridge",➖,"EnemyPlayer, SelfStateNone, SelfOfficerTalNotOnBridge",➖,"EnemyPlayer, SelfStateNone, SelfOfficerTalNotOnBridge",➖,"EnemyPlayer, SelfStateNone, SelfOfficerTalNotOnBridge",➖,"EnemyPlayer, SelfStateNone, SelfOfficerTalNotOnBridge",➖,"EnemyPlayer, SelfStateNone, SelfOfficerTalNotOnBridge",➖,"EnemyPlayer, SelfStateNone, SelfOfficerTalNotOnBridge",➖,"EnemyPlayer, SelfStateNone, SelfOfficerTalNotOnBridge",➖,"EnemyPlayer, SelfStateNone, SelfOfficerTalNotOnBridge",➖,ApexBarrier,➖,ApexBarrier,234626269,3592998124,298,Rare,No State,,"SelfStateNone, SelfOfficerTalNotOnBridge",1,1,1,1,1,12000,14500,17500,21000,25000,,
506,ANNORAX,CM,VOYAGER 30TH ANNIVERSARY,PveChestLootMultiplierLimitedResources,,ShipLaunched,SelfShip,MultiplyAdd,,"Increases select rewards from hostile chests (G3-G6 Parts & Refined Materials, FKR Messages & Credits, Hirogen Relics, Mycellium, Exotic Biotoxins, Xindi Scraps & Bounties, Trellium, Fatu-Kray Scraps) by X of base.",Increases the rewards gained from Hostile Chests by X of base.,"1.0, 1.0, 1.0","0.3, 0.05, 0.1",FALSE,TRUE,➖,PveChestLootMultiplierLimitedResources,➖,PveChestLootMultiplierLimitedResources,✴️,see description,➖,PveChestLootMultiplierLimitedResources,➖,PveChestLootMultiplierLimitedResources,➖,PveChestLootMultiplierLimitedResources,➖,PveChestLootMultiplierLimitedResources,➖,PveChestLootMultiplierLimitedResources,➖,PveChestLootMultiplierLimitedResources,➖,PveChestLootMultiplierLimitedResources,➖,PveChestLootMultiplierLimitedResources,➖,PveChestLootMultiplierLimitedResources,✅,,➖,PveChestLootMultiplierLimitedResources,2565476998,1511887954,299,Epic,,,PveChestLootMultiplierLimitedResources,1,1,1,,,0.3,0.05,0.1,,,,
507,ANNORAX,OA,VOYAGER 30TH ANNIVERSARY,ApexBarrier,"EnemyHostile, TargetNotArmada, SelfOfficerTalNotOnBridge",HitTaken,SelfShip,Add,num_rounds=2,Increases Apex Barrier by X (X at rank X) for 2 rounds when hit by a hostile (Once per weapon)(Cumulative). -- This ability does not trigger when Tal is assigned to the bridge of your ship.,Increases Apex Barrier by X  for 2 rounds when hit by a hostile.,"1.0, 1.0, 1.0, 1.0, 1.0","2000.0, 2300.0, 2600.0, 2900.0, 3200.0",FALSE,FALSE,➖,"EnemyHostile, SelfOfficerTalNotOnBridge",➖,"EnemyHostile, SelfOfficerTalNotOnBridge",✴️,SelfOfficerTalNotOnBridge,✴️,SelfOfficerTalNotOnBridge,➖,"EnemyHostile, SelfOfficerTalNotOnBridge",✴️,SelfOfficerTalNotOnBridge,➖,TargetNotArmada,➖,TargetNotArmada,➖,"EnemyHostile, SelfOfficerTalNotOnBridge",➖,TargetNotArmada,➖,"EnemyHostile, SelfOfficerTalNotOnBridge",➖,"EnemyHostile, SelfOfficerTalNotOnBridge",➖,ApexBarrier,➖,ApexBarrier,2281926825,1511887954,299,Epic,,,SelfOfficerTalNotOnBridge,1,1,1,1,1,2000,2300,2600,2900,3200,,
508,SESKA,OA,VOYAGER 30TH ANNIVERSARY,ShieldHPRepair,"EnemyHostile, TargetNotArmada",RoundStart,SelfShip,MultiplyAdd,,Restores the Shield Health of your ship every round by X (X at rank X) when fighting hostiles.,Restores the Shield Health of your ship every round by X when fighting hostiles.,"1.0, 1.0, 1.0, 1.0, 1.0","0.12, 0.16, 0.2, 0.25, 0.3",FALSE,TRUE,➖,EnemyHostile,➖,EnemyHostile,✅,,✅,,➖,EnemyHostile,✅,,➖,TargetNotArmada,➖,TargetNotArmada,➖,EnemyHostile,➖,TargetNotArmada,➖,EnemyHostile,➖,EnemyHostile,➖,ShieldHPRepair,➖,ShieldHPRepair,3196098481,2458983580,300,Epic,,,,1,1,1,1,1,0.12,0.16,0.2,0.25,0.3,,
509,SESKA,BDA,VOYAGER 30TH ANNIVERSARY,CritDamage,"EnemyHostile, TargetNotArmada",EnemyTakesHit,SelfShip,Add,num_rounds=4,Increases Critical Hit Damage by X (X at rank X) for 4 rounds each time you score a hit (Once per weapon) when fighting hostiles.,Increases Critical Hit Damage by X for 4 rounds each time you score a hit when fighting hostiles.,"1.0, 1.0, 1.0, 1.0, 1.0","0.12, 0.16, 0.22, 0.3, 0.4",FALSE,TRUE,➖,EnemyHostile,➖,EnemyHostile,✅,,✅,,➖,EnemyHostile,✅,,➖,TargetNotArmada,➖,TargetNotArmada,➖,EnemyHostile,➖,TargetNotArmada,➖,EnemyHostile,➖,EnemyHostile,➖,CritDamage,➖,CritDamage,2435779542,2458983580,300,Epic,,,,1,1,1,1,1,0.12,0.16,0.22,0.3,0.4,,
510,SUDER,OA,VOYAGER 30TH ANNIVERSARY,HullRepair,"EnemyHostile, TargetNotArmada",RoundEnd,SelfShip,MultiplyAdd,,Repairs X (X at rank X) of hull damage taken in the previous round of combat when fighting hostiles.,At the end of each round repair X of hull damage taken during it when fighting hostiles.,"1.0, 1.0, 1.0, 1.0, 1.0","0.12, 0.15, 0.18, 0.21, 0.24",FALSE,TRUE,➖,EnemyHostile,➖,EnemyHostile,✅,,✅,,➖,EnemyHostile,✅,,➖,TargetNotArmada,➖,TargetNotArmada,➖,EnemyHostile,➖,TargetNotArmada,➖,EnemyHostile,➖,EnemyHostile,➖,HullRepair,➖,HullRepair,2041170794,2173095604,301,Rare,,,,1,1,1,1,1,0.12,0.15,0.18,0.21,0.24,,
511,SUDER,BDA,VOYAGER 30TH ANNIVERSARY,CritDamage,"EnemyHostile, TargetNotArmada",CombatStart,SelfShip,Add,num_rounds=5,At the start of combat increases Critical Hit Damage by X (X at rank X) for 5 rounds when fighting hostiles.,Increases Critical Hit Damage by X for 5 rounds when fighting hostiles.,"1.0, 1.0, 1.0, 1.0, 1.0","0.3, 0.45, 0.65, 0.9, 1.2",FALSE,TRUE,➖,EnemyHostile,➖,EnemyHostile,✅,,✅,,➖,EnemyHostile,✅,,➖,TargetNotArmada,➖,TargetNotArmada,➖,EnemyHostile,➖,TargetNotArmada,➖,EnemyHostile,➖,EnemyHostile,➖,CritDamage,➖,CritDamage,4145846912,2173095604,301,Rare,,,,1,1,1,1,1,0.3,0.45,0.65,0.9,1.2,,
512,S31 GEORGIOU,OA,STRANGE NEW WORLDS,ApexShred,"EnemyHostile, TargetNotArmada",CombatStart,EnemyShip,Add,,Increases Apex Shred  against non-Armada hostiles by X (X at rank X). -- Apex Barrier remaining after Apex Shred is equal to: -- Apex Barrier / (100% + Apex Shred) -- 100% Apex Shred reduces Apex Barrier by 50%.,Increases Apex Shred against non-Armada hostiles by X.,"1.0, 1.0, 1.0, 1.0, 1.0","0.5, 0.55, 0.7, 1.0, 1.5",FALSE,TRUE,➖,EnemyHostile,➖,EnemyHostile,✅,,✅,,➖,EnemyHostile,✅,,➖,TargetNotArmada,➖,TargetNotArmada,➖,EnemyHostile,➖,TargetNotArmada,➖,EnemyHostile,➖,EnemyHostile,➖,ApexShred,➖,ApexShred,322892959,2923667463,302,Epic,,,,1,1,1,1,1,0.5,0.55,0.7,1,1.5,,
513,S31 GEORGIOU,BDA,STRANGE NEW WORLDS,ApexShred,EnemyPlayer,CombatStart,EnemyShip,Add,,Increases Apex Shred against players by X (X at rank X). -- Apex Barrier remaining after Apex Shred is equal to: -- Apex Barrier / (100% + Apex Shred) -- 100% Apex Shred reduces Apex Barrier by 50%.,Increase Apex Shred against players by X.,"1.0, 1.0, 1.0, 1.0, 1.0","0.25, 0.35, 0.5, 0.7, 1.0",FALSE,TRUE,✅,,✅,,➖,EnemyPlayer,➖,EnemyPlayer,➖,EnemyPlayer,➖,EnemyPlayer,➖,EnemyPlayer,➖,EnemyPlayer,➖,EnemyPlayer,➖,EnemyPlayer,➖,EnemyPlayer,➖,EnemyPlayer,➖,ApexShred,➖,ApexShred,1924653048,2923667463,302,Epic,,,,1,1,1,1,1,0.25,0.35,0.5,0.7,1,,
514,RACHEL GARRETT,OA,ENTERPRISE-E,HostileLoot,,ShipLaunched,SelfShip,MultiplyAdd,,Increases base Loot gained from non-Armada hostiles by X (X at rank X).,Increases base Loot gained from non-Armada hostiles by X.,"1.0, 1.0, 1.0, 1.0, 1.0","0.3, 0.5, 0.8, 1.2, 2.0",FALSE,TRUE,➖,HostileLoot,➖,HostileLoot,✅,,➖,HostileLoot,➖,HostileLoot,➖,HostileLoot,➖,HostileLoot,➖,HostileLoot,➖,HostileLoot,➖,HostileLoot,➖,HostileLoot,➖,HostileLoot,✅,,➖,HostileLoot,1386103827,1409510538,303,Rare,,,,1,1,1,1,1,0.3,0.5,0.8,1.2,2,,
515,RACHEL GARRETT,BDA,ENTERPRISE-E,ApexBarrier,"EnemyHostile, TargetNotArmada, SelfOfficerTalNotOnBridge, EnemyBattleship",CombatStart,SelfShip,Add,,Increases Apex Barrier against Battleship hostiles by X (X at rank X). -- This ability does not trigger when Tal is assigned to the bridge of your ship.,Increases Apex Barrier against Battleship hostiles by X.,"1.0, 1.0, 1.0, 1.0, 1.0","1000.0, 1200.0, 1500.0, 2000.0, 3000.0",FALSE,FALSE,➖,"EnemyHostile, SelfOfficerTalNotOnBridge, EnemyBattleship",➖,"EnemyHostile, SelfOfficerTalNotOnBridge, EnemyBattleship",✴️,"SelfOfficerTalNotOnBridge, EnemyBattleship",✴️,"SelfOfficerTalNotOnBridge, EnemyBattleship",➖,"EnemyHostile, SelfOfficerTalNotOnBridge, EnemyBattleship",✴️,"SelfOfficerTalNotOnBridge, EnemyBattleship",➖,TargetNotArmada,➖,TargetNotArmada,➖,"EnemyHostile, SelfOfficerTalNotOnBridge, EnemyBattleship",➖,TargetNotArmada,➖,"EnemyHostile, SelfOfficerTalNotOnBridge, EnemyBattleship",➖,"EnemyHostile, SelfOfficerTalNotOnBridge, EnemyBattleship",➖,ApexBarrier,➖,ApexBarrier,146541033,1409510538,303,Rare,,,"SelfOfficerTalNotOnBridge, EnemyBattleship",1,1,1,1,1,1000,1200,1500,2000,3000,,
516,ZEPH,OA,SECTION 31,AddRandomState,EnemyHostile,RoundStart,EnemyShip,MultiplyAdd,"multi_state=[8, 4, 2], num_rounds=3","On round start against hostiles, Zeph has a X chance to apply a random State to the enemy for 3 rounds. -- Random States: Morale, Burning, Hull Breach","On round start against hostiles, Zeph has a X chance to apply a random State to the enemy for 3 rounds.","0.4, 0.45, 0.55, 0.75, 1.0","1.0, 1.0, 1.0, 1.0, 1.0",TRUE,TRUE,➖,EnemyHostile,➖,EnemyHostile,✅,,✅,,➖,EnemyHostile,✅,,✅,,✅,,➖,EnemyHostile,✅,,➖,EnemyHostile,➖,EnemyHostile,➖,AddRandomState,➖,AddRandomState,3682632277,3594463469,304,Rare,,,,0.4,0.45,0.55,0.75,1,1,1,1,1,1,,
517,ZEPH,BDA,SECTION 31,ApexBarrier,"EnemyHostile, TargetNotArmada, EnemyInterceptor, SelfOfficerTalNotOnBridge",CombatStart,SelfShip,Add,,Increases Apex Barrier against Interceptor hostiles by X (X at rank X). -- This ability does not trigger when Tal is assigned to the bridge of your ship.,Increases Apex Barrier against Interceptor hostiles by X.,"1.0, 1.0, 1.0, 1.0, 1.0","1000.0, 1200.0, 1500.0, 2000.0, 3000.0",FALSE,FALSE,➖,"EnemyHostile, EnemyInterceptor, SelfOfficerTalNotOnBridge",➖,"EnemyHostile, EnemyInterceptor, SelfOfficerTalNotOnBridge",✴️,"EnemyInterceptor, SelfOfficerTalNotOnBridge",✴️,"EnemyInterceptor, SelfOfficerTalNotOnBridge",➖,"EnemyHostile, EnemyInterceptor, SelfOfficerTalNotOnBridge",✴️,"EnemyInterceptor, SelfOfficerTalNotOnBridge",➖,TargetNotArmada,➖,TargetNotArmada,➖,"EnemyHostile, EnemyInterceptor, SelfOfficerTalNotOnBridge",➖,TargetNotArmada,➖,"EnemyHostile, EnemyInterceptor, SelfOfficerTalNotOnBridge",➖,"EnemyHostile, EnemyInterceptor, SelfOfficerTalNotOnBridge",➖,ApexBarrier,➖,ApexBarrier,688153966,3594463469,304,Rare,,,"EnemyInterceptor, SelfOfficerTalNotOnBridge",1,1,1,1,1,1000,1200,1500,2000,3000,,
518,QUASI,OA,MIRROR UNIVERSE,ApexShred,EnemyPlayer,CombatStart,EnemyShip,Add,,Increases Apex Shred against players by X (X at rank X). -- Apex Barrier remaining after Apex Shred is equal to: -- Apex Barrier / (100% + Apex Shred) -- 100% Apex Shred reduces Apex Barrier by 50%.,Increases Apex Shred against players by X.,"1.0, 1.0, 1.0, 1.0, 1.0","0.5, 0.6, 0.8, 1.1, 1.5",FALSE,TRUE,✅,,✅,,➖,EnemyPlayer,➖,EnemyPlayer,➖,EnemyPlayer,➖,EnemyPlayer,➖,EnemyPlayer,➖,EnemyPlayer,➖,EnemyPlayer,➖,EnemyPlayer,➖,EnemyPlayer,➖,EnemyPlayer,➖,ApexShred,➖,ApexShred,2437470376,3814065186,305,Epic,,,,1,1,1,1,1,0.5,0.6,0.8,1.1,1.5,,
519,QUASI,BDA,MIRROR UNIVERSE,ApexShred,"EnemyHostile, TargetNotArmada",CombatStart,EnemyShip,Add,,Increases Apex Shred against non-Armada hostiles by X (X at rank X). -- Apex Barrier remaining after Apex Shred is equal to: -- Apex Barrier / (100% + Apex Shred) -- 100% Apex Shred reduces Apex Barrier by 50%.,Increases Apex Shred against non-Armada hostiles by +X.,"1.0, 1.0, 1.0, 1.0, 1.0","0.25, 0.3, 0.4, 0.55, 0.75",FALSE,TRUE,➖,EnemyHostile,➖,EnemyHostile,✅,,✅,,➖,EnemyHostile,✅,,➖,TargetNotArmada,➖,TargetNotArmada,➖,EnemyHostile,➖,TargetNotArmada,➖,EnemyHostile,➖,EnemyHostile,➖,ApexShred,➖,ApexShred,16163305,3814065186,305,Epic,,,,1,1,1,1,1,0.25,0.3,0.4,0.55,0.75,,
520,ALOK SAHAR,OA,SECTION 31,ApexShred,"SelfHullJunker, EnemyPlayer",CombatStart,EnemyShip,Add,,Increases Apex Shred against players by X (X at rank X) when assigned to the GS-31. -- Apex Barrier remaining after Apex Shred is equal to: -- Apex Barrier / (100% + Apex Shred). -- 100% Apex Shred reduces Apex Barrier by 50%.,Increases Apex Shred against players by X when assigned to the GS-31.,"1.0, 1.0, 1.0, 1.0, 1.0","0.15, 0.25, 0.35, 0.5, 0.7",FALSE,TRUE,✴️,SelfHullJunker,✴️,SelfHullJunker,➖,"SelfHullJunker, EnemyPlayer",➖,"SelfHullJunker, EnemyPlayer",➖,"SelfHullJunker, EnemyPlayer",➖,"SelfHullJunker, EnemyPlayer",➖,"SelfHullJunker, EnemyPlayer",➖,"SelfHullJunker, EnemyPlayer",➖,"SelfHullJunker, EnemyPlayer",➖,"SelfHullJunker, EnemyPlayer",➖,"SelfHullJunker, EnemyPlayer",➖,"SelfHullJunker, EnemyPlayer",➖,ApexShred,➖,ApexShred,3778774634,2100903263,306,Rare,,,SelfHullJunker,1,1,1,1,1,0.15,0.25,0.35,0.5,0.7,,
521,ALOK SAHAR,BDA,SECTION 31,ApexBarrier,"EnemyHostile, TargetNotArmada, EnemyExplorer, SelfOfficerTalNotOnBridge",CombatStart,SelfShip,Add,,Increases Apex Barrier against Explorer hostiles by X (X at rank X). -- This ability does not trigger when Tal is assigned to the bridge of your ship.,Increases Apex Barrier against Explorer hostiles by X.,"1.0, 1.0, 1.0, 1.0, 1.0","1000.0, 1200.0, 1500.0, 2000.0, 3000.0",FALSE,FALSE,➖,"EnemyHostile, EnemyExplorer, SelfOfficerTalNotOnBridge",➖,"EnemyHostile, EnemyExplorer, SelfOfficerTalNotOnBridge",✴️,"EnemyExplorer, SelfOfficerTalNotOnBridge",✴️,"EnemyExplorer, SelfOfficerTalNotOnBridge",➖,"EnemyHostile, EnemyExplorer, SelfOfficerTalNotOnBridge",✴️,"EnemyExplorer, SelfOfficerTalNotOnBridge",➖,TargetNotArmada,➖,TargetNotArmada,➖,"EnemyHostile, EnemyExplorer, SelfOfficerTalNotOnBridge",➖,TargetNotArmada,➖,"EnemyHostile, EnemyExplorer, SelfOfficerTalNotOnBridge",➖,"EnemyHostile, EnemyExplorer, SelfOfficerTalNotOnBridge",➖,ApexBarrier,➖,ApexBarrier,3098652344,2100903263,306,Rare,,,"EnemyExplorer, SelfOfficerTalNotOnBridge",1,1,1,1,1,1000,1200,1500,2000,3000,,
522,WOK CAROL,OA,WRATH OF KHAN,WokAugmentAllLootRewards,,ShipLaunched,SelfShip,MultiplyAdd,,"WOK Carol Marcus increases Common, Uncommon, Rare and Epic loot dropped by Augment Exile hostiles by X (X at rank X).",Increases Common/Uncommon/Rare/Epic loot dropped by Augment Exile hostiles by X.,"1.0, 1.0, 1.0, 1.0, 1.0","1.5, 2.0, 3.5, 5.0, 7.0",FALSE,TRUE,➖,WokAugmentAllLootRewards,➖,WokAugmentAllLootRewards,✴️,see description,➖,WokAugmentAllLootRewards,➖,WokAugmentAllLootRewards,➖,WokAugmentAllLootRewards,➖,WokAugmentAllLootRewards,➖,WokAugmentAllLootRewards,➖,WokAugmentAllLootRewards,➖,WokAugmentAllLootRewards,➖,WokAugmentAllLootRewards,➖,WokAugmentAllLootRewards,✅,,➖,WokAugmentAllLootRewards,2093942349,807303933,307,Epic,,,WokAugmentAllLootRewards,1,1,1,1,1,1.5,2,3.5,5,7,,
523,WOK CAROL,BDA,WRATH OF KHAN,ShieldMitigation,"EnemyHostile, TargetNotArmada",HullDamageTaken,SelfShip,Add,num_rounds=1,"When you take hull damage from a non-Armada hostile, WOK Carol Marcus increases your Shield Mitigation by X (X at rank X) for 1 round (cumulative). -- (Weapons with multiple shots will only trigger this ability once per attack.)","When you take hull damage from a non-Armada hostile, increase your Shield Mitigation by X for 1 round (cumulative).","1.0, 1.0, 1.0, 1.0, 1.0","0.05, 0.07, 0.1, 0.15, 0.25",FALSE,TRUE,➖,EnemyHostile,➖,EnemyHostile,✅,,✅,,➖,EnemyHostile,✅,,➖,TargetNotArmada,➖,TargetNotArmada,➖,EnemyHostile,➖,TargetNotArmada,➖,EnemyHostile,➖,EnemyHostile,➖,ShieldMitigation,➖,ShieldMitigation,1387906359,807303933,307,Epic,,,,1,1,1,1,1,0.05,0.07,0.1,0.15,0.25,,
524,WOK MCCOY,OA,WRATH OF KHAN,AllDefenses,SelfAtWaveDefenseChallenge,CombatStart,SelfShip,MultiplyBaseAdd,officer_stat=3,"On combat start, WOK Leonard McCoy increases your Armor, Shield Deflection, and Dodge by X (X at rank X) of Health when in Wave Defense.","Increases your Armor, Shield Deflection, and Dodge by X of Health when in Wave Defense.","1.0, 1.0, 1.0, 1.0, 1.0","5.0, 7.5, 15.0, 30.0, 50.0",FALSE,TRUE,➖,SelfAtWaveDefenseChallenge,➖,SelfAtWaveDefenseChallenge,➖,SelfAtWaveDefenseChallenge,✅,,➖,SelfAtWaveDefenseChallenge,➖,SelfAtWaveDefenseChallenge,➖,SelfAtWaveDefenseChallenge,➖,SelfAtWaveDefenseChallenge,➖,SelfAtWaveDefenseChallenge,➖,SelfAtWaveDefenseChallenge,➖,SelfAtWaveDefenseChallenge,➖,SelfAtWaveDefenseChallenge,➖,AllDefenses,➖,AllDefenses,796935785,1352288560,308,Rare,,,,1,1,1,1,1,5,7.5,15,30,50,,
525,WOK MCCOY,BDA,WRATH OF KHAN,AllDefenses,EnemyHostile,CombatStart,SelfShip,MultiplyBaseAdd,officer_stat=2,"On combat start against non-player hostiles or Armadas, WOK Leonard McCoy increases your Armor, Shield Deflection, and Dodge by X (X at rank X) of Defense.","Increases your Armor, Shield Deflection, and Dodge by X of Defense against non-player hostiles or Armadas.","1.0, 1.0, 1.0, 1.0, 1.0","3.0, 3.75, 4.5, 6.0, 8.0",FALSE,TRUE,➖,EnemyHostile,➖,EnemyHostile,✅,,✅,,➖,EnemyHostile,✅,,✅,,✅,,➖,EnemyHostile,✅,,➖,EnemyHostile,➖,EnemyHostile,➖,AllDefenses,➖,AllDefenses,533816193,1352288560,308,Rare,,,,1,1,1,1,1,3,3.75,4.5,6,8,,
526,WOK JOACHIM,OA,WRATH OF KHAN,ApexBarrier,"SelfSurveyor, EnemyPlayer, SelfOfficerTalNotOnBridge, SelfDefending",CombatStart,SelfShip,Add,,"On combat start, WOK Joachim increases your Apex Barrier by X (X at rank X) when attacked by a player while on a Survey ship. -- This ability does not trigger when Tal is assigned to the bridge of your ship.",Increases your Apex Barrier by X when attacked by a player while on a Survey ship.,"1.0, 1.0, 1.0, 1.0, 1.0","10000.0, 20000.0, 35000.0, 50000.0, 75000.0",FALSE,FALSE,✴️,"SelfSurveyor, SelfOfficerTalNotOnBridge",✴️,"SelfSurveyor, SelfOfficerTalNotOnBridge",➖,"SelfSurveyor, EnemyPlayer, SelfOfficerTalNotOnBridge, SelfDefending",➖,"SelfSurveyor, EnemyPlayer, SelfOfficerTalNotOnBridge, SelfDefending",➖,"SelfSurveyor, EnemyPlayer, SelfOfficerTalNotOnBridge, SelfDefending",➖,"SelfSurveyor, EnemyPlayer, SelfOfficerTalNotOnBridge, SelfDefending",➖,"SelfSurveyor, EnemyPlayer, SelfOfficerTalNotOnBridge, SelfDefending",➖,"SelfSurveyor, EnemyPlayer, SelfOfficerTalNotOnBridge, SelfDefending",➖,"SelfSurveyor, EnemyPlayer, SelfOfficerTalNotOnBridge, SelfDefending",➖,"SelfSurveyor, EnemyPlayer, SelfOfficerTalNotOnBridge, SelfDefending",➖,"SelfSurveyor, EnemyPlayer, SelfOfficerTalNotOnBridge, SelfDefending",➖,"SelfSurveyor, EnemyPlayer, SelfOfficerTalNotOnBridge, SelfDefending",➖,ApexBarrier,➖,ApexBarrier,1533467574,897691678,309,Epic,,,"SelfSurveyor, SelfOfficerTalNotOnBridge",1,1,1,1,1,10000,20000,35000,50000,75000,,
527,WOK JOACHIM,BDA,WRATH OF KHAN,IsolyticDefense,,ShipLaunched,SelfShip,Add,,WOK Joachim increases your Isolytic Defense by X (X at rank X) against hostiles and players.,Increases your Isolytic Defense by X against hostiles and players.,"1.0, 1.0, 1.0, 1.0, 1.0","1.0, 1.5, 2.0, 3.0, 5.0",FALSE,TRUE,✅,,✅,,✅,,✅,,✅,,✅,,✅,,✅,,✅,,✅,,✅,,✅,,➖,IsolyticDefense,➖,IsolyticDefense,351013842,897691678,309,Epic,,,,1,1,1,1,1,1,1.5,2,3,5,,
528,WOK SCOTTY,OA,WRATH OF KHAN,ArmadaLoot,,ShipLaunched,SelfShip,MultiplyAdd,,WOK Montgomery Scott increases loot gained from Armadas by X (X at rank X).,Increases loot gained from Armadas by X,"1.0, 1.0, 1.0, 1.0, 1.0","0.2, 0.4, 0.65, 0.9, 1.25",FALSE,TRUE,➖,ArmadaLoot,➖,ArmadaLoot,➖,ArmadaLoot,➖,ArmadaLoot,➖,ArmadaLoot,➖,ArmadaLoot,✅,,✅,,➖,ArmadaLoot,✅,,✅,,➖,ArmadaLoot,✅,,➖,ArmadaLoot,3910983177,3242236216,310,Epic,,,,1,1,1,1,1,0.2,0.4,0.65,0.9,1.25,,
529,WOK SCOTTY,BDA,WRATH OF KHAN,ShieldMitigation,"EnemyHostile, TargetNotArmada",CombatStart,EnemyShip,Sub,,WOK Montgomery Scott reduces enemy Shield Mitigation by X (X at rank X) when fighting non-Armada hostiles.,Reduces enemy Shield Mitigation by X when fighting non-Armada hostiles.,"1.0, 1.0, 1.0, 1.0, 1.0","0.1, 0.15, 0.2, 0.3, 0.4",FALSE,TRUE,➖,EnemyHostile,➖,EnemyHostile,✅,,✅,,➖,EnemyHostile,✅,,➖,TargetNotArmada,➖,TargetNotArmada,➖,EnemyHostile,➖,TargetNotArmada,➖,EnemyHostile,➖,EnemyHostile,➖,ShieldMitigation,➖,ShieldMitigation,1897079104,3242236216,310,Epic,,,,1,1,1,1,1,0.1,0.15,0.2,0.3,0.4,,
530,WOK SAAVIK,OA,WRATH OF KHAN,IsolyticDamage,SelfAtWaveDefenseChallenge,CombatStart,SelfShip,MultiplyAdd,,"On combat start, WOK Saavik increases Isolytic Cascade damage by X (X at rank X) when in Wave Defense.",Increases Isolytic Cascade damage by X when in Wave Defense.,"1.0, 1.0, 1.0, 1.0, 1.0","0.7, 0.9, 1.1, 1.3, 1.5",FALSE,TRUE,➖,SelfAtWaveDefenseChallenge,➖,SelfAtWaveDefenseChallenge,➖,SelfAtWaveDefenseChallenge,✅,,➖,SelfAtWaveDefenseChallenge,➖,SelfAtWaveDefenseChallenge,➖,SelfAtWaveDefenseChallenge,➖,SelfAtWaveDefenseChallenge,➖,SelfAtWaveDefenseChallenge,➖,SelfAtWaveDefenseChallenge,➖,SelfAtWaveDefenseChallenge,➖,SelfAtWaveDefenseChallenge,➖,IsolyticDamage,➖,IsolyticDamage,2156699259,1738777089,311,Rare,,,,1,1,1,1,1,0.7,0.9,1.1,1.3,1.5,,
531,WOK SAAVIK,BDA,WRATH OF KHAN,IsolyticDamage,"EnemyHostile, TargetNotArmada, TargetStateAny",RoundStart,SelfShip,MultiplyAdd,num_rounds=1,"On round start, against non-Armada hostiles, WOK Saavik increases your Isolytic Cascade damage by X (X at rank X) for 1 round, if the enemy has any state.","On round start, against non-Armada hostiles, increase your Isolytic Cascade damage by X for 1 round, if the enemy has any state.","1.0, 1.0, 1.0, 1.0, 1.0","0.15, 0.2, 0.3, 0.5, 0.7",FALSE,TRUE,➖,"EnemyHostile, TargetStateAny",➖,"EnemyHostile, TargetStateAny",✴️,TargetStateAny,✴️,TargetStateAny,➖,"EnemyHostile, TargetStateAny",✴️,TargetStateAny,➖,TargetNotArmada,➖,TargetNotArmada,➖,"EnemyHostile, TargetStateAny",➖,TargetNotArmada,➖,"EnemyHostile, TargetStateAny",➖,"EnemyHostile, TargetStateAny",➖,IsolyticDamage,➖,IsolyticDamage,3649514938,1738777089,311,Rare,,Any State,TargetStateAny,1,1,1,1,1,0.15,0.2,0.3,0.5,0.7,,
532,SNW SCOTTY,OA,STRANGE NEW WORLDS,IsolyticDamage,EnemyHullFaction,CombatStart,SelfShip,MultiplyAdd,faction_id=3292196998,SNW Montgomery Scott increases Isolytic Cascade Damage by X (X at rank X) versus Suliban Hostiles.,Increases Isolytic Cascade Damage by X versus Suliban Hostiles.,"1.0, 1.0, 1.0, 1.0, 1.0","0.4, 0.55, 0.8, 1.1, 1.5",FALSE,TRUE,➖,EnemyHullFaction,➖,EnemyHullFaction,✴️,Suliban,✴️,Suliban,✴️,Suliban,✴️,Suliban,✴️,Suliban,✴️,Suliban,✴️,Suliban,➖,EnemyHullFaction,➖,EnemyHullFaction,➖,EnemyHullFaction,➖,IsolyticDamage,➖,IsolyticDamage,3735581723,1536491613,312,Epic,,,Suliban,1,1,1,1,1,0.4,0.55,0.8,1.1,1.5,,
533,SNW SCOTTY,BDA,STRANGE NEW WORLDS,ShieldHPMax,,ShipLaunched,SelfShip,MultiplyAdd,,SNW Montgomery Scott increases the ship's Shield Health by X (X at rank X).,Increases the ship's Shield Health by X.,"1.0, 1.0, 1.0, 1.0, 1.0","1.0, 2.0, 3.5, 5.0, 7.0",FALSE,TRUE,✅,,✅,,✅,,✅,,✅,,✅,,✅,,✅,,✅,,✅,,✅,,✅,,➖,ShieldHPMax,➖,ShieldHPMax,2927268716,1536491613,312,Epic,,,,1,1,1,1,1,1,2,3.5,5,7,,
534,SNW T'PRING,OA,STRANGE NEW WORLDS,AllDefenses,"EnemyHostile, TargetNotArmada",CombatStart,SelfShip,MultiplyBaseAdd,officer_stat=2,"SNW T'Pring increases Armor, Shield Deflection, and Dodge by X (X at rank X) of total Defense against non-Armada hostiles.","Increases Armor, Shield Deflection, and Dodge by X of total Defense against non-Armada hostiles.","1.0, 1.0, 1.0, 1.0, 1.0","12.0, 15.0, 18.0, 21.0, 25.0",FALSE,TRUE,➖,EnemyHostile,➖,EnemyHostile,✅,,✅,,➖,EnemyHostile,✅,,➖,TargetNotArmada,➖,TargetNotArmada,➖,EnemyHostile,➖,TargetNotArmada,➖,EnemyHostile,➖,EnemyHostile,➖,AllDefenses,➖,AllDefenses,1702088670,3339117238,313,Epic,,,,1,1,1,1,1,12,15,18,21,25,,
535,SNW T'PRING,BDA,STRANGE NEW WORLDS,MiningReward,,ShipLaunched,SelfShip,MultiplyAdd,"resources=[680796905, 3735331456, 3598797204, 3739531165, 1779416627, 2964093937, 1349464922, 2002611017, 84292608, 802509572, 2905009151, 3842158911]","SNW T'Pring Increases the amount of 3⇵-6⇵ Ore/Crystal/Gas collected by X (X at rank X), without draining the mining node faster.","Increases the amount of 3⇵-6⇵ Ore/Crystal/Gas collected by X, without draining the mining node faster.","1.0, 1.0, 1.0, 1.0, 1.0","0.05, 0.1, 0.15, 0.2, 0.3",FALSE,TRUE,➖,MiningReward,➖,MiningReward,➖,MiningReward,➖,MiningReward,➖,MiningReward,➖,MiningReward,➖,MiningReward,➖,MiningReward,➖,MiningReward,➖,MiningReward,➖,MiningReward,➖,MiningReward,➖,MiningReward,✅,,518597711,3339117238,313,Epic,,,,1,1,1,1,1,0.05,0.1,0.15,0.2,0.3,,
536,SNW D'CHOK,OA,STRANGE NEW WORLDS,MiningRate,,ShipLaunched,SelfShip,MultiplyAdd,"resources=[1495067766, 2431214132, 3342042571, 819663825]","SNW D'Chok increases Common, Uncommon, Rare, and Epic Transogen Mining Speed by X (X at rank X).",Increases Transogen Mining Speed by X.,"1.0, 1.0, 1.0, 1.0, 1.0","10.0, 20.0, 35.0, 50.0, 75.0",FALSE,TRUE,➖,MiningRate,➖,MiningRate,➖,MiningRate,➖,MiningRate,➖,MiningRate,➖,MiningRate,➖,MiningRate,➖,MiningRate,➖,MiningRate,➖,MiningRate,➖,MiningRate,➖,MiningRate,➖,MiningRate,✅,,919105554,598126845,314,Epic,,,,1,1,1,1,1,10,20,35,50,75,,
537,SNW D'CHOK,BDA,STRANGE NEW WORLDS,AllDamage,,ShipLaunched,SelfShip,MultiplyAdd,,SNW D'Chok increases the ship's Weapon Damage by X (X at rank X).,Increases the ship's Weapon Damage by X.,"1.0, 1.0, 1.0, 1.0, 1.0","7.0, 10.0, 15.0, 21.0, 30.0",FALSE,TRUE,✅,,✅,,✅,,✅,,✅,,✅,,✅,,✅,,✅,,✅,,✅,,✅,,➖,AllDamage,➖,AllDamage,4031608842,598126845,314,Epic,,,,1,1,1,1,1,7,10,15,21,30,,
538,BLACK OPS M'BENGA,OA,STRANGE NEW WORLDS,IsolyticDefense,EnemyHullFaction,CombatStart,SelfShip,Add,faction_id=3292196998,SNW Black Ops M'Benga increases Isolytic Defense by X (X at rank X) versus Suliban Hostiles.,Increases Isolytic Defense by X versus Suliban Hostiles.,"1.0, 1.0, 1.0, 1.0, 1.0","0.4, 0.6, 0.9, 1.3, 2.0",FALSE,TRUE,➖,EnemyHullFaction,➖,EnemyHullFaction,✴️,Suliban,✴️,Suliban,✴️,Suliban,✴️,Suliban,✴️,Suliban,✴️,Suliban,✴️,Suliban,➖,EnemyHullFaction,➖,EnemyHullFaction,➖,EnemyHullFaction,➖,IsolyticDefense,➖,IsolyticDefense,1125012500,901708334,315,Epic,,,Suliban,1,1,1,1,1,0.4,0.6,0.9,1.3,2,,
539,BLACK OPS M'BENGA,BDA,STRANGE NEW WORLDS,ShieldHPRepair,"EnemyHostile, TargetNotArmada",RoundStart,SelfShip,MultiplyAdd,,SNW Black Ops M'Benga restores the Shield Health of your ship every round by X (X at rank X) when fighting hostiles.,Restores the Shield Health of your ship every round by X when fighting hostiles.,"1.0, 1.0, 1.0, 1.0, 1.0","0.02, 0.03, 0.05, 0.07, 0.1",FALSE,TRUE,➖,EnemyHostile,➖,EnemyHostile,✅,,✅,,➖,EnemyHostile,✅,,➖,TargetNotArmada,➖,TargetNotArmada,➖,EnemyHostile,➖,TargetNotArmada,➖,EnemyHostile,➖,EnemyHostile,➖,ShieldHPRepair,➖,ShieldHPRepair,1513489186,901708334,315,Epic,,,,1,1,1,1,1,0.02,0.03,0.05,0.07,0.1,,
540,BLACK OPS CHAPEL,OA,STRANGE NEW WORLDS,FactionPointsGain,,ShipLaunched,SelfShip,MultiplyAdd,,"SNW Black Ops Chapel increases base positive Reputation gained from Federation, Klingon and Romulan Hostiles by X (X at rank X).","Increases base positive Reputation gained from Federation, Klingon and Romulan Hostiles by X.","1.0, 1.0, 1.0, 1.0, 1.0","0.75, 1.25, 2.0, 2.75, 4.5",FALSE,TRUE,➖,FactionPointsGain,➖,FactionPointsGain,✴️,see description,➖,FactionPointsGain,➖,FactionPointsGain,➖,FactionPointsGain,✴️,see description,✴️,see description,➖,FactionPointsGain,➖,FactionPointsGain,➖,FactionPointsGain,➖,FactionPointsGain,✅,,➖,FactionPointsGain,1228564648,3258596709,316,Rare,,,FactionPointsGain,1,1,1,1,1,0.75,1.25,2,2.75,4.5,,
541,BLACK OPS CHAPEL,BDA,STRANGE NEW WORLDS,HullHPMax,,ShipLaunched,SelfShip,MultiplyAdd,,SNW Black Ops Chapel increases the ship's base Hull Health by X (X at rank X).,Increases the ship's base Hull Health by X.,"1.0, 1.0, 1.0, 1.0, 1.0","1.0, 1.5, 2.0, 3.0, 5.0",FALSE,TRUE,✅,,✅,,✅,,✅,,✅,,✅,,✅,,✅,,✅,,✅,,✅,,✅,,➖,HullHPMax,➖,HullHPMax,1316211407,3258596709,316,Rare,,,,1,1,1,1,1,1,1.5,2,3,5,,
542,VIL WINN ADAMI,OA,VILLAINS,ShieldMitigation,"TargetNotASB, EnemySentinel",CombatStart,EnemyAllShips,MultiplySub,num_rounds=3,"When attacking a station, Winn Adami ignores X (X at rank X) of the opponent's shield for the first 3 rounds.","When attacking a Station, Winn Adami ignores X  of the opponent's shield for the first 3 rounds.","1.0, 1.0, 1.0, 1.0, 1.0","0.6, 0.7, 0.8, 0.9, 1.0",FALSE,TRUE,➖,EnemySentinel,✅,,➖,EnemySentinel,➖,EnemySentinel,➖,EnemySentinel,➖,EnemySentinel,➖,EnemySentinel,➖,EnemySentinel,➖,TargetNotASB,➖,EnemySentinel,➖,EnemySentinel,➖,EnemySentinel,➖,ShieldMitigation,➖,ShieldMitigation,2883874665,2686255925,317,Epic,,,,1,1,1,1,1,0.6,0.7,0.8,0.9,1,,
543,VIL WINN ADAMI,BDA,VILLAINS,CritDamage,EnemyPlayer,CombatStart,EnemyAllShips,Sub,,Reduces enemy player Critical Damage by X (X at rank X) .,Reduces enemy player Critical Damage by X .,"1.0, 1.0, 1.0, 1.0, 1.0","1.0, 1.5, 2.0, 2.5, 3.5",FALSE,TRUE,✅,,✅,,➖,EnemyPlayer,➖,EnemyPlayer,➖,EnemyPlayer,➖,EnemyPlayer,➖,EnemyPlayer,➖,EnemyPlayer,➖,EnemyPlayer,➖,EnemyPlayer,➖,EnemyPlayer,➖,EnemyPlayer,➖,CritDamage,➖,CritDamage,2429471841,2686255925,317,Epic,,,,1,1,1,1,1,1,1.5,2,2.5,3.5,,
544,VIL GUL DUKAT,OA,VILLAINS,ShotsPerAttack,"TargetNotASB, EnemySentinel",CombatStart,SelfShip,MultiplyAdd,,VIL Gul Dukat increases Shots by X (X at rank X) when attacking a Station.,Increases Shots by  X  when attacking a Station.,"1.0, 1.0, 1.0, 1.0, 1.0","0.6, 0.8, 1.2, 1.8, 3.0",FALSE,TRUE,➖,EnemySentinel,✅,,➖,EnemySentinel,➖,EnemySentinel,➖,EnemySentinel,➖,EnemySentinel,➖,EnemySentinel,➖,EnemySentinel,➖,TargetNotASB,➖,EnemySentinel,➖,EnemySentinel,➖,EnemySentinel,➖,ShotsPerAttack,➖,ShotsPerAttack,2857736688,2033443887,318,Epic,,,,1,1,1,1,1,0.6,0.8,1.2,1.8,3,,
545,VIL GUL DUKAT,BDA,VILLAINS,CritChance,EnemyPlayer,CombatStart,EnemyAllShips,Sub,num_rounds=4,VIL Gul Dukat reduces enemy player Critical Chance by X (X at rank X) during 4 rounds at the start of the combat.,Reduces enemy player Critical Chance by X during 4 rounds at the start of the combat.,"1.0, 1.0, 1.0, 1.0, 1.0","0.1, 0.15, 0.2, 0.3, 0.5",FALSE,TRUE,✅,,✅,,➖,EnemyPlayer,➖,EnemyPlayer,➖,EnemyPlayer,➖,EnemyPlayer,➖,EnemyPlayer,➖,EnemyPlayer,➖,EnemyPlayer,➖,EnemyPlayer,➖,EnemyPlayer,➖,EnemyPlayer,➖,CritChance,➖,CritChance,394709744,2033443887,318,Epic,,,,1,1,1,1,1,0.1,0.15,0.2,0.3,0.5,,
546,NOG,CM,Status Control Team,ApexBarrier,"TargetNotASB, EnemySentinel, SelfOfficerTalNotOnBridge",RoundStart,SelfShip,Add,num_rounds=2,"Nog increases Apex Barrier by X for 2 rounds on round start, when attacking a Station. -- This ability does not trigger when Tal is assigned to the bridge of your ship.",Increases Apex Barrier by X for 2 rounds when attacking a Station.,"1.0, 1.0, 1.0","20000.0, 0.0, 0.0",FALSE,FALSE,➖,"EnemySentinel, SelfOfficerTalNotOnBridge",✴️,SelfOfficerTalNotOnBridge,➖,"EnemySentinel, SelfOfficerTalNotOnBridge",➖,"EnemySentinel, SelfOfficerTalNotOnBridge",➖,"EnemySentinel, SelfOfficerTalNotOnBridge",➖,"EnemySentinel, SelfOfficerTalNotOnBridge",➖,"EnemySentinel, SelfOfficerTalNotOnBridge",➖,"EnemySentinel, SelfOfficerTalNotOnBridge",➖,TargetNotASB,➖,"EnemySentinel, SelfOfficerTalNotOnBridge",➖,"EnemySentinel, SelfOfficerTalNotOnBridge",➖,"EnemySentinel, SelfOfficerTalNotOnBridge",➖,ApexBarrier,➖,ApexBarrier,4102667011,1878219859,319,Epic,,,SelfOfficerTalNotOnBridge,1,1,1,,,20000,0,0,,,,
547,NOG,OA,Status Control Team,CritChance,"EnemyPlayer, TargetStateAny",RoundStart,EnemyShip,Sub,num_rounds=2,"Nog reduces Critical Hit Chance by X (X at rank X) for 2 rounds on round start against players, if the opponent has any state.",Reduces Critical Hit Chance against players by X for 2 rounds if the opponent has any state.,"1.0, 1.0, 1.0, 1.0, 1.0","0.2, 0.35, 0.5, 0.6, 0.7",FALSE,TRUE,✴️,TargetStateAny,✴️,TargetStateAny,➖,"EnemyPlayer, TargetStateAny",➖,"EnemyPlayer, TargetStateAny",➖,"EnemyPlayer, TargetStateAny",➖,"EnemyPlayer, TargetStateAny",➖,"EnemyPlayer, TargetStateAny",➖,"EnemyPlayer, TargetStateAny",➖,"EnemyPlayer, TargetStateAny",➖,"EnemyPlayer, TargetStateAny",➖,"EnemyPlayer, TargetStateAny",➖,"EnemyPlayer, TargetStateAny",➖,CritChance,➖,CritChance,811065857,1878219859,319,Epic,,Any State,TargetStateAny,1,1,1,1,1,0.2,0.35,0.5,0.6,0.7,,
548,THE HIERARCH,CM,Status Control Team,ShotsPerAttack,EnemyPlayer,RoundStart,SelfShip,MultiplyAdd,num_rounds=2,The Hierarch increases Shots by X (200% at max synergy) for 2 rounds on round start against players.,Increases Shots against players by X (200% at max synergy) for 2 rounds.,"1.0, 1.0, 1.0","1.2, 0.4, 0.4",FALSE,TRUE,✅,,✅,,➖,EnemyPlayer,➖,EnemyPlayer,➖,EnemyPlayer,➖,EnemyPlayer,➖,EnemyPlayer,➖,EnemyPlayer,➖,EnemyPlayer,➖,EnemyPlayer,➖,EnemyPlayer,➖,EnemyPlayer,➖,ShotsPerAttack,➖,ShotsPerAttack,3111245783,429857188,320,Epic,,,,1,1,1,,,1.2,0.4,0.4,,,,
549,THE HIERARCH,OA,Status Control Team,AddRandomState,EnemyPlayer,RoundStart,EnemyShip,Set,"multi_state=[4, 2, 64], num_rounds=2","The Hierarch has a X (X at rank X) chance of applying Hull Breach, Burning, or Assimilate for 2 rounds on a round start against players.","Has a X chance of applying Hull Breach, Burning, or Assimilate against players for 2 rounds.","0.5, 0.65, 0.8, 0.9, 1.0","1.0, 1.0, 1.0, 1.0, 1.0",TRUE,TRUE,✅,,✅,,➖,EnemyPlayer,➖,EnemyPlayer,➖,EnemyPlayer,➖,EnemyPlayer,➖,EnemyPlayer,➖,EnemyPlayer,➖,EnemyPlayer,➖,EnemyPlayer,➖,EnemyPlayer,➖,EnemyPlayer,➖,AddRandomState,➖,AddRandomState,2351016344,429857188,320,Epic,,,,0.5,0.65,0.8,0.9,1,1,1,1,1,1,,
550,EZRI DAX,CM,Status Control Team,IsolyticDamage,"SelfSurveyor, EnemyPlayer, SelfDefending",CombatStart,SelfShip,MultiplyAdd,,Ezri Dax increases Isolytic Cascade Damage by X when attacked by a Player while on a Survey Ship.,Increases Isolytic Cascade Damage by X when attacked by a Player while on a Survey Ship.,"1.0, 1.0, 1.0","15.0, 0.0, 0.0",FALSE,TRUE,✴️,SelfSurveyor,✴️,SelfSurveyor,➖,"SelfSurveyor, EnemyPlayer, SelfDefending",➖,"SelfSurveyor, EnemyPlayer, SelfDefending",➖,"SelfSurveyor, EnemyPlayer, SelfDefending",➖,"SelfSurveyor, EnemyPlayer, SelfDefending",➖,"SelfSurveyor, EnemyPlayer, SelfDefending",➖,"SelfSurveyor, EnemyPlayer, SelfDefending",➖,"SelfSurveyor, EnemyPlayer, SelfDefending",➖,"SelfSurveyor, EnemyPlayer, SelfDefending",➖,"SelfSurveyor, EnemyPlayer, SelfDefending",➖,"SelfSurveyor, EnemyPlayer, SelfDefending",➖,IsolyticDamage,➖,IsolyticDamage,2091866033,1549505702,321,Epic,,,SelfSurveyor,1,1,1,,,15,0,0,,,,
551,EZRI DAX,OA,Status Control Team,IsolyticDamage,"EnemyPlayer, TargetStateAny",RoundStart,SelfShip,MultiplyAdd,num_rounds=2,"Ezri Dax increases Isolytic Cascade Damage by X (X at rank X) for 2 rounds on round start against players, if the opponent has any state.","Increases Isolytic Cascade Damage against players by X for 2 rounds, if the opponent has any state.","1.0, 1.0, 1.0, 1.0, 1.0","1.0, 1.3, 1.6, 1.8, 2.0",FALSE,TRUE,✴️,TargetStateAny,✴️,TargetStateAny,➖,"EnemyPlayer, TargetStateAny",➖,"EnemyPlayer, TargetStateAny",➖,"EnemyPlayer, TargetStateAny",➖,"EnemyPlayer, TargetStateAny",➖,"EnemyPlayer, TargetStateAny",➖,"EnemyPlayer, TargetStateAny",➖,"EnemyPlayer, TargetStateAny",➖,"EnemyPlayer, TargetStateAny",➖,"EnemyPlayer, TargetStateAny",➖,"EnemyPlayer, TargetStateAny",➖,IsolyticDamage,➖,IsolyticDamage,4100401808,1549505702,321,Epic,,Any State,TargetStateAny,1,1,1,1,1,1,1.3,1.6,1.8,2,,
552,TMP HIKARU SULU,CM,THE MOTION PICTURES,ApexBarrier,"TargetMaxLevel, CombatBattleType, SelfOfficerTalNotOnBridge",CombatStart,SelfShip,Add,"battle_types=[17, 18, 2, 5, 9, 6], max_level=81, num_rounds=10","TMP Hikaru Sulu increases Apex Barrier by X for 10 rounds against non-Armada Hostiles, Outposts and Retaliation Hostiles. Works against Hostiles of level 81 and under. -- This ability does not trigger when Tal is assigned to the bridge of your ship.","Increases Apex Barrier by X for 10 rounds against non-Armada Hostiles, Outposts and Retaliation Hostiles. Works against Hostiles of level 81 and under.","1.0, 1.0, 1.0","2000.0, 3000.0, 3000.0",FALSE,FALSE,➖,"CombatBattleType, SelfOfficerTalNotOnBridge",➖,"CombatBattleType, SelfOfficerTalNotOnBridge",✴️,"TargetMaxLevel, SelfOfficerTalNotOnBridge",✴️,"TargetMaxLevel, SelfOfficerTalNotOnBridge",➖,"CombatBattleType, SelfOfficerTalNotOnBridge",➖,"CombatBattleType, SelfOfficerTalNotOnBridge",➖,"CombatBattleType, SelfOfficerTalNotOnBridge",➖,"CombatBattleType, SelfOfficerTalNotOnBridge",➖,"CombatBattleType, SelfOfficerTalNotOnBridge",➖,"CombatBattleType, SelfOfficerTalNotOnBridge",✴️,"TargetMaxLevel, SelfOfficerTalNotOnBridge",✴️,"TargetMaxLevel, SelfOfficerTalNotOnBridge",➖,ApexBarrier,➖,ApexBarrier,2952269443,328154093,322,Epic,,,"TargetMaxLevel, SelfOfficerTalNotOnBridge",1,1,1,,,2000,3000,3000,,,,
553,TMP HIKARU SULU,OA,THE MOTION PICTURES,CritChance,"CombatBattleType, TargetStateAny",RoundStart,SelfShip,Add,"battle_types=[17, 18, 2, 5, 6, 9], num_rounds=4","On round start, TMP Hikaru Sulu increases your ship's critical chance by X (X at rank X) for 4 rounds, if any state is applied to non-Armada Hostiles, Outposts or Retaliation Hostiles.","On round start, increases your ship's critical chance by X for 4 rounds, if any state is applied to non-Armada Hostiles, Outposts or Retaliation Hostiles.","1.0, 1.0, 1.0, 1.0, 1.0","0.02, 0.04, 0.06, 0.08, 0.1",FALSE,TRUE,➖,"CombatBattleType, TargetStateAny",➖,"CombatBattleType, TargetStateAny",✴️,TargetStateAny,✴️,TargetStateAny,➖,"CombatBattleType, TargetStateAny",➖,"CombatBattleType, TargetStateAny",➖,"CombatBattleType, TargetStateAny",➖,"CombatBattleType, TargetStateAny",➖,"CombatBattleType, TargetStateAny",➖,"CombatBattleType, TargetStateAny",✴️,TargetStateAny,✴️,TargetStateAny,➖,CritChance,➖,CritChance,455729729,328154093,322,Epic,,Any State,TargetStateAny,1,1,1,1,1,0.02,0.04,0.06,0.08,0.1,,
554,TMP NYOTA UHURA,OA,THE MOTION PICTURES,AddState,CombatBattleType,RoundStart,EnemyShip,MultiplyAdd,"battle_types=[17, 18, 2, 5, 6, 9, 9], num_rounds=2, state=4","On round start vs non-Armada Hostiles, Outposts, or Retaliation Hostiles, TMP Nyota Uhura has a X (X at rank X) chance to apply Hull Breach for 2 rounds.","On round start vs non-Armada Hostiles, Outposts, or Retaliation Hostiles, has a X chance to apply Hull Breach for 2 rounds.","0.5, 0.6, 0.7, 0.8, 0.9","1.0, 1.0, 1.0, 1.0, 1.0",TRUE,TRUE,➖,CombatBattleType,➖,CombatBattleType,✅,,✅,,➖,CombatBattleType,➖,CombatBattleType,➖,CombatBattleType,➖,CombatBattleType,➖,CombatBattleType,➖,CombatBattleType,✅,,✅,,➖,AddState,➖,AddState,3534319381,1983933897,323,Epic,,,,0.5,0.6,0.7,0.8,0.9,1,1,1,1,1,,
555,TMP NYOTA UHURA,BDA,THE MOTION PICTURES,IsolyticDamage,CombatBattleType,CombatStart,SelfShip,MultiplyAdd,"battle_types=[17, 18, 2, 5, 6, 9]","TMP Nyota Uhura increases your ship's Isolytic Cascade Damage by X (X at rank X) when fighting non-Armada Hostiles, Outposts, or Retaliation Hostiles.","Increases your ship's Isolytic Cascade Damage by X when fighting non-Armada Hostiles, Outposts, or Retaliation Hostiles.","1.0, 1.0, 1.0, 1.0, 1.0","0.1, 0.2, 0.3, 0.4, 0.5",FALSE,TRUE,➖,CombatBattleType,➖,CombatBattleType,✅,,✅,,➖,CombatBattleType,➖,CombatBattleType,➖,CombatBattleType,➖,CombatBattleType,➖,CombatBattleType,➖,CombatBattleType,✅,,✅,,➖,IsolyticDamage,➖,IsolyticDamage,3948501792,1983933897,323,Epic,,,,1,1,1,1,1,0.1,0.2,0.3,0.4,0.5,,
556,V'GER ILIA,OA,THE MOTION PICTURES,IsolyticDamage,"CombatBattleType, TargetStateAny",RoundStart,SelfShip,MultiplyAdd,"battle_types=[17, 18, 2, 5, 6, 9], num_rounds=5","On round start vs non-Armada Hostiles, Outposts and Outpost Retaliation Ships, if target has any state applied, V'ger Ilia increases your ship's Isolytic Cascade Damage by X (X at rank X) for 5 rounds.","+X Isolytic Cascade Dmg vs non-Armada Hostiles, Outposts and Outpost Ships on round start for 5 rounds if target has any state.","1.0, 1.0, 1.0, 1.0, 1.0","0.03, 0.05, 0.07, 0.1, 0.15",FALSE,TRUE,➖,"CombatBattleType, TargetStateAny",➖,"CombatBattleType, TargetStateAny",✴️,TargetStateAny,✴️,TargetStateAny,➖,"CombatBattleType, TargetStateAny",➖,"CombatBattleType, TargetStateAny",➖,"CombatBattleType, TargetStateAny",➖,"CombatBattleType, TargetStateAny",➖,"CombatBattleType, TargetStateAny",➖,"CombatBattleType, TargetStateAny",✴️,TargetStateAny,✴️,TargetStateAny,➖,IsolyticDamage,➖,IsolyticDamage,4068960433,3662990708,324,Epic,,Any State,TargetStateAny,1,1,1,1,1,0.03,0.05,0.07,0.1,0.15,,
557,V'GER ILIA,BDA,THE MOTION PICTURES,CritDamage,CombatBattleType,CombatStart,SelfShip,Add,"battle_types=[17, 18, 2, 5, 6, 9]","V'ger Ilia increases Critical Damage by X (X at rank X) against non-Armada Hostiles, Outposts and Outpost Retaliation Ships.","+X Critical Damage against non-Armada Hostiles, Outposts and Outpost Retaliation Ships.","1.0, 1.0, 1.0, 1.0, 1.0","0.4, 0.6, 0.8, 1.0, 1.2",FALSE,TRUE,➖,CombatBattleType,➖,CombatBattleType,✅,,✅,,➖,CombatBattleType,➖,CombatBattleType,➖,CombatBattleType,➖,CombatBattleType,➖,CombatBattleType,➖,CombatBattleType,✅,,✅,,➖,CritDamage,➖,CritDamage,2603365190,3662990708,324,Epic,,,,1,1,1,1,1,0.4,0.6,0.8,1,1.2,,
558,FCM DATA,CM,FIRST CONTACT MOVIE,ShotsPerAttack,"TargetNotSoloArmada, TargetIsArmada",RoundStart,SelfShip,MultiplyAdd,num_rounds=2,Increases Shots by X for 2 rounds on round start against Group Armadas.,Increases Shots by X for 2 rounds on round start against Group Armadas.,"1.0, 1.0, 1.0","0.4, 0.3, 0.8",FALSE,TRUE,➖,"TargetNotSoloArmada, TargetIsArmada",➖,"TargetNotSoloArmada, TargetIsArmada",➖,"TargetNotSoloArmada, TargetIsArmada",➖,"TargetNotSoloArmada, TargetIsArmada",➖,"TargetNotSoloArmada, TargetIsArmada",➖,"TargetNotSoloArmada, TargetIsArmada",➖,TargetNotSoloArmada,✅,,➖,"TargetNotSoloArmada, TargetIsArmada",➖,"TargetNotSoloArmada, TargetIsArmada",➖,"TargetNotSoloArmada, TargetIsArmada",➖,"TargetNotSoloArmada, TargetIsArmada",➖,ShotsPerAttack,➖,ShotsPerAttack,1610205778,3638382364,325,Epic,,,,1,1,1,,,0.4,0.3,0.8,,,,
559,FCM DATA,OA,FIRST CONTACT MOVIE,ArmadaLoot,,ShipLaunched,SelfShip,MultiplyAdd,,Increases base Loot gained from Armadas by X,Increases base Loot gained from Armadas by X,"1.0, 1.0, 1.0, 1.0, 1.0","0.4, 0.55, 0.8, 1.1, 1.5",FALSE,TRUE,➖,ArmadaLoot,➖,ArmadaLoot,➖,ArmadaLoot,➖,ArmadaLoot,➖,ArmadaLoot,➖,ArmadaLoot,✅,,✅,,➖,ArmadaLoot,✅,,✅,,➖,ArmadaLoot,✅,,➖,ArmadaLoot,1470259639,3638382364,325,Epic,,,,1,1,1,1,1,0.4,0.55,0.8,1.1,1.5,,
560,ZEPHRAM COCHRANE,OA,FIRST CONTACT MOVIE,IsolyticDamage,"TargetNotSoloArmada, TargetIsArmada",CombatStart,SelfShip,MultiplyAdd,,Increases Isolytic Cascade Damage by X against Group Armadas.,Increases Isolytic Cascade Damage by X against Group Armadas.,"1.0, 1.0, 1.0, 1.0, 1.0","0.7, 1.0, 1.4, 1.9, 2.5",FALSE,TRUE,➖,"TargetNotSoloArmada, TargetIsArmada",➖,"TargetNotSoloArmada, TargetIsArmada",➖,"TargetNotSoloArmada, TargetIsArmada",➖,"TargetNotSoloArmada, TargetIsArmada",➖,"TargetNotSoloArmada, TargetIsArmada",➖,"TargetNotSoloArmada, TargetIsArmada",➖,TargetNotSoloArmada,✅,,➖,"TargetNotSoloArmada, TargetIsArmada",➖,"TargetNotSoloArmada, TargetIsArmada",➖,"TargetNotSoloArmada, TargetIsArmada",➖,"TargetNotSoloArmada, TargetIsArmada",➖,IsolyticDamage,➖,IsolyticDamage,2582526682,766153048,326,Epic,,,,1,1,1,1,1,0.7,1,1.4,1.9,2.5,,
561,ZEPHRAM COCHRANE,BDA,FIRST CONTACT MOVIE,HullRepair,TargetIsArmada,RoundEnd,SelfShip,MultiplyAdd,,"On round start, repair X of hull damage taken in the previous round of combat against all Armadas.","On round start, repair X of hull damage taken in the previous round of combat against all Armadas.","1.0, 1.0, 1.0, 1.0, 1.0","0.05, 0.07, 0.12, 0.2, 0.3",FALSE,TRUE,➖,TargetIsArmada,➖,TargetIsArmada,➖,TargetIsArmada,➖,TargetIsArmada,➖,TargetIsArmada,➖,TargetIsArmada,✅,,✅,,➖,TargetIsArmada,➖,TargetIsArmada,➖,TargetIsArmada,➖,TargetIsArmada,➖,HullRepair,➖,HullRepair,1291773960,766153048,326,Epic,,,,1,1,1,1,1,0.05,0.07,0.12,0.2,0.3,,