{
  "id": "71958042",
  "hostile_name": "Hostile 71958042",
  "level": 81,
  "ship_class": "survey",
  "armor": 19650528537750.0,
  "shield_deflection": 19650528537750.0,
  "dodge": 869387020155.0,
  "hull_health": 3.66927036669102e+17,
  "shield_health": 3.66927036669102e+17,
  "shield_mitigation": 0.8,
  "apex_barrier": 0.0,
  "isolytic_defense": 0.0,
  "mitigation_floor": null,
  "mitigation_ceiling": null,
  "mystery_mitigation_factor": null,
  "loca_id": 87503,
  "faction": {
    "id": 669838839,
    "loca_id": 3
  },
  "upstream_ship_type": 1,
  "hull_type_raw": 5,
  "rarity": 4,
  "is_scout": false,
  "is_outpost": false,
  "strength": 367141748139978050,
  "systems": [
    1926742296,
    398207412,
    1789048829
  ],
  "xp_amount": 627500,
  "warp": 6000,
  "warp_with_superhighway": 6000,
  "stat_health": 3.66927036669102e+17,
  "stat_defense": 200852220478275.0,
  "stat_attack": 13859250397761.0,
  "dpr": 7683440867985.0,
  "stat_strength": 3.6714174813997805e+17,
  "accuracy": 686201058864.0,
  "armor_piercing": 686201058864.0,
  "shield_piercing": 686201058864.0,
  "crit_chance": 0.1,
  "crit_damage": 1.5,
  "components": [
    {
      "art_id": 5001,
      "build_cost": [],
      "build_time_in_seconds": 0,
      "data": {
        "abilities": [],
        "distance": 2,
        "speed": 2,
        "tag": "Warp"
      },
      "id": 635429245,
      "loca_id": 1,
      "order": -1,
      "repair_cost": [],
      "repair_time": -1,
      "scrap": []
    },
    {
      "art_id": 3001,
      "build_cost": [],
      "build_time_in_seconds": 0,
      "data": {
        "dodge": 869387020155,
        "impulse": 90,
        "tag": "Impulse"
      },
      "id": 1205027828,
      "loca_id": 1,
      "order": -1,
      "repair_cost": [],
      "repair_time": -1,
      "scrap": []
    },
    {
      "art_id": 3001,
      "build_cost": [],
      "build_time_in_seconds": 0,
      "data": {
        "absorption": 19650528537750,
        "hp": 366927036669102000,
        "mitigation": 0.8,
        "regen_time": 40,
        "tag": "Shield"
      },
      "id": 3573380844,
      "loca_id": 1,
      "order": -1,
      "repair_cost": [],
      "repair_time": -1,
      "scrap": []
    },
    {
      "art_id": 3001,
      "build_cost": [],
      "build_time_in_seconds": 0,
      "data": {
        "hp": 366927036669102000,
        "plating": 19650528537750,
        "tag": "Armor"
      },
      "id": 2640392884,
      "loca_id": 1,
      "order": -1,
      "repair_cost": [],
      "repair_time": -1,
      "scrap": []
    },
    {
      "art_id": 8000,
      "build_cost": [],
      "build_time_in_seconds": 0,
      "data": {
        "tag": "Sensor"
      },
      "id": 2821665303,
      "loca_id": 91002,
      "order": -1,
      "repair_cost": [],
      "repair_time": -1,
      "scrap": []
    },
    {
      "art_id": 9000,
      "build_cost": [],
      "build_time_in_seconds": 0,
      "data": {
        "deflection": 120,
        "tag": "Deflector"
      },
      "id": 409142410,
      "loca_id": 91003,
      "order": -1,
      "repair_cost": [],
      "repair_time": -1,
      "scrap": []
    },
    {
      "art_id": 6001,
      "build_cost": [],
      "build_time_in_seconds": 0,
      "data": {
        "max_resources": 0,
        "protected": 0,
        "tag": "Cargo"
      },
      "id": 2534309121,
      "loca_id": 1,
      "order": -1,
      "repair_cost": [],
      "repair_time": -1,
      "scrap": []
    },
    {
      "art_id": 1001,
      "build_cost": [],
      "build_time_in_seconds": 0,
      "data": {
        "accuracy": 686201058864,
        "cool_down": 1,
        "crit_chance": 0.1,
        "crit_modifier": 1.5,
        "maximum_damage": 1202625527163,
        "minimum_damage": 1024458782398,
        "modulation": 686201058864,
        "penetration": 686201058864,
        "shots": 1,
        "tag": "Weapon",
        "warm_up": 1,
        "weapon_type": 1
      },
      "id": 757411713,
      "loca_id": 1,
      "order": -1,
      "repair_cost": [],
      "repair_time": -1,
      "scrap": []
    },
    {
      "art_id": 1001,
      "build_cost": [],
      "build_time_in_seconds": 0,
      "data": {
        "accuracy": 686201058864,
        "cool_down": 1,
        "crit_chance": 0.1,
        "crit_modifier": 1.5,
        "maximum_damage": 1202625527163,
        "minimum_damage": 1024458782398,
        "modulation": 686201058864,
        "penetration": 686201058864,
        "shots": 1,
        "tag": "Weapon",
        "warm_up": 1,
        "weapon_type": 1
      },
      "id": 757411713,
      "loca_id": 1,
      "order": -1,
      "repair_cost": [],
      "repair_time": -1,
      "scrap": []
    },
    {
      "art_id": 1001,
      "build_cost": [],
      "build_time_in_seconds": 0,
      "data": {
        "accuracy": 686201058864,
        "cool_down": 1,
        "crit_chance": 0.1,
        "crit_modifier": 1.5,
        "maximum_damage": 1202625527163,
        "minimum_damage": 1024458782398,
        "modulation": 686201058864,
        "penetration": 686201058864,
        "shots": 1,
        "tag": "Weapon",
        "warm_up": 1,
        "weapon_type": 1
      },
      "id": 757411713,
      "loca_id": 1,
      "order": -1,
      "repair_cost": [],
      "repair_time": -1,
      "scrap": []
    },
    {
      "art_id": 1001,
      "build_cost": [],
      "build_time_in_seconds": 0,
      "data": {
        "accuracy": 686201058864,
        "cool_down": 1,
        "crit_chance": 0.1,
        "crit_modifier": 1.5,
        "maximum_damage": 1202625527163,
        "minimum_damage": 1024458782398,
        "modulation": 686201058864,
        "penetration": 686201058864,
        "shots": 1,
        "tag": "Weapon",
        "warm_up": 1,
        "weapon_type": 2
      },
      "id": 3300616361,
      "loca_id": 1,
      "order": -1,
      "repair_cost": [],
      "repair_time": -1,
      "scrap": []
    },
    {
      "art_id": 1001,
      "build_cost": [],
      "build_time_in_seconds": 0,
      "data": {
        "accuracy": 686201058864,
        "cool_down": 1,
        "crit_chance": 0.1,
        "crit_modifier": 1.5,
        "maximum_damage": 1202625527163,
        "minimum_damage": 1024458782398,
        "modulation": 686201058864,
        "penetration": 686201058864,
        "shots": 1,
        "tag": "Weapon",
        "warm_up": 1,
        "weapon_type": 2
      },
      "id": 3300616361,
      "loca_id": 1,
      "order": -1,
      "repair_cost": [],
      "repair_time": -1,
      "scrap": []
    },
    {
      "art_id": 1001,
      "build_cost": [],
      "build_time_in_seconds": 0,
      "data": {
        "accuracy": 686201058864,
        "cool_down": 1,
        "crit_chance": 0.1,
        "crit_modifier": 1.5,
        "maximum_damage": 1202625527163,
        "minimum_damage": 1024458782398,
        "modulation": 686201058864,
        "penetration": 686201058864,
        "shots": 1,
        "tag": "Weapon",
        "warm_up": 1,
        "weapon_type": 2
      },
      "id": 3300616361,
      "loca_id": 1,
      "order": -1,
      "repair_cost": [],
      "repair_time": -1,
      "scrap": []
    }
  ],
  "ability": [
    {
      "art_id": 299,
      "id": 4109424898,
      "loca_id": 87621,
      "show_percentage": true,
      "value_is_percentage": false,
      "value_type": true,
      "values": [
        {
          "chance": 1,
          "value": 885.4
        },
        {
          "chance": 1,
          "value": 885.4
        },
        {
          "chance": 1,
          "value": 885.4
        },
        {
          "chance": 1,
          "value": 885.4
        },
        {
          "chance": 1,
          "value": 885.4
        },
        {
          "chance": 1,
          "value": 885.4
        },
        {
          "chance": 1,
          "value": 885.4
        },
        {
          "chance": 1,
          "value": 885.4
        },
        {
          "chance": 1,
          "value": 885.4
        },
        {
          "chance": 1,